M,K,T_seq,T_par
100,100,.006331463,.732277236
500,500,.068369892,.397389551
1000,1000,.216140056,.551342159
2000,2000,.932160301,1.217766436
4000,4000,3.256035418,.444280839
8000,8000,11.934963452,.842153480
