# Solution for b = 0.00
 0.00000000   1.000000000000
 0.00250627   0.995272675894
 0.00501253   0.990562345845
 0.00751880   0.985868929992
 0.01002506   0.981192349137
 0.01253133   0.976532524732
 0.01503759   0.971889378877
 0.01754386   0.967262834310
 0.02005013   0.962652814401
 0.02255639   0.958059243147
 0.02506266   0.953482045162
 0.02756892   0.948921145673
 0.03007519   0.944376470514
 0.03258145   0.939847946118
 0.03508772   0.935335499510
 0.03759398   0.930839058303
 0.04010025   0.926358550691
 0.04260652   0.921893905444
 0.04511278   0.917445051898
 0.04761905   0.913011919955
 0.05012531   0.908594440073
 0.05263158   0.904192543260
 0.05513784   0.899806161074
 0.05764411   0.895435225609
 0.06015038   0.891079669495
 0.06265664   0.886739425894
 0.06516291   0.882414428487
 0.06766917   0.878104611478
 0.07017544   0.873809909583
 0.07268170   0.869530258026
 0.07518797   0.865265592533
 0.07769424   0.861015849330
 0.08020050   0.856780965135
 0.08270677   0.852560877156
 0.08521303   0.848355523082
 0.08771930   0.844164841081
 0.09022556   0.839988769797
 0.09273183   0.835827248340
 0.09523810   0.831680216287
 0.09774436   0.827547613675
 0.10025063   0.823429380994
 0.10275689   0.819325459188
 0.10526316   0.815235789645
 0.10776942   0.811160314199
 0.11027569   0.807098975118
 0.11278195   0.803051715106
 0.11528822   0.799018477297
 0.11779449   0.794999205249
 0.12030075   0.790993842943
 0.12280702   0.787002334776
 0.12531328   0.783024625559
 0.12781955   0.779060660513
 0.13032581   0.775110385265
 0.13283208   0.771173745842
 0.13533835   0.767250688670
 0.13784461   0.763341160570
 0.14035088   0.759445108752
 0.14285714   0.755562480815
 0.14536341   0.751693224738
 0.14786967   0.747837288883
 0.15037594   0.743994621986
 0.15288221   0.740165173157
 0.15538847   0.736348891875
 0.15789474   0.732545727984
 0.16040100   0.728755631691
 0.16290727   0.724978553562
 0.16541353   0.721214444520
 0.16791980   0.717463255838
 0.17042607   0.713724939141
 0.17293233   0.709999446399
 0.17543860   0.706286729925
 0.17794486   0.702586742372
 0.18045113   0.698899436730
 0.18295739   0.695224766323
 0.18546366   0.691562684806
 0.18796992   0.687913146161
 0.19047619   0.684276104697
 0.19298246   0.680651515042
 0.19548872   0.677039332145
 0.19799499   0.673439511272
 0.20050125   0.669852008002
 0.20300752   0.666276778224
 0.20551378   0.662713778135
 0.20802005   0.659162964240
 0.21052632   0.655624293343
 0.21303258   0.652097722550
 0.21553885   0.648583209264
 0.21804511   0.645080711184
 0.22055138   0.641590186299
 0.22305764   0.638111592891
 0.22556391   0.634644889524
 0.22807018   0.631190035053
 0.23057644   0.627746988611
 0.23308271   0.624315709612
 0.23558897   0.620896157748
 0.23809524   0.617488292986
 0.24060150   0.614092075566
 0.24310777   0.610707465997
 0.24561404   0.607334425057
 0.24812030   0.603972913792
 0.25062657   0.600622893509
 0.25313283   0.597284325776
 0.25563910   0.593957172423
 0.25814536   0.590641395535
 0.26065163   0.587336957453
 0.26315789   0.584043820771
 0.26566416   0.580761948331
 0.26817043   0.577491303227
 0.27067669   0.574231848798
 0.27318296   0.570983548628
 0.27568922   0.567746366543
 0.27819549   0.564520266610
 0.28070175   0.561305213134
 0.28320802   0.558101170658
 0.28571429   0.554908103958
 0.28822055   0.551725978043
 0.29072682   0.548554758154
 0.29323308   0.545394409760
 0.29573935   0.542244898557
 0.29824561   0.539106190468
 0.30075188   0.535978251636
 0.30325815   0.532861048431
 0.30576441   0.529754547437
 0.30827068   0.526658715461
 0.31077694   0.523573519523
 0.31328321   0.520498926861
 0.31578947   0.517434904922
 0.31829574   0.514381421369
 0.32080201   0.511338444071
 0.32330827   0.508305941105
 0.32581454   0.505283880758
 0.32832080   0.502272231518
 0.33082707   0.499270962077
 0.33333333   0.496280041330
 0.33583960   0.493299438371
 0.33834586   0.490329122492
 0.34085213   0.487369063183
 0.34335840   0.484419230127
 0.34586466   0.481479593205
 0.34837093   0.478550122487
 0.35087719   0.475630788235
 0.35338346   0.472721560900
 0.35588972   0.469822411121
 0.35839599   0.466933309725
 0.36090226   0.464054227722
 0.36340852   0.461185136308
 0.36591479   0.458326006859
 0.36842105   0.455476810933
 0.37092732   0.452637520268
 0.37343358   0.449808106781
 0.37593985   0.446988542563
 0.37844612   0.444178799883
 0.38095238   0.441378851184
 0.38345865   0.438588669082
 0.38596491   0.435808226363
 0.38847118   0.433037495986
 0.39097744   0.430276451077
 0.39348371   0.427525064932
 0.39598997   0.424783311011
 0.39849624   0.422051162942
 0.40100251   0.419328594516
 0.40350877   0.416615579687
 0.40601504   0.413912092570
 0.40852130   0.411218107444
 0.41102757   0.408533598743
 0.41353383   0.405858541063
 0.41604010   0.403192909154
 0.41854637   0.400536677926
 0.42105263   0.397889822440
 0.42355890   0.395252317913
 0.42606516   0.392624139714
 0.42857143   0.390005263364
 0.43107769   0.387395664535
 0.43358396   0.384795319048
 0.43609023   0.382204202871
 0.43859649   0.379622292122
 0.44110276   0.377049563063
 0.44360902   0.374485992103
 0.44611529   0.371931555794
 0.44862155   0.369386230832
 0.45112782   0.366849994056
 0.45363409   0.364322822445
 0.45614035   0.361804693117
 0.45864662   0.359295583333
 0.46115288   0.356795470490
 0.46365915   0.354304332122
 0.46616541   0.351822145900
 0.46867168   0.349348889631
 0.47117794   0.346884541256
 0.47368421   0.344429078850
 0.47619048   0.341982480620
 0.47869674   0.339544724907
 0.48120301   0.337115790180
 0.48370927   0.334695655039
 0.48621554   0.332284298214
 0.48872180   0.329881698563
 0.49122807   0.327487835072
 0.49373434   0.325102686851
 0.49624060   0.322726233138
 0.49874687   0.320358453297
 0.50125313   0.317999326812
 0.50375940   0.315648833294
 0.50626566   0.313306952476
 0.50877193   0.310973664210
 0.51127820   0.308648948471
 0.51378446   0.306332785353
 0.51629073   0.304025155070
 0.51879699   0.301726037955
 0.52130326   0.299435414456
 0.52380952   0.297153265140
 0.52631579   0.294879570691
 0.52882206   0.292614311905
 0.53132832   0.290357469696
 0.53383459   0.288109025090
 0.53634085   0.285868959227
 0.53884712   0.283637253358
 0.54135338   0.281413888848
 0.54385965   0.279198847171
 0.54636591   0.276992109912
 0.54887218   0.274793658766
 0.55137845   0.272603475535
 0.55388471   0.270421542132
 0.55639098   0.268247840576
 0.55889724   0.266082352992
 0.56140351   0.263925061612
 0.56390977   0.261775948773
 0.56641604   0.259634996919
 0.56892231   0.257502188595
 0.57142857   0.255377506451
 0.57393484   0.253260933239
 0.57644110   0.251152451816
 0.57894737   0.249052045137
 0.58145363   0.246959696260
 0.58395990   0.244875388343
 0.58646617   0.242799104644
 0.58897243   0.240730828518
 0.59147870   0.238670543422
 0.59398496   0.236618232908
 0.59649123   0.234573880627
 0.59899749   0.232537470326
 0.60150376   0.230508985848
 0.60401003   0.228488411132
 0.60651629   0.226475730212
 0.60902256   0.224470927217
 0.61152882   0.222473986368
 0.61403509   0.220484891980
 0.61654135   0.218503628463
 0.61904762   0.216530180315
 0.62155388   0.214564532130
 0.62406015   0.212606668590
 0.62656642   0.210656574469
 0.62907268   0.208714234630
 0.63157895   0.206779634027
 0.63408521   0.204852757701
 0.63659148   0.202933590784
 0.63909774   0.201022118493
 0.64160401   0.199118326135
 0.64411028   0.197222199103
 0.64661654   0.195333722875
 0.64912281   0.193452883018
 0.65162907   0.191579665182
 0.65413534   0.189714055102
 0.65664160   0.187856038598
 0.65914787   0.186005601575
 0.66165414   0.184162730021
 0.66416040   0.182327410005
 0.66666667   0.180499627682
 0.66917293   0.178679369285
 0.67167920   0.176866621133
 0.67418546   0.175061369624
 0.67669173   0.173263601236
 0.67919799   0.171473302528
 0.68170426   0.169690460139
 0.68421053   0.167915060789
 0.68671679   0.166147091273
 0.68922306   0.164386538469
 0.69172932   0.162633389329
 0.69423559   0.160887630886
 0.69674185   0.159149250248
 0.69924812   0.157418234601
 0.70175439   0.155694571208
 0.70426065   0.153978247406
 0.70676692   0.152269250608
 0.70927318   0.150567568305
 0.71177945   0.148873188058
 0.71428571   0.147186097508
 0.71679198   0.145506284364
 0.71929825   0.143833736414
 0.72180451   0.142168441515
 0.72431078   0.140510387599
 0.72681704   0.138859562670
 0.72932331   0.137215954805
 0.73182957   0.135579552151
 0.73433584   0.133950342926
 0.73684211   0.132328315422
 0.73934837   0.130713457997
 0.74185464   0.129105759084
 0.74436090   0.127505207182
 0.74686717   0.125911790862
 0.74937343   0.124325498762
 0.75187970   0.122746319590
 0.75438596   0.121174242123
 0.75689223   0.119609255205
 0.75939850   0.118051347748
 0.76190476   0.116500508732
 0.76441103   0.114956727202
 0.76691729   0.113419992272
 0.76942356   0.111890293122
 0.77192982   0.110367618997
 0.77443609   0.108851959209
 0.77694236   0.107343303133
 0.77944862   0.105841640213
 0.78195489   0.104346959954
 0.78446115   0.102859251927
 0.78696742   0.101378505768
 0.78947368   0.099904711175
 0.79197995   0.098437857910
 0.79448622   0.096977935800
 0.79699248   0.095524934732
 0.79949875   0.094078844657
 0.80200501   0.092639655590
 0.80451128   0.091207357604
 0.80701754   0.089781940838
 0.80952381   0.088363395489
 0.81203008   0.086951711817
 0.81453634   0.085546880142
 0.81704261   0.084148890845
 0.81954887   0.082757734368
 0.82205514   0.081373401210
 0.82456140   0.079995881934
 0.82706767   0.078625167159
 0.82957393   0.077261247564
 0.83208020   0.075904113888
 0.83458647   0.074553756927
 0.83709273   0.073210167538
 0.83959900   0.071873336632
 0.84210526   0.070543255181
 0.84461153   0.069219914214
 0.84711779   0.067903304817
 0.84962406   0.066593418132
 0.85213033   0.065290245360
 0.85463659   0.063993777756
 0.85714286   0.062704006634
 0.85964912   0.061420923361
 0.86215539   0.060144519363
 0.86466165   0.058874786118
 0.86716792   0.057611715164
 0.86967419   0.056355298089
 0.87218045   0.055105526540
 0.87468672   0.053862392215
 0.87719298   0.052625886869
 0.87969925   0.051396002311
 0.88220551   0.050172730402
 0.88471178   0.048956063058
 0.88721805   0.047745992249
 0.88972431   0.046542509997
 0.89223058   0.045345608378
 0.89473684   0.044155279520
 0.89724311   0.042971515604
 0.89974937   0.041794308863
 0.90225564   0.040623651583
 0.90476190   0.039459536101
 0.90726817   0.038301954806
 0.90977444   0.037150900138
 0.91228070   0.036006364589
 0.91478697   0.034868340702
 0.91729323   0.033736821071
 0.91979950   0.032611798341
 0.92230576   0.031493265206
 0.92481203   0.030381214411
 0.92731830   0.029275638752
 0.92982456   0.028176531075
 0.93233083   0.027083884273
 0.93483709   0.025997691291
 0.93734336   0.024917945123
 0.93984962   0.023844638812
 0.94235589   0.022777765450
 0.94486216   0.021717318177
 0.94736842   0.020663290181
 0.94987469   0.019615674702
 0.95238095   0.018574465023
 0.95488722   0.017539654480
 0.95739348   0.016511236453
 0.95989975   0.015489204371
 0.96240602   0.014473551712
 0.96491228   0.013464272000
 0.96741855   0.012461358804
 0.96992481   0.011464805745
 0.97243108   0.010474606485
 0.97493734   0.009490754738
 0.97744361   0.008513244261
 0.97994987   0.007542068859
 0.98245614   0.006577222382
 0.98496241   0.005618698726
 0.98746867   0.004666491834
 0.98997494   0.003720595693
 0.99248120   0.002781004338
 0.99498747   0.001847711848
 0.99749373   0.000920712345
 1.00000000   0.000000000000


# Solution for b = 0.10
 0.00000000   1.000000000000
 0.00250627   0.995470358387
 0.00501253   0.990957714188
 0.00751880   0.986461990871
 0.01002506   0.981983112537
 0.01253133   0.977521003906
 0.01503759   0.973075590317
 0.01754386   0.968646797717
 0.02005013   0.964234552659
 0.02255639   0.959838782291
 0.02506266   0.955459414352
 0.02756892   0.951096377168
 0.03007519   0.946749599642
 0.03258145   0.942419011248
 0.03508772   0.938104542031
 0.03759398   0.933806122594
 0.04010025   0.929523684097
 0.04260652   0.925257158247
 0.04511278   0.921006477297
 0.04761905   0.916771574040
 0.05012531   0.912552381798
 0.05263158   0.908348834423
 0.05513784   0.904160866289
 0.05764411   0.899988412286
 0.06015038   0.895831407819
 0.06265664   0.891689788795
 0.06516291   0.887563491625
 0.06766917   0.883452453218
 0.07017544   0.879356610972
 0.07268170   0.875275902773
 0.07518797   0.871210266990
 0.07769424   0.867159642466
 0.08020050   0.863123968521
 0.08270677   0.859103184940
 0.08521303   0.855097231972
 0.08771930   0.851106050325
 0.09022556   0.847129581161
 0.09273183   0.843167766092
 0.09523810   0.839220547176
 0.09774436   0.835287866913
 0.10025063   0.831369668238
 0.10275689   0.827465894520
 0.10526316   0.823576489558
 0.10776942   0.819701397574
 0.11027569   0.815840563210
 0.11278195   0.811993931527
 0.11528822   0.808161447996
 0.11779449   0.804343058500
 0.12030075   0.800538709323
 0.12280702   0.796748347152
 0.12531328   0.792971919072
 0.12781955   0.789209372562
 0.13032581   0.785460655488
 0.13283208   0.781725716105
 0.13533835   0.778004503051
 0.13784461   0.774296965340
 0.14035088   0.770603052366
 0.14285714   0.766922713891
 0.14536341   0.763255900050
 0.14786967   0.759602561340
 0.15037594   0.755962648622
 0.15288221   0.752336113114
 0.15538847   0.748722906393
 0.15789474   0.745122980384
 0.16040100   0.741536287365
 0.16290727   0.737962779957
 0.16541353   0.734402411125
 0.16791980   0.730855134174
 0.17042607   0.727320902746
 0.17293233   0.723799670816
 0.17543860   0.720291392690
 0.17794486   0.716796023002
 0.18045113   0.713313516711
 0.18295739   0.709843829098
 0.18546366   0.706386915763
 0.18796992   0.702942732623
 0.19047619   0.699511235907
 0.19298246   0.696092382157
 0.19548872   0.692686128222
 0.19799499   0.689292431257
 0.20050125   0.685911248719
 0.20300752   0.682542538365
 0.20551378   0.679186258253
 0.20802005   0.675842366730
 0.21052632   0.672510822442
 0.21303258   0.669191584320
 0.21553885   0.665884611586
 0.21804511   0.662589863744
 0.22055138   0.659307300583
 0.22305764   0.656036882172
 0.22556391   0.652778568856
 0.22807018   0.649532321258
 0.23057644   0.646298100273
 0.23308271   0.643075867067
 0.23558897   0.639865583074
 0.23809524   0.636667209995
 0.24060150   0.633480709796
 0.24310777   0.630306044703
 0.24561404   0.627143177205
 0.24812030   0.623992070045
 0.25062657   0.620852686223
 0.25313283   0.617724988993
 0.25563910   0.614608941860
 0.25814536   0.611504508578
 0.26065163   0.608411653149
 0.26315789   0.605330339818
 0.26566416   0.602260533076
 0.26817043   0.599202197655
 0.27067669   0.596155298523
 0.27318296   0.593119800889
 0.27568922   0.590095670197
 0.27819549   0.587082872122
 0.28070175   0.584081372573
 0.28320802   0.581091137689
 0.28571429   0.578112133835
 0.28822055   0.575144327605
 0.29072682   0.572187685814
 0.29323308   0.569242175503
 0.29573935   0.566307763931
 0.29824561   0.563384418578
 0.30075188   0.560472107141
 0.30325815   0.557570797531
 0.30576441   0.554680457877
 0.30827068   0.551801056515
 0.31077694   0.548932561997
 0.31328321   0.546074943080
 0.31578947   0.543228168730
 0.31829574   0.540392208120
 0.32080201   0.537567030624
 0.32330827   0.534752605823
 0.32581454   0.531948903495
 0.32832080   0.529155893620
 0.33082707   0.526373546376
 0.33333333   0.523601832136
 0.33583960   0.520840721470
 0.33834586   0.518090185140
 0.34085213   0.515350194101
 0.34335840   0.512620719499
 0.34586466   0.509901732668
 0.34837093   0.507193205131
 0.35087719   0.504495108597
 0.35338346   0.501807414959
 0.35588972   0.499130096296
 0.35839599   0.496463124867
 0.36090226   0.493806473114
 0.36340852   0.491160113656
 0.36591479   0.488524019293
 0.36842105   0.485898163001
 0.37092732   0.483282517930
 0.37343358   0.480677057408
 0.37593985   0.478081754932
 0.37844612   0.475496584174
 0.38095238   0.472921518976
 0.38345865   0.470356533348
 0.38596491   0.467801601469
 0.38847118   0.465256697686
 0.39097744   0.462721796510
 0.39348371   0.460196872618
 0.39598997   0.457681900850
 0.39849624   0.455176856207
 0.40100251   0.452681713853
 0.40350877   0.450196449111
 0.40601504   0.447721037463
 0.40852130   0.445255454548
 0.41102757   0.442799676164
 0.41353383   0.440353678260
 0.41604010   0.437917436945
 0.41854637   0.435490928476
 0.42105263   0.433074129266
 0.42355890   0.430667015878
 0.42606516   0.428269565025
 0.42857143   0.425881753570
 0.43107769   0.423503558521
 0.43358396   0.421134957038
 0.43609023   0.418775926423
 0.43859649   0.416426444125
 0.44110276   0.414086487736
 0.44360902   0.411756034993
 0.44611529   0.409435063774
 0.44862155   0.407123552097
 0.45112782   0.404821478122
 0.45363409   0.402528820147
 0.45614035   0.400245556610
 0.45864662   0.397971666085
 0.46115288   0.395707127283
 0.46365915   0.393451919050
 0.46616541   0.391206020369
 0.46867168   0.388969410353
 0.47117794   0.386742068251
 0.47368421   0.384523973443
 0.47619048   0.382315105441
 0.47869674   0.380115443885
 0.48120301   0.377924968548
 0.48370927   0.375743659328
 0.48621554   0.373571496255
 0.48872180   0.371408459481
 0.49122807   0.369254529288
 0.49373434   0.367109686083
 0.49624060   0.364973910395
 0.49874687   0.362847182879
 0.50125313   0.360729484313
 0.50375940   0.358620795596
 0.50626566   0.356521097749
 0.50877193   0.354430371914
 0.51127820   0.352348599352
 0.51378446   0.350275761445
 0.51629073   0.348211839690
 0.51879699   0.346156815706
 0.52130326   0.344110671224
 0.52380952   0.342073388096
 0.52631579   0.340044948286
 0.52882206   0.338025333875
 0.53132832   0.336014527056
 0.53383459   0.334012510137
 0.53634085   0.332019265538
 0.53884712   0.330034775791
 0.54135338   0.328059023539
 0.54385965   0.326091991536
 0.54636591   0.324133662646
 0.54887218   0.322184019842
 0.55137845   0.320243046205
 0.55388471   0.318310724926
 0.55639098   0.316387039301
 0.55889724   0.314471972734
 0.56140351   0.312565508735
 0.56390977   0.310667630918
 0.56641604   0.308778323004
 0.56892231   0.306897568817
 0.57142857   0.305025352283
 0.57393484   0.303161657435
 0.57644110   0.301306468405
 0.57894737   0.299459769427
 0.58145363   0.297621544837
 0.58395990   0.295791779073
 0.58646617   0.293970456669
 0.58897243   0.292157562263
 0.59147870   0.290353080589
 0.59398496   0.288556996479
 0.59649123   0.286769294865
 0.59899749   0.284989960775
 0.60150376   0.283218979333
 0.60401003   0.281456335761
 0.60651629   0.279702015373
 0.60902256   0.277956003581
 0.61152882   0.276218285892
 0.61403509   0.274488847905
 0.61654135   0.272767675312
 0.61904762   0.271054753900
 0.62155388   0.269350069548
 0.62406015   0.267653608225
 0.62656642   0.265965355994
 0.62907268   0.264285299007
 0.63157895   0.262613423507
 0.63408521   0.260949715827
 0.63659148   0.259294162390
 0.63909774   0.257646749707
 0.64160401   0.256007464377
 0.64411028   0.254376293089
 0.64661654   0.252753222618
 0.64912281   0.251138239827
 0.65162907   0.249531331663
 0.65413534   0.247932485164
 0.65664160   0.246341687449
 0.65914787   0.244758925724
 0.66165414   0.243184187282
 0.66416040   0.241617459496
 0.66666667   0.240058729827
 0.66917293   0.238507985817
 0.67167920   0.236965215091
 0.67418546   0.235430405359
 0.67669173   0.233903544412
 0.67919799   0.232384620121
 0.68170426   0.230873620441
 0.68421053   0.229370533407
 0.68671679   0.227875347133
 0.68922306   0.226388049817
 0.69172932   0.224908629733
 0.69423559   0.223437075236
 0.69674185   0.221973374760
 0.69924812   0.220517516817
 0.70175439   0.219069489999
 0.70426065   0.217629282973
 0.70676692   0.216196884486
 0.70927318   0.214772283361
 0.71177945   0.213355468497
 0.71428571   0.211946428870
 0.71679198   0.210545153533
 0.71929825   0.209151631614
 0.72180451   0.207765852315
 0.72431078   0.206387804913
 0.72681704   0.205017478763
 0.72932331   0.203654863289
 0.73182957   0.202299947993
 0.73433584   0.200952722448
 0.73684211   0.199613176302
 0.73934837   0.198281299274
 0.74185464   0.196957081158
 0.74436090   0.195640511817
 0.74686717   0.194331581188
 0.74937343   0.193030279280
 0.75187970   0.191736596170
 0.75438596   0.190450522010
 0.75689223   0.189172047020
 0.75939850   0.187901161490
 0.76190476   0.186637855782
 0.76441103   0.185382120326
 0.76691729   0.184133945622
 0.76942356   0.182893322237
 0.77192982   0.181660240811
 0.77443609   0.180434692048
 0.77694236   0.179216666723
 0.77944862   0.178006155678
 0.78195489   0.176803149821
 0.78446115   0.175607640130
 0.78696742   0.174419617648
 0.78947368   0.173239073485
 0.79197995   0.172065998818
 0.79448622   0.170900384890
 0.79699248   0.169742223010
 0.79949875   0.168591504551
 0.80200501   0.167448220955
 0.80451128   0.166312363724
 0.80701754   0.165183924429
 0.80952381   0.164062894704
 0.81203008   0.162949266247
 0.81453634   0.161843030820
 0.81704261   0.160744180250
 0.81954887   0.159652706425
 0.82205514   0.158568601300
 0.82456140   0.157491856889
 0.82706767   0.156422465272
 0.82957393   0.155360418589
 0.83208020   0.154305709044
 0.83458647   0.153258328902
 0.83709273   0.152218270492
 0.83959900   0.151185526201
 0.84210526   0.150160088480
 0.84461153   0.149141949841
 0.84711779   0.148131102855
 0.84962406   0.147127540156
 0.85213033   0.146131254437
 0.85463659   0.145142238452
 0.85714286   0.144160485014
 0.85964912   0.143185986998
 0.86215539   0.142218737335
 0.86466165   0.141258729018
 0.86716792   0.140305955099
 0.86967419   0.139360408689
 0.87218045   0.138422082956
 0.87468672   0.137490971129
 0.87719298   0.136567066493
 0.87969925   0.135650362393
 0.88220551   0.134740852232
 0.88471178   0.133838529469
 0.88721805   0.132943387621
 0.88972431   0.132055420265
 0.89223058   0.131174621031
 0.89473684   0.130300983608
 0.89724311   0.129434501744
 0.89974937   0.128575169240
 0.90225564   0.127722979955
 0.90476190   0.126877927805
 0.90726817   0.126040006761
 0.90977444   0.125209210849
 0.91228070   0.124385534153
 0.91478697   0.123568970812
 0.91729323   0.122759515018
 0.91979950   0.121957161022
 0.92230576   0.121161903128
 0.92481203   0.120373735693
 0.92731830   0.119592653133
 0.92982456   0.118818649915
 0.93233083   0.118051720562
 0.93483709   0.117291859652
 0.93734336   0.116539061814
 0.93984962   0.115793321734
 0.94235589   0.115054634150
 0.94486216   0.114322993856
 0.94736842   0.113598395696
 0.94987469   0.112880834570
 0.95238095   0.112170305430
 0.95488722   0.111466803282
 0.95739348   0.110770323183
 0.95989975   0.110080860245
 0.96240602   0.109398409631
 0.96491228   0.108722966558
 0.96741855   0.108054526293
 0.96992481   0.107393084157
 0.97243108   0.106738635524
 0.97493734   0.106091175817
 0.97744361   0.105450700513
 0.97994987   0.104817205140
 0.98245614   0.104190685278
 0.98496241   0.103571136557
 0.98746867   0.102958554661
 0.98997494   0.102352935322
 0.99248120   0.101754274326
 0.99498747   0.101162567507
 0.99749373   0.100577810753
 1.00000000   0.100000000000


# Solution for b = 0.20
 0.00000000   1.000000000000
 0.00250627   0.995666232385
 0.00501253   0.991349465512
 0.00751880   0.987049626149
 0.01002506   0.982766641667
 0.01253133   0.978500440031
 0.01503759   0.974250949795
 0.01754386   0.970018100092
 0.02005013   0.965801820636
 0.02255639   0.961602041708
 0.02506266   0.957418694155
 0.02756892   0.953251709382
 0.03007519   0.949101019347
 0.03258145   0.944966556555
 0.03508772   0.940848254054
 0.03759398   0.936746045428
 0.04010025   0.932659864790
 0.04260652   0.928589646781
 0.04511278   0.924535326562
 0.04761905   0.920496839808
 0.05012531   0.916474122704
 0.05263158   0.912467111941
 0.05513784   0.908475744709
 0.05764411   0.904499958693
 0.06015038   0.900539692068
 0.06265664   0.896594883495
 0.06516291   0.892665472114
 0.06766917   0.888751397542
 0.07017544   0.884852599867
 0.07268170   0.880969019643
 0.07518797   0.877100597885
 0.07769424   0.873247276069
 0.08020050   0.869408996120
 0.08270677   0.865585700414
 0.08521303   0.861777331772
 0.08771930   0.857983833452
 0.09022556   0.854205149153
 0.09273183   0.850441223000
 0.09523810   0.846691999550
 0.09774436   0.842957423783
 0.10025063   0.839237441096
 0.10275689   0.835531997305
 0.10526316   0.831841038637
 0.10776942   0.828164511725
 0.11027569   0.824502363608
 0.11278195   0.820854541726
 0.11528822   0.817220993912
 0.11779449   0.813601668396
 0.12030075   0.809996513796
 0.12280702   0.806405479115
 0.12531328   0.802828513738
 0.12781955   0.799265567430
 0.13032581   0.795716590331
 0.13283208   0.792181532951
 0.13533835   0.788660346171
 0.13784461   0.785152981235
 0.14035088   0.781659389750
 0.14285714   0.778179523680
 0.14536341   0.774713335347
 0.14786967   0.771260777421
 0.15037594   0.767821802925
 0.15288221   0.764396365225
 0.15538847   0.760984418031
 0.15789474   0.757585915393
 0.16040100   0.754200811696
 0.16290727   0.750829061661
 0.16541353   0.747470620337
 0.16791980   0.744125443104
 0.17042607   0.740793485663
 0.17293233   0.737474704042
 0.17543860   0.734169054583
 0.17794486   0.730876493949
 0.18045113   0.727596979115
 0.18295739   0.724330467366
 0.18546366   0.721076916298
 0.18796992   0.717836283809
 0.19047619   0.714608528104
 0.19298246   0.711393607686
 0.19548872   0.708191481356
 0.19799499   0.705002108213
 0.20050125   0.701825447646
 0.20300752   0.698661459335
 0.20551378   0.695510103249
 0.20802005   0.692371339641
 0.21052632   0.689245129049
 0.21303258   0.686131432290
 0.21553885   0.683030210461
 0.21804511   0.679941424934
 0.22055138   0.676865037355
 0.22305764   0.673801009642
 0.22556391   0.670749303981
 0.22807018   0.667709882827
 0.23057644   0.664682708897
 0.23308271   0.661667745174
 0.23558897   0.658664954900
 0.23809524   0.655674301575
 0.24060150   0.652695748956
 0.24310777   0.649729261053
 0.24561404   0.646774802130
 0.24812030   0.643832336700
 0.25062657   0.640901829524
 0.25313283   0.637983245610
 0.25563910   0.635076550210
 0.25814536   0.632181708816
 0.26065163   0.629298687164
 0.26315789   0.626427451225
 0.26566416   0.623567967209
 0.26817043   0.620720201558
 0.27067669   0.617884120950
 0.27318296   0.615059692291
 0.27568922   0.612246882718
 0.27819549   0.609445659593
 0.28070175   0.606655990507
 0.28320802   0.603877843271
 0.28571429   0.601111185922
 0.28822055   0.598355986714
 0.29072682   0.595612214120
 0.29323308   0.592879836833
 0.29573935   0.590158823758
 0.29824561   0.587449144015
 0.30075188   0.584750766935
 0.30325815   0.582063662062
 0.30576441   0.579387799145
 0.30827068   0.576723148143
 0.31077694   0.574069679220
 0.31328321   0.571427362744
 0.31578947   0.568796169285
 0.31829574   0.566176069615
 0.32080201   0.563567034705
 0.32330827   0.560969035724
 0.32581454   0.558382044038
 0.32832080   0.555806031208
 0.33082707   0.553240968989
 0.33333333   0.550686829327
 0.33583960   0.548143584361
 0.33834586   0.545611206417
 0.34085213   0.543089668011
 0.34335840   0.540578941845
 0.34586466   0.538079000807
 0.34837093   0.535589817967
 0.35087719   0.533111366580
 0.35338346   0.530643620081
 0.35588972   0.528186552087
 0.35839599   0.525740136390
 0.36090226   0.523304346964
 0.36340852   0.520879157956
 0.36591479   0.518464543688
 0.36842105   0.516060478659
 0.37092732   0.513666937538
 0.37343358   0.511283895164
 0.37593985   0.508911326549
 0.37844612   0.506549206873
 0.38095238   0.504197511482
 0.38345865   0.501856215891
 0.38596491   0.499525295780
 0.38847118   0.497204726991
 0.39097744   0.494894485532
 0.39348371   0.492594547572
 0.39598997   0.490304889440
 0.39849624   0.488025487626
 0.40100251   0.485756318779
 0.40350877   0.483497359704
 0.40601504   0.481248587363
 0.40852130   0.479009978875
 0.41102757   0.476781511513
 0.41353383   0.474563162701
 0.41604010   0.472354910019
 0.41854637   0.470156731197
 0.42105263   0.467968604114
 0.42355890   0.465790506799
 0.42606516   0.463622417432
 0.42857143   0.461464314337
 0.43107769   0.459316175985
 0.43358396   0.457177980995
 0.43609023   0.455049708128
 0.43859649   0.452931336289
 0.44110276   0.450822844527
 0.44360902   0.448724212031
 0.44611529   0.446635418132
 0.44862155   0.444556442301
 0.45112782   0.442487264147
 0.45363409   0.440427863417
 0.45614035   0.438378219998
 0.45864662   0.436338313911
 0.46115288   0.434308125312
 0.46365915   0.432287634493
 0.46616541   0.430276821879
 0.46867168   0.428275668030
 0.47117794   0.426284153635
 0.47368421   0.424302259516
 0.47619048   0.422329966627
 0.47869674   0.420367256049
 0.48120301   0.418414108993
 0.48370927   0.416470506798
 0.48621554   0.414536430932
 0.48872180   0.412611862986
 0.49122807   0.410696784681
 0.49373434   0.408791177860
 0.49624060   0.406895024491
 0.49874687   0.405008306666
 0.50125313   0.403131006599
 0.50375940   0.401263106628
 0.50626566   0.399404589209
 0.50877193   0.397555436922
 0.51127820   0.395715632465
 0.51378446   0.393885158656
 0.51629073   0.392063998430
 0.51879699   0.390252134842
 0.52130326   0.388449551062
 0.52380952   0.386656230378
 0.52631579   0.384872156193
 0.52882206   0.383097312025
 0.53132832   0.381331681507
 0.53383459   0.379575248385
 0.53634085   0.377827996519
 0.53884712   0.376089909881
 0.54135338   0.374360972555
 0.54385965   0.372641168735
 0.54636591   0.370930482727
 0.54887218   0.369228898948
 0.55137845   0.367536401921
 0.55388471   0.365852976281
 0.55639098   0.364178606769
 0.55889724   0.362513278235
 0.56140351   0.360856975634
 0.56390977   0.359209684031
 0.56641604   0.357571388592
 0.56892231   0.355942074592
 0.57142857   0.354321727409
 0.57393484   0.352710332526
 0.57644110   0.351107875528
 0.57894737   0.349514342104
 0.58145363   0.347929718045
 0.58395990   0.346353989245
 0.58646617   0.344787141698
 0.58897243   0.343229161500
 0.59147870   0.341680034845
 0.59398496   0.340139748030
 0.59649123   0.338608287448
 0.59899749   0.337085639594
 0.60150376   0.335571791058
 0.60401003   0.334066728530
 0.60651629   0.332570438797
 0.60902256   0.331082908740
 0.61152882   0.329604125341
 0.61403509   0.328134075673
 0.61654135   0.326672746908
 0.61904762   0.325220126310
 0.62155388   0.323776201239
 0.62406015   0.322340959149
 0.62656642   0.320914387585
 0.62907268   0.319496474188
 0.63157895   0.318087206690
 0.63408521   0.316686572915
 0.63659148   0.315294560779
 0.63909774   0.313911158288
 0.64160401   0.312536353541
 0.64411028   0.311170134725
 0.64661654   0.309812490117
 0.64912281   0.308463408086
 0.65162907   0.307122877087
 0.65413534   0.305790885665
 0.65664160   0.304467422452
 0.65914787   0.303152476170
 0.66165414   0.301846035627
 0.66416040   0.300548089717
 0.66666667   0.299258627422
 0.66917293   0.297977637809
 0.67167920   0.296705110033
 0.67418546   0.295441033332
 0.67669173   0.294185397031
 0.67919799   0.292938190537
 0.68170426   0.291699403343
 0.68421053   0.290469025027
 0.68671679   0.289247045248
 0.68922306   0.288033453749
 0.69172932   0.286828240358
 0.69423559   0.285631394983
 0.69674185   0.284442907614
 0.69924812   0.283262768324
 0.70175439   0.282090967266
 0.70426065   0.280927494677
 0.70676692   0.279772340871
 0.70927318   0.278625496244
 0.71177945   0.277486951273
 0.71428571   0.276356696514
 0.71679198   0.275234722601
 0.71929825   0.274121020249
 0.72180451   0.273015580251
 0.72431078   0.271918393479
 0.72681704   0.270829450882
 0.72932331   0.269748743487
 0.73182957   0.268676262400
 0.73433584   0.267611998802
 0.73684211   0.266555943953
 0.73934837   0.265508089189
 0.74185464   0.264468425921
 0.74436090   0.263436945637
 0.74686717   0.262413639901
 0.74937343   0.261398500353
 0.75187970   0.260391518706
 0.75438596   0.259392686750
 0.75689223   0.258401996350
 0.75939850   0.257419439442
 0.76190476   0.256445008039
 0.76441103   0.255478694228
 0.76691729   0.254520490168
 0.76942356   0.253570388092
 0.77192982   0.252628380306
 0.77443609   0.251694459188
 0.77694236   0.250768617190
 0.77944862   0.249850846836
 0.78195489   0.248941140720
 0.78446115   0.248039491510
 0.78696742   0.247145891945
 0.78947368   0.246260334834
 0.79197995   0.245382813060
 0.79448622   0.244513319573
 0.79699248   0.243651847396
 0.79949875   0.242798389622
 0.80200501   0.241952939414
 0.80451128   0.241115490005
 0.80701754   0.240286034698
 0.80952381   0.239464566864
 0.81203008   0.238651079944
 0.81453634   0.237845567449
 0.81704261   0.237048022958
 0.81954887   0.236258440119
 0.82205514   0.235476812647
 0.82456140   0.234703134327
 0.82706767   0.233937399011
 0.82957393   0.233179600620
 0.83208020   0.232429733141
 0.83458647   0.231687790629
 0.83709273   0.230953767206
 0.83959900   0.230227657062
 0.84210526   0.229509454452
 0.84461153   0.228799153701
 0.84711779   0.228096749196
 0.84962406   0.227402235394
 0.85213033   0.226715606816
 0.85463659   0.226036858050
 0.85714286   0.225365983749
 0.85964912   0.224702978632
 0.86215539   0.224047837484
 0.86466165   0.223400555155
 0.86716792   0.222761126558
 0.86967419   0.222129546674
 0.87218045   0.221505810548
 0.87468672   0.220889913287
 0.87719298   0.220281850067
 0.87969925   0.219681616124
 0.88220551   0.219089206761
 0.88471178   0.218504617344
 0.88721805   0.217927843302
 0.88972431   0.217358880129
 0.89223058   0.216797723383
 0.89473684   0.216244368683
 0.89724311   0.215698811715
 0.89974937   0.215161048224
 0.90225564   0.214631074021
 0.90476190   0.214108884979
 0.90726817   0.213594477034
 0.90977444   0.213087846183
 0.91228070   0.212588988489
 0.91478697   0.212097900073
 0.91729323   0.211614577122
 0.91979950   0.211139015884
 0.92230576   0.210671212667
 0.92481203   0.210211163844
 0.92731830   0.209758865848
 0.92982456   0.209314315175
 0.93233083   0.208877508380
 0.93483709   0.208448442082
 0.93734336   0.208027112960
 0.93984962   0.207613517756
 0.94235589   0.207207653271
 0.94486216   0.206809516368
 0.94736842   0.206419103972
 0.94987469   0.206036413066
 0.95238095   0.205661440697
 0.95488722   0.205294183971
 0.95739348   0.204934640055
 0.95989975   0.204582806176
 0.96240602   0.204238679622
 0.96491228   0.203902257742
 0.96741855   0.203573537942
 0.96992481   0.203252517694
 0.97243108   0.202939194524
 0.97493734   0.202633566021
 0.97744361   0.202335629835
 0.97994987   0.202045383674
 0.98245614   0.201762825306
 0.98496241   0.201487952559
 0.98746867   0.201220763320
 0.98997494   0.200961255538
 0.99248120   0.200709427219
 0.99498747   0.200465276429
 0.99749373   0.200228801294
 1.00000000   0.200000000000


# Solution for b = 0.30
 0.00000000   1.000000000000
 0.00250627   0.995860237937
 0.00501253   0.991737479910
 0.00751880   0.987631655962
 0.01002506   0.983542696705
 0.01253133   0.979470533321
 0.01503759   0.975415097554
 0.01754386   0.971376321702
 0.02005013   0.967354138616
 0.02255639   0.963348481690
 0.02506266   0.959359284858
 0.02756892   0.955386482588
 0.03007519   0.951430009876
 0.03258145   0.947489802243
 0.03508772   0.943565795727
 0.03759398   0.939657926878
 0.04010025   0.935766132756
 0.04260652   0.931890350922
 0.04511278   0.928030519436
 0.04761905   0.924186576851
 0.05012531   0.920358462208
 0.05263158   0.916546115031
 0.05513784   0.912749475323
 0.05764411   0.908968483562
 0.06015038   0.905203080694
 0.06265664   0.901453208131
 0.06516291   0.897718807746
 0.06766917   0.893999821866
 0.07017544   0.890296193271
 0.07268170   0.886607865188
 0.07518797   0.882934781289
 0.07769424   0.879276885682
 0.08020050   0.875634122911
 0.08270677   0.872006437952
 0.08521303   0.868393776205
 0.08771930   0.864796083495
 0.09022556   0.861213306063
 0.09273183   0.857645390568
 0.09523810   0.854092284078
 0.09774436   0.850553934067
 0.10025063   0.847030288414
 0.10275689   0.843521295397
 0.10526316   0.840026903691
 0.10776942   0.836547062361
 0.11027569   0.833081720861
 0.11278195   0.829630829033
 0.11528822   0.826194337098
 0.11779449   0.822772195654
 0.12030075   0.819364355677
 0.12280702   0.815970768512
 0.12531328   0.812591385873
 0.12781955   0.809226159838
 0.13032581   0.805875042847
 0.13283208   0.802537987698
 0.13533835   0.799214947543
 0.13784461   0.795905875888
 0.14035088   0.792610726585
 0.14285714   0.789329453835
 0.14536341   0.786062012178
 0.14786967   0.782808356497
 0.15037594   0.779568442008
 0.15288221   0.776342224264
 0.15538847   0.773129659146
 0.15789474   0.769930702866
 0.16040100   0.766745311958
 0.16290727   0.763573443281
 0.16541353   0.760415054010
 0.16791980   0.757270101641
 0.17042607   0.754138543980
 0.17293233   0.751020339147
 0.17543860   0.747915445571
 0.17794486   0.744823821983
 0.18045113   0.741745427423
 0.18295739   0.738680221229
 0.18546366   0.735628163037
 0.18796992   0.732589212779
 0.19047619   0.729563330682
 0.19298246   0.726550477263
 0.19548872   0.723550613327
 0.19799499   0.720563699965
 0.20050125   0.717589698554
 0.20300752   0.714628570749
 0.20551378   0.711680278487
 0.20802005   0.708744783980
 0.21052632   0.705822049716
 0.21303258   0.702912038454
 0.21553885   0.700014713224
 0.21804511   0.697130037322
 0.22055138   0.694257974314
 0.22305764   0.691398488024
 0.22556391   0.688551542543
 0.22807018   0.685717102216
 0.23057644   0.682895131650
 0.23308271   0.680085595704
 0.23558897   0.677288459492
 0.23809524   0.674503688379
 0.24060150   0.671731247977
 0.24310777   0.668971104149
 0.24561404   0.666223223001
 0.24812030   0.663487570883
 0.25062657   0.660764114385
 0.25313283   0.658052820338
 0.25563910   0.655353655812
 0.25814536   0.652666588111
 0.26065163   0.649991584772
 0.26315789   0.647328613568
 0.26566416   0.644677642499
 0.26817043   0.642038639796
 0.27067669   0.639411573914
 0.27318296   0.636796413538
 0.27568922   0.634193127571
 0.27819549   0.631601685143
 0.28070175   0.629022055600
 0.28320802   0.626454208510
 0.28571429   0.623898113655
 0.28822055   0.621353741033
 0.29072682   0.618821060857
 0.29323308   0.616300043552
 0.29573935   0.613790659751
 0.29824561   0.611292880298
 0.30075188   0.608806676244
 0.30325815   0.606332018846
 0.30576441   0.603868879566
 0.30827068   0.601417230067
 0.31077694   0.598977042215
 0.31328321   0.596548288075
 0.31578947   0.594130939912
 0.31829574   0.591724970185
 0.32080201   0.589330351553
 0.32330827   0.586947056866
 0.32581454   0.584575059167
 0.32832080   0.582214331692
 0.33082707   0.579864847866
 0.33333333   0.577526581303
 0.33583960   0.575199505806
 0.33834586   0.572883595361
 0.34085213   0.570578824142
 0.34335840   0.568285166504
 0.34586466   0.566002596986
 0.34837093   0.563731090307
 0.35087719   0.561470621366
 0.35338346   0.559221165242
 0.35588972   0.556982697188
 0.35839599   0.554755192637
 0.36090226   0.552538627193
 0.36340852   0.550332976636
 0.36591479   0.548138216919
 0.36842105   0.545954324165
 0.37092732   0.543781274667
 0.37343358   0.541619044888
 0.37593985   0.539467611458
 0.37844612   0.537326951175
 0.38095238   0.535197041002
 0.38345865   0.533077858065
 0.38596491   0.530969379657
 0.38847118   0.528871583231
 0.39097744   0.526784446400
 0.39348371   0.524707946942
 0.39598997   0.522642062789
 0.39849624   0.520586772035
 0.40100251   0.518542052929
 0.40350877   0.516507883878
 0.40601504   0.514484243442
 0.40852130   0.512471110336
 0.41102757   0.510468463430
 0.41353383   0.508476281744
 0.41604010   0.506494544451
 0.41854637   0.504523230872
 0.42105263   0.502562320479
 0.42355890   0.500611792893
 0.42606516   0.498671627881
 0.42857143   0.496741805358
 0.43107769   0.494822305384
 0.43358396   0.492913108163
 0.43609023   0.491014194045
 0.43859649   0.489125543520
 0.44110276   0.487247137224
 0.44360902   0.485378955930
 0.44611529   0.483520980556
 0.44862155   0.481673192155
 0.45112782   0.479835571922
 0.45363409   0.478008101189
 0.45614035   0.476190761425
 0.45864662   0.474383534235
 0.46115288   0.472586401359
 0.46365915   0.470799344674
 0.46616541   0.469022346188
 0.46867168   0.467255388044
 0.47117794   0.465498452517
 0.47368421   0.463751522012
 0.47619048   0.462014579068
 0.47869674   0.460287606351
 0.48120301   0.458570586658
 0.48370927   0.456863502914
 0.48621554   0.455166338172
 0.48872180   0.453479075612
 0.49122807   0.451801698540
 0.49373434   0.450134190388
 0.49624060   0.448476534715
 0.49874687   0.446828715200
 0.50125313   0.445190715650
 0.50375940   0.443562519992
 0.50626566   0.441944112276
 0.50877193   0.440335476675
 0.51127820   0.438736597481
 0.51378446   0.437147459108
 0.51629073   0.435568046088
 0.51879699   0.433998343073
 0.52130326   0.432438334832
 0.52380952   0.430888006255
 0.52631579   0.429347342345
 0.52882206   0.427816328225
 0.53132832   0.426294949131
 0.53383459   0.424783190416
 0.53634085   0.423281037547
 0.53884712   0.421788476106
 0.54135338   0.420305491787
 0.54385965   0.418832070399
 0.54636591   0.417368197861
 0.54887218   0.415913860206
 0.55137845   0.414469043576
 0.55388471   0.413033734225
 0.55639098   0.411607918517
 0.55889724   0.410191582925
 0.56140351   0.408784714033
 0.56390977   0.407387298530
 0.56641604   0.405999323216
 0.56892231   0.404620774997
 0.57142857   0.403251640886
 0.57393484   0.401891908003
 0.57644110   0.400541563574
 0.57894737   0.399200594928
 0.58145363   0.397868989503
 0.58395990   0.396546734838
 0.58646617   0.395233818577
 0.58897243   0.393930228467
 0.59147870   0.392635952360
 0.59398496   0.391350978208
 0.59649123   0.390075294066
 0.59899749   0.388808888090
 0.60150376   0.387551748537
 0.60401003   0.386303863767
 0.60651629   0.385065222236
 0.60902256   0.383835812504
 0.61152882   0.382615623227
 0.61403509   0.381404643162
 0.61654135   0.380202861163
 0.61904762   0.379010266182
 0.62155388   0.377826847270
 0.62406015   0.376652593574
 0.62656642   0.375487494339
 0.62907268   0.374331538903
 0.63157895   0.373184716704
 0.63408521   0.372047017274
 0.63659148   0.370918430239
 0.63909774   0.369798945321
 0.64160401   0.368688552336
 0.64411028   0.367587241193
 0.64661654   0.366495001897
 0.64912281   0.365411824545
 0.65162907   0.364337699325
 0.65413534   0.363272616520
 0.65664160   0.362216566504
 0.65914787   0.361169539743
 0.66165414   0.360131526795
 0.66416040   0.359102518307
 0.66666667   0.358082505019
 0.66917293   0.357071477760
 0.67167920   0.356069427450
 0.67418546   0.355076345098
 0.67669173   0.354092221802
 0.67919799   0.353117048750
 0.68170426   0.352150817218
 0.68421053   0.351193518570
 0.68671679   0.350245144260
 0.68922306   0.349305685827
 0.69172932   0.348375134899
 0.69423559   0.347453483192
 0.69674185   0.346540722507
 0.69924812   0.345636844733
 0.70175439   0.344741841843
 0.70426065   0.343855705899
 0.70676692   0.342978429047
 0.70927318   0.342110003518
 0.71177945   0.341250421628
 0.71428571   0.340399675780
 0.71679198   0.339557758458
 0.71929825   0.338724662235
 0.72180451   0.337900379762
 0.72431078   0.337084903779
 0.72681704   0.336278227107
 0.72932331   0.335480342651
 0.73182957   0.334691243398
 0.73433584   0.333910922418
 0.73684211   0.333139372865
 0.73934837   0.332376587973
 0.74185464   0.331622561059
 0.74436090   0.330877285522
 0.74686717   0.330140754843
 0.74937343   0.329412962582
 0.75187970   0.328693902383
 0.75438596   0.327983567968
 0.75689223   0.327281953142
 0.75939850   0.326589051789
 0.76190476   0.325904857873
 0.76441103   0.325229365439
 0.76691729   0.324562568611
 0.76942356   0.323904461593
 0.77192982   0.323255038668
 0.77443609   0.322614294198
 0.77694236   0.321982222625
 0.77944862   0.321358818467
 0.78195489   0.320744076323
 0.78446115   0.320137990870
 0.78696742   0.319540556864
 0.78947368   0.318951769136
 0.79197995   0.318371622598
 0.79448622   0.317800112237
 0.79699248   0.317237233120
 0.79949875   0.316682980389
 0.80200501   0.316137349265
 0.80451128   0.315600335045
 0.80701754   0.315071933102
 0.80952381   0.314552138887
 0.81203008   0.314040947926
 0.81453634   0.313538355824
 0.81704261   0.313044358260
 0.81954887   0.312558950988
 0.82205514   0.312082129840
 0.82456140   0.311613890723
 0.82706767   0.311154229619
 0.82957393   0.310703142587
 0.83208020   0.310260625759
 0.83458647   0.309826675344
 0.83709273   0.309401287626
 0.83959900   0.308984458962
 0.84210526   0.308576185785
 0.84461153   0.308176464605
 0.84711779   0.307785292001
 0.84962406   0.307402664632
 0.85213033   0.307028579229
 0.85463659   0.306663032596
 0.85714286   0.306306021612
 0.85964912   0.305957543232
 0.86215539   0.305617594482
 0.86466165   0.305286172462
 0.86716792   0.304963274348
 0.86967419   0.304648897387
 0.87218045   0.304343038902
 0.87468672   0.304045696286
 0.87719298   0.303756867009
 0.87969925   0.303476548611
 0.88220551   0.303204738708
 0.88471178   0.302941434986
 0.88721805   0.302686635207
 0.88972431   0.302440337204
 0.89223058   0.302202538883
 0.89473684   0.301973238223
 0.89724311   0.301752433276
 0.89974937   0.301540122167
 0.90225564   0.301336303091
 0.90476190   0.301140974319
 0.90726817   0.300954134192
 0.90977444   0.300775781125
 0.91228070   0.300605913603
 0.91478697   0.300444530185
 0.91729323   0.300291629503
 0.91979950   0.300147210260
 0.92230576   0.300011271230
 0.92481203   0.299883811260
 0.92731830   0.299764829272
 0.92982456   0.299654324254
 0.93233083   0.299552295272
 0.93483709   0.299458741460
 0.93734336   0.299373662025
 0.93984962   0.299297056246
 0.94235589   0.299228923475
 0.94486216   0.299169263133
 0.94736842   0.299118074716
 0.94987469   0.299075357790
 0.95238095   0.299041111993
 0.95488722   0.299015337034
 0.95739348   0.298998032696
 0.95989975   0.298989198832
 0.96240602   0.298988835367
 0.96491228   0.298996942299
 0.96741855   0.299013519694
 0.96992481   0.299038567695
 0.97243108   0.299072086514
 0.97493734   0.299114076433
 0.97744361   0.299164537810
 0.97994987   0.299223471071
 0.98245614   0.299290876716
 0.98496241   0.299366755315
 0.98746867   0.299451107512
 0.98997494   0.299543934022
 0.99248120   0.299645235631
 0.99498747   0.299755013198
 0.99749373   0.299873267654
 1.00000000   0.300000000000


# Solution for b = 0.40
 0.00000000   1.000000000000
 0.00250627   0.996052314294
 0.00501253   0.992121635889
 0.00751880   0.988207898067
 0.01002506   0.984311034655
 0.01253133   0.980430980024
 0.01503759   0.976567669081
 0.01754386   0.972721037264
 0.02005013   0.968891020538
 0.02255639   0.965077555388
 0.02506266   0.961280578816
 0.02756892   0.957500028333
 0.03007519   0.953735841956
 0.03258145   0.949987958204
 0.03508772   0.946256316090
 0.03759398   0.942540855118
 0.04010025   0.938841515281
 0.04260652   0.935158237050
 0.04511278   0.931490961374
 0.04761905   0.927839629674
 0.05012531   0.924204183841
 0.05263158   0.920584566227
 0.05513784   0.916980719641
 0.05764411   0.913392587352
 0.06015038   0.909820113073
 0.06265664   0.906263240968
 0.06516291   0.902721915639
 0.06766917   0.899196082127
 0.07017544   0.895685685907
 0.07268170   0.892190672882
 0.07518797   0.888710989382
 0.07769424   0.885246582158
 0.08020050   0.881797398377
 0.08270677   0.878363385621
 0.08521303   0.874944491882
 0.08771930   0.871540665558
 0.09022556   0.868151855448
 0.09273183   0.864778010752
 0.09523810   0.861419081064
 0.09774436   0.858075016368
 0.10025063   0.854745767039
 0.10275689   0.851431283834
 0.10526316   0.848131517892
 0.10776942   0.844846420728
 0.11027569   0.841575944235
 0.11278195   0.838320040672
 0.11528822   0.835078662670
 0.11779449   0.831851763220
 0.12030075   0.828639295679
 0.12280702   0.825441213756
 0.12531328   0.822257471521
 0.12781955   0.819088023391
 0.13032581   0.815932824133
 0.13283208   0.812791828860
 0.13533835   0.809664993027
 0.13784461   0.806552272429
 0.14035088   0.803453623197
 0.14285714   0.800369001797
 0.14536341   0.797298365024
 0.14786967   0.794241670003
 0.15037594   0.791198874182
 0.15288221   0.788169935333
 0.15538847   0.785154811548
 0.15789474   0.782153461236
 0.16040100   0.779165843118
 0.16290727   0.776191916230
 0.16541353   0.773231639915
 0.16791980   0.770284973823
 0.17042607   0.767351877909
 0.17293233   0.764432312428
 0.17543860   0.761526237934
 0.17794486   0.758633615279
 0.18045113   0.755754405607
 0.18295739   0.752888570355
 0.18546366   0.750036071249
 0.18796992   0.747196870302
 0.19047619   0.744370929811
 0.19298246   0.741558212355
 0.19548872   0.738758680794
 0.19799499   0.735972298265
 0.20050125   0.733199028181
 0.20300752   0.730438834227
 0.20551378   0.727691680362
 0.20802005   0.724957530809
 0.21052632   0.722236350063
 0.21303258   0.719528102881
 0.21553885   0.716832754282
 0.21804511   0.714150269548
 0.22055138   0.711480614216
 0.22305764   0.708823754084
 0.22556391   0.706179655200
 0.22807018   0.703548283867
 0.23057644   0.700929606638
 0.23308271   0.698323590314
 0.23558897   0.695730201945
 0.23809524   0.693149408823
 0.24060150   0.690581178484
 0.24310777   0.688025478706
 0.24561404   0.685482277504
 0.24812030   0.682951543134
 0.25062657   0.680433244083
 0.25313283   0.677927349076
 0.25563910   0.675433827069
 0.25814536   0.672952647247
 0.26065163   0.670483779025
 0.26315789   0.668027192044
 0.26566416   0.665582856173
 0.26817043   0.663150741500
 0.27067669   0.660730818340
 0.27318296   0.658323057225
 0.27568922   0.655927428906
 0.27819549   0.653543904354
 0.28070175   0.651172454752
 0.28320802   0.648813051499
 0.28571429   0.646465666207
 0.28822055   0.644130270697
 0.29072682   0.641806837002
 0.29323308   0.639495337361
 0.29573935   0.637195744221
 0.29824561   0.634908030232
 0.30075188   0.632632168249
 0.30325815   0.630368131330
 0.30576441   0.628115892733
 0.30827068   0.625875425914
 0.31077694   0.623646704528
 0.31328321   0.621429702428
 0.31578947   0.619224393661
 0.31829574   0.617030752467
 0.32080201   0.614848753280
 0.32330827   0.612678370725
 0.32581454   0.610519579616
 0.32832080   0.608372354957
 0.33082707   0.606236671939
 0.33333333   0.604112505938
 0.33583960   0.601999832517
 0.33834586   0.599898627420
 0.34085213   0.597808866577
 0.34335840   0.595730526096
 0.34586466   0.593663582265
 0.34837093   0.591608011554
 0.35087719   0.589563790608
 0.35338346   0.587530896249
 0.35588972   0.585509305475
 0.35839599   0.583498995457
 0.36090226   0.581499943541
 0.36340852   0.579512127243
 0.36591479   0.577535524251
 0.36842105   0.575570112422
 0.37092732   0.573615869784
 0.37343358   0.571672774529
 0.37593985   0.569740805019
 0.37844612   0.567819939779
 0.38095238   0.565910157501
 0.38345865   0.564011437037
 0.38596491   0.562123757406
 0.38847118   0.560247097784
 0.39097744   0.558381437510
 0.39348371   0.556526756083
 0.39598997   0.554683033159
 0.39849624   0.552850248552
 0.40100251   0.551028382233
 0.40350877   0.549217414327
 0.40601504   0.547417325118
 0.40852130   0.545628095038
 0.41102757   0.543849704676
 0.41353383   0.542082134773
 0.41604010   0.540325366218
 0.41854637   0.538579380053
 0.42105263   0.536844157469
 0.42355890   0.535119679804
 0.42606516   0.533405928544
 0.42857143   0.531702885324
 0.43107769   0.530010531923
 0.43358396   0.528328850264
 0.43609023   0.526657822417
 0.43859649   0.524997430593
 0.44110276   0.523347657146
 0.44360902   0.521708484575
 0.44611529   0.520079895515
 0.44862155   0.518461872745
 0.45112782   0.516854399182
 0.45363409   0.515257457882
 0.45614035   0.513671032038
 0.45864662   0.512095104984
 0.46115288   0.510529660185
 0.46365915   0.508974681245
 0.46616541   0.507430151903
 0.46867168   0.505896056031
 0.47117794   0.504372377636
 0.47368421   0.502859100856
 0.47619048   0.501356209964
 0.47869674   0.499863689362
 0.48120301   0.498381523584
 0.48370927   0.496909697292
 0.48621554   0.495448195282
 0.48872180   0.493997002474
 0.49122807   0.492556103919
 0.49373434   0.491125484794
 0.49624060   0.489705130404
 0.49874687   0.488295026180
 0.50125313   0.486895157679
 0.50375940   0.485505510580
 0.50626566   0.484126070691
 0.50877193   0.482756823940
 0.51127820   0.481397756380
 0.51378446   0.480048854187
 0.51629073   0.478710103657
 0.51879699   0.477381491209
 0.52130326   0.476063003382
 0.52380952   0.474754626836
 0.52631579   0.473456348350
 0.52882206   0.472168154823
 0.53132832   0.470890033271
 0.53383459   0.469621970829
 0.53634085   0.468363954751
 0.53884712   0.467115972404
 0.54135338   0.465878011276
 0.54385965   0.464650058967
 0.54636591   0.463432103196
 0.54887218   0.462224131794
 0.55137845   0.461026132707
 0.55388471   0.459838093996
 0.55639098   0.458660003835
 0.55889724   0.457491850510
 0.56140351   0.456333622420
 0.56390977   0.455185308076
 0.56641604   0.454046896100
 0.56892231   0.452918375227
 0.57142857   0.451799734299
 0.57393484   0.450690962271
 0.57644110   0.449592048206
 0.57894737   0.448502981278
 0.58145363   0.447423750768
 0.58395990   0.446354346066
 0.58646617   0.445294756670
 0.58897243   0.444244972184
 0.59147870   0.443204982323
 0.59398496   0.442174776903
 0.59649123   0.441154345851
 0.59899749   0.440143679198
 0.60150376   0.439142767080
 0.60401003   0.438151599738
 0.60651629   0.437170167518
 0.60902256   0.436198460871
 0.61152882   0.435236470351
 0.61403509   0.434284186616
 0.61654135   0.433341600426
 0.61904762   0.432408702645
 0.62155388   0.431485484238
 0.62406015   0.430571936274
 0.62656642   0.429668049923
 0.62907268   0.428773816454
 0.63157895   0.427889227241
 0.63408521   0.427014273755
 0.63659148   0.426148947570
 0.63909774   0.425293240358
 0.64160401   0.424447143892
 0.64411028   0.423610650044
 0.64661654   0.422783750784
 0.64912281   0.421966438182
 0.65162907   0.421158704405
 0.65413534   0.420360541721
 0.65664160   0.419571942492
 0.65914787   0.418792899179
 0.66165414   0.418023404342
 0.66416040   0.417263450635
 0.66666667   0.416513030810
 0.66917293   0.415772137717
 0.67167920   0.415040764298
 0.67418546   0.414318903594
 0.67669173   0.413606548740
 0.67919799   0.412903692968
 0.68170426   0.412210329604
 0.68421053   0.411526452067
 0.68671679   0.410852053873
 0.68922306   0.410187128632
 0.69172932   0.409531670046
 0.69423559   0.408885671912
 0.69674185   0.408249128122
 0.69924812   0.407622032658
 0.70175439   0.407004379598
 0.70426065   0.406396163112
 0.70676692   0.405797377461
 0.70927318   0.405208017000
 0.71177945   0.404628076177
 0.71428571   0.404057549529
 0.71679198   0.403496431687
 0.71929825   0.402944717374
 0.72180451   0.402402401402
 0.72431078   0.401869478676
 0.72681704   0.401345944192
 0.72932331   0.400831793035
 0.73182957   0.400327020384
 0.73433584   0.399831621504
 0.73684211   0.399345591753
 0.73934837   0.398868926578
 0.74185464   0.398401621517
 0.74436090   0.397943672197
 0.74686717   0.397495074335
 0.74937343   0.397055823735
 0.75187970   0.396625916294
 0.75438596   0.396205347996
 0.75689223   0.395794114913
 0.75939850   0.395392213207
 0.76190476   0.394999639129
 0.76441103   0.394616389018
 0.76691729   0.394242459300
 0.76942356   0.393877846493
 0.77192982   0.393522547198
 0.77443609   0.393176558108
 0.77694236   0.392839876001
 0.77944862   0.392512497746
 0.78195489   0.392194420296
 0.78446115   0.391885640693
 0.78696742   0.391586156067
 0.78947368   0.391295963636
 0.79197995   0.391015060701
 0.79448622   0.390743444656
 0.79699248   0.390481112976
 0.79949875   0.390228063228
 0.80200501   0.389984293062
 0.80451128   0.389749800217
 0.80701754   0.389524582518
 0.80952381   0.389308637875
 0.81203008   0.389101964287
 0.81453634   0.388904559838
 0.81704261   0.388716422698
 0.81954887   0.388537551123
 0.82205514   0.388367943458
 0.82456140   0.388207598129
 0.82706767   0.388056513653
 0.82957393   0.387914688631
 0.83208020   0.387782121748
 0.83458647   0.387658811779
 0.83709273   0.387544757581
 0.83959900   0.387439958099
 0.84210526   0.387344412363
 0.84461153   0.387258119489
 0.84711779   0.387181078679
 0.84962406   0.387113289219
 0.85213033   0.387054750483
 0.85463659   0.387005461930
 0.85714286   0.386965423102
 0.85964912   0.386934633631
 0.86215539   0.386913093231
 0.86466165   0.386900801702
 0.86716792   0.386897758932
 0.86967419   0.386903964892
 0.87218045   0.386919419639
 0.87468672   0.386944123317
 0.87719298   0.386978076154
 0.87969925   0.387021278463
 0.88220551   0.387073730646
 0.88471178   0.387135433186
 0.88721805   0.387206386654
 0.88972431   0.387286591707
 0.89223058   0.387376049088
 0.89473684   0.387474759623
 0.89724311   0.387582724226
 0.89974937   0.387699943897
 0.90225564   0.387826419720
 0.90476190   0.387962152866
 0.90726817   0.388107144591
 0.90977444   0.388261396239
 0.91228070   0.388424909237
 0.91478697   0.388597685101
 0.91729323   0.388779725430
 0.91979950   0.388971031911
 0.92230576   0.389171606318
 0.92481203   0.389381450509
 0.92731830   0.389600566429
 0.92982456   0.389828956111
 0.93233083   0.390066621673
 0.93483709   0.390313565320
 0.93734336   0.390569789342
 0.93984962   0.390835296119
 0.94235589   0.391110088115
 0.94486216   0.391394167881
 0.94736842   0.391687538058
 0.94987469   0.391990201371
 0.95238095   0.392302160632
 0.95488722   0.392623418743
 0.95739348   0.392953978691
 0.95989975   0.393293843552
 0.96240602   0.393643016488
 0.96491228   0.394001500750
 0.96741855   0.394369299677
 0.96992481   0.394746416695
 0.97243108   0.395132855319
 0.97493734   0.395528619153
 0.97744361   0.395933711886
 0.97994987   0.396348137299
 0.98245614   0.396771899262
 0.98496241   0.397205001730
 0.98746867   0.397647448750
 0.98997494   0.398099244457
 0.99248120   0.398560393077
 0.99498747   0.399030898924
 0.99749373   0.399510766400
 1.00000000   0.400000000000


# Solution for b = 0.50
 0.00000000   1.000000000000
 0.00250627   0.996242400050
 0.00501253   0.992501810632
 0.00751880   0.988778168235
 0.01002506   0.985071409873
 0.01253133   0.981381473076
 0.01503759   0.977708295887
 0.01754386   0.974051816858
 0.02005013   0.970411975043
 0.02255639   0.966788709997
 0.02506266   0.963181961764
 0.02756892   0.959591670881
 0.03007519   0.956017778366
 0.03258145   0.952460225717
 0.03508772   0.948918954908
 0.03759398   0.945393908382
 0.04010025   0.941885029048
 0.04260652   0.938392260277
 0.04511278   0.934915545896
 0.04761905   0.931454830185
 0.05012531   0.928010057873
 0.05263158   0.924581174132
 0.05513784   0.921168124577
 0.05764411   0.917770855255
 0.06015038   0.914389312647
 0.06265664   0.911023443664
 0.06516291   0.907673195638
 0.06766917   0.904338516322
 0.07017544   0.901019353886
 0.07268170   0.897715656912
 0.07518797   0.894427374390
 0.07769424   0.891154455718
 0.08020050   0.887896850692
 0.08270677   0.884654509508
 0.08521303   0.881427382754
 0.08771930   0.878215421411
 0.09022556   0.875018576846
 0.09273183   0.871836800811
 0.09523810   0.868670045435
 0.09774436   0.865518263229
 0.10025063   0.862381407073
 0.10275689   0.859259430220
 0.10526316   0.856152286290
 0.10776942   0.853059929266
 0.11027569   0.849982313491
 0.11278195   0.846919393668
 0.11528822   0.843871124852
 0.11779449   0.840837462452
 0.12030075   0.837818362223
 0.12280702   0.834813780267
 0.12531328   0.831823673028
 0.12781955   0.828847997289
 0.13032581   0.825886710171
 0.13283208   0.822939769127
 0.13533835   0.820007131943
 0.13784461   0.817088756732
 0.14035088   0.814184601932
 0.14285714   0.811294626306
 0.14536341   0.808418788934
 0.14786967   0.805557049216
 0.15037594   0.802709366865
 0.15288221   0.799875701908
 0.15538847   0.797056014679
 0.15789474   0.794250265821
 0.16040100   0.791458416282
 0.16290727   0.788680427311
 0.16541353   0.785916260455
 0.16791980   0.783165877562
 0.17042607   0.780429240772
 0.17293233   0.777706312519
 0.17543860   0.774997055525
 0.17794486   0.772301432802
 0.18045113   0.769619407646
 0.18295739   0.766950943637
 0.18546366   0.764296004635
 0.18796992   0.761654554781
 0.19047619   0.759026558489
 0.19298246   0.756411980451
 0.19548872   0.753810785629
 0.19799499   0.751222939255
 0.20050125   0.748648406832
 0.20300752   0.746087154124
 0.20551378   0.743539147164
 0.20802005   0.741004352243
 0.21052632   0.738482735915
 0.21303258   0.735974264989
 0.21553885   0.733478906532
 0.21804511   0.730996627865
 0.22055138   0.728527396559
 0.22305764   0.726071180437
 0.22556391   0.723627947571
 0.22807018   0.721197666278
 0.23057644   0.718780305121
 0.23308271   0.716375832903
 0.23558897   0.713984218671
 0.23809524   0.711605431711
 0.24060150   0.709239441545
 0.24310777   0.706886217932
 0.24561404   0.704545730865
 0.24812030   0.702217950568
 0.25062657   0.699902847497
 0.25313283   0.697600392338
 0.25563910   0.695310556001
 0.25814536   0.693033309626
 0.26065163   0.690768624575
 0.26315789   0.688516472431
 0.26566416   0.686276825000
 0.26817043   0.684049654309
 0.27067669   0.681834932599
 0.27318296   0.679632632330
 0.27568922   0.677442726176
 0.27819549   0.675265187026
 0.28070175   0.673099987978
 0.28320802   0.670947102342
 0.28571429   0.668806503639
 0.28822055   0.666678165593
 0.29072682   0.664562062139
 0.29323308   0.662458167414
 0.29573935   0.660366455759
 0.29824561   0.658286901716
 0.30075188   0.656219480031
 0.30325815   0.654164165645
 0.30576441   0.652120933701
 0.30827068   0.650089759535
 0.31077694   0.648070618681
 0.31328321   0.646063486868
 0.31578947   0.644068340014
 0.31829574   0.642085154233
 0.32080201   0.640113905826
 0.32330827   0.638154571286
 0.32581454   0.636207127291
 0.32832080   0.634271550708
 0.33082707   0.632347818589
 0.33333333   0.630435908170
 0.33583960   0.628535796871
 0.33834586   0.626647462293
 0.34085213   0.624770882218
 0.34335840   0.622906034610
 0.34586466   0.621052897608
 0.34837093   0.619211449533
 0.35087719   0.617381668878
 0.35338346   0.615563534316
 0.35588972   0.613757024689
 0.35839599   0.611962119018
 0.36090226   0.610178796492
 0.36340852   0.608407036474
 0.36591479   0.606646818496
 0.36842105   0.604898122258
 0.37092732   0.603160927630
 0.37343358   0.601435214650
 0.37593985   0.599720963520
 0.37844612   0.598018154608
 0.38095238   0.596326768447
 0.38345865   0.594646785733
 0.38596491   0.592978187325
 0.38847118   0.591320954242
 0.39097744   0.589675067665
 0.39348371   0.588040508935
 0.39598997   0.586417259549
 0.39849624   0.584805301166
 0.40100251   0.583204615599
 0.40350877   0.581615184818
 0.40601504   0.580036990949
 0.40852130   0.578470016272
 0.41102757   0.576914243220
 0.41353383   0.575369654379
 0.41604010   0.573836232489
 0.41854637   0.572313960437
 0.42105263   0.570802821265
 0.42355890   0.569302798161
 0.42606516   0.567813874463
 0.42857143   0.566336033658
 0.43107769   0.564869259378
 0.43358396   0.563413535405
 0.43609023   0.561968845662
 0.43859649   0.560535174221
 0.44110276   0.559112505296
 0.44360902   0.557700823245
 0.44611529   0.556300112569
 0.44862155   0.554910357912
 0.45112782   0.553531544057
 0.45363409   0.552163655930
 0.45614035   0.550806678595
 0.45864662   0.549460597257
 0.46115288   0.548125397259
 0.46365915   0.546801064082
 0.46616541   0.545487583344
 0.46867168   0.544184940799
 0.47117794   0.542893122339
 0.47368421   0.541612113990
 0.47619048   0.540341901912
 0.47869674   0.539082472402
 0.48120301   0.537833811887
 0.48370927   0.536595906929
 0.48621554   0.535368744222
 0.48872180   0.534152310592
 0.49122807   0.532946592995
 0.49373434   0.531751578518
 0.49624060   0.530567254379
 0.49874687   0.529393607925
 0.50125313   0.528230626630
 0.50375940   0.527078298098
 0.50626566   0.525936610062
 0.50877193   0.524805550380
 0.51127820   0.523685107037
 0.51378446   0.522575268145
 0.51629073   0.521476021942
 0.51879699   0.520387356789
 0.52130326   0.519309261173
 0.52380952   0.518241723707
 0.52631579   0.517184733124
 0.52882206   0.516138278283
 0.53132832   0.515102348163
 0.53383459   0.514076931869
 0.53634085   0.513062018623
 0.53884712   0.512057597773
 0.54135338   0.511063658784
 0.54385965   0.510080191243
 0.54636591   0.509107184857
 0.54887218   0.508144629452
 0.55137845   0.507192514974
 0.55388471   0.506250831485
 0.55639098   0.505319569169
 0.55889724   0.504398718324
 0.56140351   0.503488269367
 0.56390977   0.502588212833
 0.56641604   0.501698539372
 0.56892231   0.500819239750
 0.57142857   0.499950304850
 0.57393484   0.499091725669
 0.57644110   0.498243493320
 0.57894737   0.497405599030
 0.58145363   0.496578034140
 0.58395990   0.495760790106
 0.58646617   0.494953858497
 0.58897243   0.494157230994
 0.59147870   0.493370899392
 0.59398496   0.492594855598
 0.59649123   0.491829091632
 0.59899749   0.491073599625
 0.60150376   0.490328371819
 0.60401003   0.489593400567
 0.60651629   0.488868678335
 0.60902256   0.488154197697
 0.61152882   0.487449951339
 0.61403509   0.486755932055
 0.61654135   0.486072132750
 0.61904762   0.485398546439
 0.62155388   0.484735166243
 0.62406015   0.484081985396
 0.62656642   0.483438997236
 0.62907268   0.482806195213
 0.63157895   0.482183572882
 0.63408521   0.481571123907
 0.63659148   0.480968842060
 0.63909774   0.480376721219
 0.64160401   0.479794755368
 0.64411028   0.479222938601
 0.64661654   0.478661265115
 0.64912281   0.478109729215
 0.65162907   0.477568325310
 0.65413534   0.477037047918
 0.65664160   0.476515891658
 0.65914787   0.476004851259
 0.66165414   0.475503921551
 0.66416040   0.475013097471
 0.66666667   0.474532374060
 0.66917293   0.474061746464
 0.67167920   0.473601209933
 0.67418546   0.473150759820
 0.67669173   0.472710391583
 0.67919799   0.472280100783
 0.68170426   0.471859883084
 0.68421053   0.471449734256
 0.68671679   0.471049650168
 0.68922306   0.470659626795
 0.69172932   0.470279660214
 0.69423559   0.469909746604
 0.69674185   0.469549882247
 0.69924812   0.469200063528
 0.70175439   0.468860286932
 0.70426065   0.468530549049
 0.70676692   0.468210846569
 0.70927318   0.467901176283
 0.71177945   0.467601535087
 0.71428571   0.467311919974
 0.71679198   0.467032328042
 0.71929825   0.466762756489
 0.72180451   0.466503202614
 0.72431078   0.466253663817
 0.72681704   0.466014137599
 0.72932331   0.465784621562
 0.73182957   0.465565113410
 0.73433584   0.465355610945
 0.73684211   0.465156112071
 0.73934837   0.464966614793
 0.74185464   0.464787117216
 0.74436090   0.464617617545
 0.74686717   0.464458114086
 0.74937343   0.464308605244
 0.75187970   0.464169089525
 0.75438596   0.464039565535
 0.75689223   0.463920031980
 0.75939850   0.463810487665
 0.76190476   0.463710931497
 0.76441103   0.463621362482
 0.76691729   0.463541779724
 0.76942356   0.463472182429
 0.77192982   0.463412569902
 0.77443609   0.463362941548
 0.77694236   0.463323296872
 0.77944862   0.463293635477
 0.78195489   0.463273957067
 0.78446115   0.463264261447
 0.78696742   0.463264548518
 0.78947368   0.463274818285
 0.79197995   0.463295070850
 0.79448622   0.463325306414
 0.79699248   0.463365525280
 0.79949875   0.463415727849
 0.80200501   0.463475914623
 0.80451128   0.463546086202
 0.80701754   0.463626243286
 0.80952381   0.463716386678
 0.81203008   0.463816517276
 0.81453634   0.463926636081
 0.81704261   0.464046744192
 0.81954887   0.464176842810
 0.82205514   0.464316933235
 0.82456140   0.464467016866
 0.82706767   0.464627095203
 0.82957393   0.464797169846
 0.83208020   0.464977242496
 0.83458647   0.465167314953
 0.83709273   0.465367389118
 0.83959900   0.465577466993
 0.84210526   0.465797550678
 0.84461153   0.466027642377
 0.84711779   0.466267744392
 0.84962406   0.466517859128
 0.85213033   0.466777989088
 0.85463659   0.467048136879
 0.85714286   0.467328305207
 0.85964912   0.467618496880
 0.86215539   0.467918714807
 0.86466165   0.468228961999
 0.86716792   0.468549241567
 0.86967419   0.468879556726
 0.87218045   0.469219910790
 0.87468672   0.469570307178
 0.87719298   0.469930749408
 0.87969925   0.470301241103
 0.88220551   0.470681785986
 0.88471178   0.471072387883
 0.88721805   0.471473050724
 0.88972431   0.471883778541
 0.89223058   0.472304575468
 0.89473684   0.472735445743
 0.89724311   0.473176393708
 0.89974937   0.473627423807
 0.90225564   0.474088540589
 0.90476190   0.474559748705
 0.90726817   0.475041052913
 0.90977444   0.475532458072
 0.91228070   0.476033969148
 0.91478697   0.476545591210
 0.91729323   0.477067329432
 0.91979950   0.477599189094
 0.92230576   0.478141175581
 0.92481203   0.478693294381
 0.92731830   0.479255551093
 0.92982456   0.479827951416
 0.93233083   0.480410501159
 0.93483709   0.481003206236
 0.93734336   0.481606072668
 0.93984962   0.482219106583
 0.94235589   0.482842314216
 0.94486216   0.483475701909
 0.94736842   0.484119276112
 0.94987469   0.484773043383
 0.95238095   0.485437010389
 0.95488722   0.486111183903
 0.95739348   0.486795570809
 0.95989975   0.487490178099
 0.96240602   0.488195012875
 0.96491228   0.488910082349
 0.96741855   0.489635393840
 0.96992481   0.490370954782
 0.97243108   0.491116772715
 0.97493734   0.491872855292
 0.97744361   0.492639210278
 0.97994987   0.493415845547
 0.98245614   0.494202769087
 0.98496241   0.494999988996
 0.98746867   0.495807513488
 0.98997494   0.496625350886
 0.99248120   0.497453509627
 0.99498747   0.498291998265
 0.99749373   0.499140825462
 1.00000000   0.500000000000


# Solution for b = 0.60
 0.00000000   1.000000000000
 0.00250627   0.996430433278
 0.00501253   0.992877880285
 0.00751880   0.989342280687
 0.01002506   0.985823574648
 0.01253133   0.982321702829
 0.01503759   0.978836606382
 0.01754386   0.975368226944
 0.02005013   0.971916506635
 0.02255639   0.968481388051
 0.02506266   0.965062814261
 0.02756892   0.961660728801
 0.03007519   0.958275075672
 0.03258145   0.954905799333
 0.03508772   0.951552844699
 0.03759398   0.948216157136
 0.04010025   0.944895682456
 0.04260652   0.941591366913
 0.04511278   0.938303157201
 0.04761905   0.935031000446
 0.05012531   0.931774844206
 0.05263158   0.928534636467
 0.05513784   0.925310325634
 0.05764411   0.922101860535
 0.06015038   0.918909190408
 0.06265664   0.915732264908
 0.06516291   0.912571034092
 0.06766917   0.909425448425
 0.07017544   0.906295458771
 0.07268170   0.903181016391
 0.07518797   0.900082072938
 0.07769424   0.896998580457
 0.08020050   0.893930491378
 0.08270677   0.890877758513
 0.08521303   0.887840335056
 0.08771930   0.884818174577
 0.09022556   0.881811231017
 0.09273183   0.878819458688
 0.09523810   0.875842812269
 0.09774436   0.872881246803
 0.10025063   0.869934717693
 0.10275689   0.867003180697
 0.10526316   0.864086591931
 0.10776942   0.861184907860
 0.11027569   0.858298085298
 0.11278195   0.855426081404
 0.11528822   0.852568853679
 0.11779449   0.849726359965
 0.12030075   0.846898558440
 0.12280702   0.844085407616
 0.12531328   0.841286866336
 0.12781955   0.838502893771
 0.13032581   0.835733449419
 0.13283208   0.832978493100
 0.13533835   0.830237984955
 0.13784461   0.827511885443
 0.14035088   0.824800155338
 0.14285714   0.822102755727
 0.14536341   0.819419648006
 0.14786967   0.816750793880
 0.15037594   0.814096155359
 0.15288221   0.811455694755
 0.15538847   0.808829374682
 0.15789474   0.806217158051
 0.16040100   0.803619008067
 0.16290727   0.801034888232
 0.16541353   0.798464762336
 0.16791980   0.795908594459
 0.17042607   0.793366348968
 0.17293233   0.790837990514
 0.17543860   0.788323484028
 0.17794486   0.785822794724
 0.18045113   0.783335888093
 0.18295739   0.780862729901
 0.18546366   0.778403286187
 0.18796992   0.775957523263
 0.19047619   0.773525407709
 0.19298246   0.771106906375
 0.19548872   0.768701986373
 0.19799499   0.766310615081
 0.20050125   0.763932760138
 0.20300752   0.761568389440
 0.20551378   0.759217471145
 0.20802005   0.756879973664
 0.21052632   0.754555865662
 0.21303258   0.752245116057
 0.21553885   0.749947694016
 0.21804511   0.747663568955
 0.22055138   0.745392710537
 0.22305764   0.743135088670
 0.22556391   0.740890673503
 0.22807018   0.738659435429
 0.23057644   0.736441345079
 0.23308271   0.734236373322
 0.23558897   0.732044491265
 0.23809524   0.729865670247
 0.24060150   0.727699881841
 0.24310777   0.725547097852
 0.24561404   0.723407290315
 0.24812030   0.721280431492
 0.25062657   0.719166493872
 0.25313283   0.717065450169
 0.25563910   0.714977273321
 0.25814536   0.712901936487
 0.26065163   0.710839413048
 0.26315789   0.708789676603
 0.26566416   0.706752700969
 0.26817043   0.704728460178
 0.27067669   0.702716928479
 0.27318296   0.700718080331
 0.27568922   0.698731890409
 0.27819549   0.696758333595
 0.28070175   0.694797384981
 0.28320802   0.692849019867
 0.28571429   0.690913213761
 0.28822055   0.688989942373
 0.29072682   0.687079181620
 0.29323308   0.685180907619
 0.29573935   0.683295096689
 0.29824561   0.681421725349
 0.30075188   0.679560770317
 0.30325815   0.677712208509
 0.30576441   0.675876017035
 0.30827068   0.674052173202
 0.31077694   0.672240654511
 0.31328321   0.670441438655
 0.31578947   0.668654503517
 0.31829574   0.666879827173
 0.32080201   0.665117387886
 0.32330827   0.663367164108
 0.32581454   0.661629134478
 0.32832080   0.659903277820
 0.33082707   0.658189573144
 0.33333333   0.656487999643
 0.33583960   0.654798536692
 0.33834586   0.653121163848
 0.34085213   0.651455860848
 0.34335840   0.649802607608
 0.34586466   0.648161384225
 0.34837093   0.646532170970
 0.35087719   0.644914948293
 0.35338346   0.643309696817
 0.35588972   0.641716397341
 0.35839599   0.640135030837
 0.36090226   0.638565578449
 0.36340852   0.637008021494
 0.36591479   0.635462341458
 0.36842105   0.633928519997
 0.37092732   0.632406538936
 0.37343358   0.630896380269
 0.37593985   0.629398026153
 0.37844612   0.627911458917
 0.38095238   0.626436661050
 0.38345865   0.624973615207
 0.38596491   0.623522304208
 0.38847118   0.622082711034
 0.39097744   0.620654818828
 0.39348371   0.619238610894
 0.39598997   0.617834070697
 0.39849624   0.616441181860
 0.40100251   0.615059928166
 0.40350877   0.613690293553
 0.40601504   0.612332262121
 0.40852130   0.610985818120
 0.41102757   0.609650945961
 0.41353383   0.608327630206
 0.41604010   0.607015855573
 0.41854637   0.605715606932
 0.42105263   0.604426869307
 0.42355890   0.603149627871
 0.42606516   0.601883867952
 0.42857143   0.600629575025
 0.43107769   0.599386734716
 0.43358396   0.598155332801
 0.43609023   0.596935355203
 0.43859649   0.595726787992
 0.44110276   0.594529617388
 0.44360902   0.593343829753
 0.44611529   0.592169411600
 0.44862155   0.591006349581
 0.45112782   0.589854630499
 0.45363409   0.588714241296
 0.45614035   0.587585169058
 0.45864662   0.586467401017
 0.46115288   0.585360924542
 0.46365915   0.584265727147
 0.46616541   0.583181796486
 0.46867168   0.582109120354
 0.47117794   0.581047686684
 0.47368421   0.579997483549
 0.47619048   0.578958499161
 0.47869674   0.577930721870
 0.48120301   0.576914140164
 0.48370927   0.575908742667
 0.48621554   0.574914518140
 0.48872180   0.573931455481
 0.49122807   0.572959543721
 0.49373434   0.571998772028
 0.49624060   0.571049129705
 0.49874687   0.570110606187
 0.50125313   0.569183191044
 0.50375940   0.568266873979
 0.50626566   0.567361644826
 0.50877193   0.566467493554
 0.51127820   0.565584410262
 0.51378446   0.564712385179
 0.51629073   0.563851408667
 0.51879699   0.563001471218
 0.52130326   0.562162563453
 0.52380952   0.561334676122
 0.52631579   0.560517800106
 0.52882206   0.559711926415
 0.53132832   0.558917046183
 0.53383459   0.558133150678
 0.53634085   0.557360231291
 0.53884712   0.556598279541
 0.54135338   0.555847287076
 0.54385965   0.555107245668
 0.54636591   0.554378147215
 0.54887218   0.553659983742
 0.55137845   0.552952747399
 0.55388471   0.552256430460
 0.55639098   0.551571025325
 0.55889724   0.550896524517
 0.56140351   0.550232920684
 0.56390977   0.549580206596
 0.56641604   0.548938375149
 0.56892231   0.548307419359
 0.57142857   0.547687332367
 0.57393484   0.547078107435
 0.57644110   0.546479737947
 0.57894737   0.545892217411
 0.58145363   0.545315539453
 0.58395990   0.544749697824
 0.58646617   0.544194686392
 0.58897243   0.543650499150
 0.59147870   0.543117130207
 0.59398496   0.542594573796
 0.59649123   0.542082824268
 0.59899749   0.541581876093
 0.60150376   0.541091723862
 0.60401003   0.540612362285
 0.60651629   0.540143786191
 0.60902256   0.539685990526
 0.61152882   0.539238970357
 0.61403509   0.538802720868
 0.61654135   0.538377237361
 0.61904762   0.537962515256
 0.62155388   0.537558550091
 0.62406015   0.537165337522
 0.62656642   0.536782873321
 0.62907268   0.536411153379
 0.63157895   0.536050173702
 0.63408521   0.535699930414
 0.63659148   0.535360419755
 0.63909774   0.535031638082
 0.64160401   0.534713581868
 0.64411028   0.534406247703
 0.64661654   0.534109632291
 0.64912281   0.533823732453
 0.65162907   0.533548545127
 0.65413534   0.533284067365
 0.65664160   0.533030296335
 0.65914787   0.532787229320
 0.66165414   0.532554863718
 0.66416040   0.532333197044
 0.66666667   0.532122226926
 0.66917293   0.531921951107
 0.67167920   0.531732367447
 0.67418546   0.531553473917
 0.67669173   0.531385268606
 0.67919799   0.531227749717
 0.68170426   0.531080915565
 0.68421053   0.530944764583
 0.68671679   0.530819295315
 0.68922306   0.530704506422
 0.69172932   0.530600396678
 0.69423559   0.530506964970
 0.69674185   0.530424210302
 0.69924812   0.530352131790
 0.70175439   0.530290728664
 0.70426065   0.530240000269
 0.70676692   0.530199946063
 0.70927318   0.530170565619
 0.71177945   0.530151858623
 0.71428571   0.530143824876
 0.71679198   0.530146464292
 0.71929825   0.530159776898
 0.72180451   0.530183762837
 0.72431078   0.530218422366
 0.72681704   0.530263755853
 0.72932331   0.530319763784
 0.73182957   0.530386446755
 0.73433584   0.530463805479
 0.73684211   0.530551840781
 0.73934837   0.530650553602
 0.74185464   0.530759944995
 0.74436090   0.530880016129
 0.74686717   0.531010768286
 0.74937343   0.531152202864
 0.75187970   0.531304321372
 0.75438596   0.531467125436
 0.75689223   0.531640616796
 0.75939850   0.531824797306
 0.76190476   0.532019668935
 0.76441103   0.532225233768
 0.76691729   0.532441494001
 0.76942356   0.532668451949
 0.77192982   0.532906110040
 0.77443609   0.533154470816
 0.77694236   0.533413536937
 0.77944862   0.533683311176
 0.78195489   0.533963796423
 0.78446115   0.534254995681
 0.78696742   0.534556912072
 0.78947368   0.534869548831
 0.79197995   0.535192909311
 0.79448622   0.535526996980
 0.79699248   0.535871815423
 0.79949875   0.536227368339
 0.80200501   0.536593659547
 0.80451128   0.536970692980
 0.80701754   0.537358472690
 0.80952381   0.537757002845
 0.81203008   0.538166287729
 0.81453634   0.538586331746
 0.81704261   0.539017139416
 0.81954887   0.539458715376
 0.82205514   0.539911064383
 0.82456140   0.540374191311
 0.82706767   0.540848101153
 0.82957393   0.541332799021
 0.83208020   0.541828290144
 0.83458647   0.542334579871
 0.83709273   0.542851673672
 0.83959900   0.543379577134
 0.84210526   0.543918295966
 0.84461153   0.544467835996
 0.84711779   0.545028203171
 0.84962406   0.545599403562
 0.85213033   0.546181443356
 0.85463659   0.546774328866
 0.85714286   0.547378066524
 0.85964912   0.547992662883
 0.86215539   0.548618124619
 0.86466165   0.549254458530
 0.86716792   0.549901671537
 0.86967419   0.550559770683
 0.87218045   0.551228763134
 0.87468672   0.551908656181
 0.87719298   0.552599457238
 0.87969925   0.553301173842
 0.88220551   0.554013813656
 0.88471178   0.554737384466
 0.88721805   0.555471894185
 0.88972431   0.556217350851
 0.89223058   0.556973762628
 0.89473684   0.557741137804
 0.89724311   0.558519484796
 0.89974937   0.559308812148
 0.90225564   0.560109128530
 0.90476190   0.560920442741
 0.90726817   0.561742763705
 0.90977444   0.562576100480
 0.91228070   0.563420462247
 0.91478697   0.564275858321
 0.91729323   0.565142298144
 0.91979950   0.566019791288
 0.92230576   0.566908347458
 0.92481203   0.567807976488
 0.92731830   0.568718688344
 0.92982456   0.569640493123
 0.93233083   0.570573401057
 0.93483709   0.571517422508
 0.93734336   0.572472567972
 0.93984962   0.573438848079
 0.94235589   0.574416273595
 0.94486216   0.575404855418
 0.94736842   0.576404604583
 0.94987469   0.577415532260
 0.95238095   0.578437649754
 0.95488722   0.579470968510
 0.95739348   0.580515500108
 0.95989975   0.581571256266
 0.96240602   0.582638248841
 0.96491228   0.583716489829
 0.96741855   0.584805991364
 0.96992481   0.585906765722
 0.97243108   0.587018825318
 0.97493734   0.588142182709
 0.97744361   0.589276850594
 0.97994987   0.590422841814
 0.98245614   0.591580169353
 0.98496241   0.592748846338
 0.98746867   0.593928886041
 0.98997494   0.595120301878
 0.99248120   0.596323107411
 0.99498747   0.597537316348
 0.99749373   0.598762942544
 1.00000000   0.600000000000


# Solution for b = 0.70
 0.00000000   1.000000000000
 0.00250627   0.996616351696
 0.00501253   0.993249720282
 0.00751880   0.989900048567
 0.01002506   0.986567279834
 0.01253133   0.983251357844
 0.01503759   0.979952226826
 0.01754386   0.976669831477
 0.02005013   0.973404116952
 0.02255639   0.970155028865
 0.02506266   0.966922513284
 0.02756892   0.963706516724
 0.03007519   0.960506986144
 0.03258145   0.957323868945
 0.03508772   0.954157112965
 0.03759398   0.951006666472
 0.04010025   0.947872478166
 0.04260652   0.944754497170
 0.04511278   0.941652673028
 0.04761905   0.938566955703
 0.05012531   0.935497295568
 0.05263158   0.932443643411
 0.05513784   0.929405950421
 0.05764411   0.926384168194
 0.06015038   0.923378248723
 0.06265664   0.920388144397
 0.06516291   0.917413807998
 0.06766917   0.914455192695
 0.07017544   0.911512252046
 0.07268170   0.908584939988
 0.07518797   0.905673210838
 0.07769424   0.902777019289
 0.08020050   0.899896320405
 0.08270677   0.897031069622
 0.08521303   0.894181222738
 0.08771930   0.891346735919
 0.09022556   0.888527565688
 0.09273183   0.885723668925
 0.09523810   0.882935002864
 0.09774436   0.880161525092
 0.10025063   0.877403193543
 0.10275689   0.874659966495
 0.10526316   0.871931802570
 0.10776942   0.869218660729
 0.11027569   0.866520500270
 0.11278195   0.863837280826
 0.11528822   0.861168962359
 0.11779449   0.858515505163
 0.12030075   0.855876869855
 0.12280702   0.853253017378
 0.12531328   0.850643908994
 0.12781955   0.848049506284
 0.13032581   0.845469771145
 0.13283208   0.842904665788
 0.13533835   0.840354152733
 0.13784461   0.837818194810
 0.14035088   0.835296755154
 0.14285714   0.832789797204
 0.14536341   0.830297284700
 0.14786967   0.827819181683
 0.15037594   0.825355452487
 0.15288221   0.822906061743
 0.15538847   0.820470974373
 0.15789474   0.818050155590
 0.16040100   0.815643570894
 0.16290727   0.813251186069
 0.16541353   0.810872967186
 0.16791980   0.808508880594
 0.17042607   0.806158892922
 0.17293233   0.803822971078
 0.17543860   0.801501082242
 0.17794486   0.799193193870
 0.18045113   0.796899273686
 0.18295739   0.794619289686
 0.18546366   0.792353210132
 0.18796992   0.790101003549
 0.19047619   0.787862638730
 0.19298246   0.785638084725
 0.19548872   0.783427310845
 0.19799499   0.781230286659
 0.20050125   0.779046981993
 0.20300752   0.776877366924
 0.20551378   0.774721411783
 0.20802005   0.772579087152
 0.21052632   0.770450363862
 0.21303258   0.768335212988
 0.21553885   0.766233605855
 0.21804511   0.764145514027
 0.22055138   0.762070909314
 0.22305764   0.760009763764
 0.22556391   0.757962049663
 0.22807018   0.755927739536
 0.23057644   0.753906806143
 0.23308271   0.751899222478
 0.23558897   0.749904961767
 0.23809524   0.747923997466
 0.24060150   0.745956303262
 0.24310777   0.744001853069
 0.24561404   0.742060621027
 0.24812030   0.740132581503
 0.25062657   0.738217709083
 0.25313283   0.736315978580
 0.25563910   0.734427365025
 0.25814536   0.732551843667
 0.26065163   0.730689389976
 0.26315789   0.728839979635
 0.26566416   0.727003588545
 0.26817043   0.725180192819
 0.27067669   0.723369768783
 0.27318296   0.721572292973
 0.27568922   0.719787742137
 0.27819549   0.718016093229
 0.28070175   0.716257323413
 0.28320802   0.714511410056
 0.28571429   0.712778330731
 0.28822055   0.711058063217
 0.29072682   0.709350585491
 0.29323308   0.707655875734
 0.29573935   0.705973912327
 0.29824561   0.704304673847
 0.30075188   0.702648139073
 0.30325815   0.701004286977
 0.30576441   0.699373096728
 0.30827068   0.697754547689
 0.31077694   0.696148619416
 0.31328321   0.694555291656
 0.31578947   0.692974544350
 0.31829574   0.691406357626
 0.32080201   0.689850711803
 0.32330827   0.688307587385
 0.32581454   0.686776965067
 0.32832080   0.685258825726
 0.33082707   0.683753150427
 0.33333333   0.682259920415
 0.33583960   0.680779117122
 0.33834586   0.679310722160
 0.34085213   0.677854717320
 0.34335840   0.676411084578
 0.34586466   0.674979806083
 0.34837093   0.673560864168
 0.35087719   0.672154241338
 0.35338346   0.670759920279
 0.35588972   0.669377883849
 0.35839599   0.668008115082
 0.36090226   0.666650597186
 0.36340852   0.665305313540
 0.36591479   0.663972247699
 0.36842105   0.662651383385
 0.37092732   0.661342704492
 0.37343358   0.660046195085
 0.37593985   0.658761839394
 0.37844612   0.657489621821
 0.38095238   0.656229526933
 0.38345865   0.654981539464
 0.38596491   0.653745644313
 0.38847118   0.652521826545
 0.39097744   0.651310071388
 0.39348371   0.650110364234
 0.39598997   0.648922690638
 0.39849624   0.647747036315
 0.40100251   0.646583387145
 0.40350877   0.645431729164
 0.40601504   0.644292048572
 0.40852130   0.643164331725
 0.41102757   0.642048565140
 0.41353383   0.640944735490
 0.41604010   0.639852829606
 0.41854637   0.638772834476
 0.42105263   0.637704737242
 0.42355890   0.636648525204
 0.42606516   0.635604185814
 0.42857143   0.634571706681
 0.43107769   0.633551075564
 0.43358396   0.632542280378
 0.43609023   0.631545309189
 0.43859649   0.630560150214
 0.44110276   0.629586791822
 0.44360902   0.628625222532
 0.44611529   0.627675431014
 0.44862155   0.626737406087
 0.45112782   0.625811136718
 0.45363409   0.624896612023
 0.45614035   0.623993821268
 0.45864662   0.623102753862
 0.46115288   0.622223399365
 0.46365915   0.621355747481
 0.46616541   0.620499788060
 0.46867168   0.619655511100
 0.47117794   0.618822906740
 0.47368421   0.618001965266
 0.47619048   0.617192677107
 0.47869674   0.616395032836
 0.48120301   0.615609023170
 0.48370927   0.614834638967
 0.48621554   0.614071871227
 0.48872180   0.613320711094
 0.49122807   0.612581149851
 0.49373434   0.611853178924
 0.49624060   0.611136789878
 0.49874687   0.610431974419
 0.50125313   0.609738724392
 0.50375940   0.609057031784
 0.50626566   0.608386888717
 0.50877193   0.607728287454
 0.51127820   0.607081220397
 0.51378446   0.606445680084
 0.51629073   0.605821659193
 0.51879699   0.605209150536
 0.52130326   0.604608147065
 0.52380952   0.604018641867
 0.52631579   0.603440628166
 0.52882206   0.602874099321
 0.53132832   0.602319048828
 0.53383459   0.601775470318
 0.53634085   0.601243357555
 0.53884712   0.600722704442
 0.54135338   0.600213505012
 0.54385965   0.599715753435
 0.54636591   0.599229444015
 0.54887218   0.598754571187
 0.55137845   0.598291129524
 0.55388471   0.597839113727
 0.55639098   0.597398518633
 0.55889724   0.596969339213
 0.56140351   0.596551570567
 0.56390977   0.596145207929
 0.56641604   0.595750246665
 0.56892231   0.595366682273
 0.57142857   0.594994510383
 0.57393484   0.594633726755
 0.57644110   0.594284327281
 0.57894737   0.593946307985
 0.58145363   0.593619665020
 0.58395990   0.593304394670
 0.58646617   0.593000493352
 0.58897243   0.592707957610
 0.59147870   0.592426784120
 0.59398496   0.592156969687
 0.59649123   0.591898511248
 0.59899749   0.591651405868
 0.60150376   0.591415650741
 0.60401003   0.591191243192
 0.60651629   0.590978180674
 0.60902256   0.590776460772
 0.61152882   0.590586081197
 0.61403509   0.590407039789
 0.61654135   0.590239334520
 0.61904762   0.590082963489
 0.62155388   0.589937924923
 0.62406015   0.589804217178
 0.62656642   0.589681838740
 0.62907268   0.589570788223
 0.63157895   0.589471064368
 0.63408521   0.589382666046
 0.63659148   0.589305592256
 0.63909774   0.589239842125
 0.64160401   0.589185414909
 0.64411028   0.589142309991
 0.64661654   0.589110526883
 0.64912281   0.589090065225
 0.65162907   0.589080924787
 0.65413534   0.589083105463
 0.65664160   0.589096607280
 0.65914787   0.589121430389
 0.66165414   0.589157575073
 0.66416040   0.589205041739
 0.66666667   0.589263830926
 0.66917293   0.589333943299
 0.67167920   0.589415379653
 0.67418546   0.589508140908
 0.67669173   0.589612228117
 0.67919799   0.589727642457
 0.68170426   0.589854385237
 0.68421053   0.589992457892
 0.68671679   0.590141861986
 0.68922306   0.590302599213
 0.69172932   0.590474671395
 0.69423559   0.590658080482
 0.69674185   0.590852828553
 0.69924812   0.591058917817
 0.70175439   0.591276350612
 0.70426065   0.591505129405
 0.70676692   0.591745256790
 0.70927318   0.591996735495
 0.71177945   0.592259568373
 0.71428571   0.592533758410
 0.71679198   0.592819308719
 0.71929825   0.593116222546
 0.72180451   0.593424503265
 0.72431078   0.593744154380
 0.72681704   0.594075179527
 0.72932331   0.594417582472
 0.73182957   0.594771367110
 0.73433584   0.595136537470
 0.73684211   0.595513097709
 0.73934837   0.595901052118
 0.74185464   0.596300405118
 0.74436090   0.596711161261
 0.74686717   0.597133325234
 0.74937343   0.597566901852
 0.75187970   0.598011896065
 0.75438596   0.598468312955
 0.75689223   0.598936157737
 0.75939850   0.599415435758
 0.76190476   0.599906152500
 0.76441103   0.600408313577
 0.76691729   0.600921924737
 0.76942356   0.601446991863
 0.77192982   0.601983520971
 0.77443609   0.602531518214
 0.77694236   0.603090989876
 0.77944862   0.603661942381
 0.78195489   0.604244382283
 0.78446115   0.604838316277
 0.78696742   0.605443751191
 0.78947368   0.606060693990
 0.79197995   0.606689151776
 0.79448622   0.607329131788
 0.79699248   0.607980641403
 0.79949875   0.608643688134
 0.80200501   0.609318279634
 0.80451128   0.610004423693
 0.80701754   0.610702128241
 0.80952381   0.611411401347
 0.81203008   0.612132251218
 0.81453634   0.612864686203
 0.81704261   0.613608714791
 0.81954887   0.614364345610
 0.82205514   0.615131587431
 0.82456140   0.615910449165
 0.82706767   0.616700939867
 0.82957393   0.617503068733
 0.83208020   0.618316845103
 0.83458647   0.619142278457
 0.83709273   0.619979378423
 0.83959900   0.620828154770
 0.84210526   0.621688617414
 0.84461153   0.622560776414
 0.84711779   0.623444641976
 0.84962406   0.624340224452
 0.85213033   0.625247534340
 0.85463659   0.626166582285
 0.85714286   0.627097379079
 0.85964912   0.628039935665
 0.86215539   0.628994263131
 0.86466165   0.629960372716
 0.86716792   0.630938275808
 0.86967419   0.631927983947
 0.87218045   0.632929508820
 0.87468672   0.633942862270
 0.87719298   0.634968056288
 0.87969925   0.636005103021
 0.88220551   0.637054014765
 0.88471178   0.638114803973
 0.88721805   0.639187483252
 0.88972431   0.640272065361
 0.89223058   0.641368563219
 0.89473684   0.642476989898
 0.89724311   0.643597358626
 0.89974937   0.644729682793
 0.90225564   0.645873975941
 0.90476190   0.647030251776
 0.90726817   0.648198524161
 0.90977444   0.649378807119
 0.91228070   0.650571114835
 0.91478697   0.651775461654
 0.91729323   0.652991862084
 0.91979950   0.654220330796
 0.92230576   0.655460882626
 0.92481203   0.656713532572
 0.92731830   0.657978295798
 0.92982456   0.659255187634
 0.93233083   0.660544223578
 0.93483709   0.661845419294
 0.93734336   0.663158790613
 0.93984962   0.664484353539
 0.94235589   0.665822124242
 0.94486216   0.667172119065
 0.94736842   0.668534354521
 0.94987469   0.669908847297
 0.95238095   0.671295614251
 0.95488722   0.672694672416
 0.95739348   0.674106039002
 0.95989975   0.675529731392
 0.96240602   0.676965767147
 0.96491228   0.678414164005
 0.96741855   0.679874939883
 0.96992481   0.681348112877
 0.97243108   0.682833701264
 0.97493734   0.684331723501
 0.97744361   0.685842198229
 0.97994987   0.687365144272
 0.98245614   0.688900580636
 0.98496241   0.690448526516
 0.98746867   0.692009001289
 0.98997494   0.693582024523
 0.99248120   0.695167615972
 0.99498747   0.696765795580
 0.99749373   0.698376583480
 1.00000000   0.700000000000


# Solution for b = 0.80
 0.00000000   1.000000000000
 0.00250627   0.996800092834
 0.00501253   0.993617205685
 0.00751880   0.990451284466
 0.01002506   0.987302275547
 0.01253133   0.984170125757
 0.01503759   0.981054782372
 0.01754386   0.977956193115
 0.02005013   0.974874306152
 0.02255639   0.971809070089
 0.02506266   0.968760433963
 0.02756892   0.965728347245
 0.03007519   0.962712759832
 0.03258145   0.959713622042
 0.03508772   0.956730884615
 0.03759398   0.953764498705
 0.04010025   0.950814415880
 0.04260652   0.947880588114
 0.04511278   0.944962967788
 0.04761905   0.942061507683
 0.05012531   0.939176160979
 0.05263158   0.936306881250
 0.05513784   0.933453622461
 0.05764411   0.930616338965
 0.06015038   0.927794985500
 0.06265664   0.924989517185
 0.06516291   0.922199889516
 0.06766917   0.919426058366
 0.07017544   0.916667979978
 0.07268170   0.913925610965
 0.07518797   0.911198908305
 0.07769424   0.908487829337
 0.08020050   0.905792331763
 0.08270677   0.903112373639
 0.08521303   0.900447913375
 0.08771930   0.897798909734
 0.09022556   0.895165321823
 0.09273183   0.892547109098
 0.09523810   0.889944231357
 0.09774436   0.887356648734
 0.10025063   0.884784321705
 0.10275689   0.882227211077
 0.10526316   0.879685277990
 0.10776942   0.877158483911
 0.11027569   0.874646790637
 0.11278195   0.872150160286
 0.11528822   0.869668555298
 0.11779449   0.867201938432
 0.12030075   0.864750272764
 0.12280702   0.862313521683
 0.12531328   0.859891648890
 0.12781955   0.857484618396
 0.13032581   0.855092394516
 0.13283208   0.852714941874
 0.13533835   0.850352225392
 0.13784461   0.848004210293
 0.14035088   0.845670862100
 0.14285714   0.843352146629
 0.14536341   0.841048029991
 0.14786967   0.838758478585
 0.15037594   0.836483459103
 0.15288221   0.834222938521
 0.15538847   0.831976884102
 0.15789474   0.829745263390
 0.16040100   0.827528044210
 0.16290727   0.825325194666
 0.16541353   0.823136683138
 0.16791980   0.820962478283
 0.17042607   0.818802549027
 0.17293233   0.816656864570
 0.17543860   0.814525394380
 0.17794486   0.812408108192
 0.18045113   0.810304976005
 0.18295739   0.808215968083
 0.18546366   0.806141054951
 0.18796992   0.804080207394
 0.19047619   0.802033396454
 0.19298246   0.800000593431
 0.19548872   0.797981769878
 0.19799499   0.795976897602
 0.20050125   0.793985948658
 0.20300752   0.792008895356
 0.20551378   0.790045710248
 0.20802005   0.788096366137
 0.21052632   0.786160836067
 0.21303258   0.784239093326
 0.21553885   0.782331111444
 0.21804511   0.780436864191
 0.22055138   0.778556325575
 0.22305764   0.776689469839
 0.22556391   0.774836271464
 0.22807018   0.772996705163
 0.23057644   0.771170745883
 0.23308271   0.769358368799
 0.23558897   0.767559549318
 0.23809524   0.765774263074
 0.24060150   0.764002485928
 0.24310777   0.762244193966
 0.24561404   0.760499363498
 0.24812030   0.758767971056
 0.25062657   0.757049993394
 0.25313283   0.755345407484
 0.25563910   0.753654190520
 0.25814536   0.751976319910
 0.26065163   0.750311773280
 0.26315789   0.748660528469
 0.26566416   0.747022563532
 0.26817043   0.745397856733
 0.27067669   0.743786386550
 0.27318296   0.742188131669
 0.27568922   0.740603070986
 0.27819549   0.739031183603
 0.28070175   0.737472448830
 0.28320802   0.735926846182
 0.28571429   0.734394355377
 0.28822055   0.732874956336
 0.29072682   0.731368629183
 0.29323308   0.729875354242
 0.29573935   0.728395112037
 0.29824561   0.726927883290
 0.30075188   0.725473648923
 0.30325815   0.724032390051
 0.30576441   0.722604087987
 0.30827068   0.721188724238
 0.31077694   0.719786280505
 0.31328321   0.718396738680
 0.31578947   0.717020080848
 0.31829574   0.715656289284
 0.32080201   0.714305346454
 0.32330827   0.712967235011
 0.32581454   0.711641937797
 0.32832080   0.710329437840
 0.33082707   0.709029718355
 0.33333333   0.707742762742
 0.33583960   0.706468554584
 0.33834586   0.705207077648
 0.34085213   0.703958315886
 0.34335840   0.702722253428
 0.34586466   0.701498874588
 0.34837093   0.700288163857
 0.35087719   0.699090105907
 0.35338346   0.697904685589
 0.35588972   0.696731887930
 0.35839599   0.695571698136
 0.36090226   0.694424101587
 0.36340852   0.693289083840
 0.36591479   0.692166630625
 0.36842105   0.691056727847
 0.37092732   0.689959361585
 0.37343358   0.688874518088
 0.37593985   0.687802183778
 0.37844612   0.686742345250
 0.38095238   0.685694989265
 0.38345865   0.684660102758
 0.38596491   0.683637672830
 0.38847118   0.682627686752
 0.39097744   0.681630131963
 0.39348371   0.680644996067
 0.39598997   0.679672266835
 0.39849624   0.678711932207
 0.40100251   0.677763980283
 0.40350877   0.676828399333
 0.40601504   0.675905177786
 0.40852130   0.674994304238
 0.41102757   0.674095767446
 0.41353383   0.673209556330
 0.41604010   0.672335659973
 0.41854637   0.671474067616
 0.42105263   0.670624768663
 0.42355890   0.669787752678
 0.42606516   0.668963009384
 0.42857143   0.668150528664
 0.43107769   0.667350300558
 0.43358396   0.666562315265
 0.43609023   0.665786563143
 0.43859649   0.665023034704
 0.44110276   0.664271720619
 0.44360902   0.663532611714
 0.44611529   0.662805698973
 0.44862155   0.662090973532
 0.45112782   0.661388426685
 0.45363409   0.660698049878
 0.45614035   0.660019834712
 0.45864662   0.659353772941
 0.46115288   0.658699856474
 0.46365915   0.658058077371
 0.46616541   0.657428427845
 0.46867168   0.656810900261
 0.47117794   0.656205487135
 0.47368421   0.655612181136
 0.47619048   0.655030975082
 0.47869674   0.654461861944
 0.48120301   0.653904834840
 0.48370927   0.653359887040
 0.48621554   0.652827011963
 0.48872180   0.652306203178
 0.49122807   0.651797454403
 0.49373434   0.651300759502
 0.49624060   0.650816112492
 0.49874687   0.650343507533
 0.50125313   0.649882938937
 0.50375940   0.649434401160
 0.50626566   0.648997888808
 0.50877193   0.648573396633
 0.51127820   0.648160919534
 0.51378446   0.647760452554
 0.51629073   0.647371990886
 0.51879699   0.646995529868
 0.52130326   0.646631064981
 0.52380952   0.646278591855
 0.52631579   0.645938106263
 0.52882206   0.645609604125
 0.53132832   0.645293081505
 0.53383459   0.644988534612
 0.53634085   0.644695959798
 0.53884712   0.644415353562
 0.54135338   0.644146712546
 0.54385965   0.643890033535
 0.54636591   0.643645313460
 0.54887218   0.643412549395
 0.55137845   0.643191738556
 0.55388471   0.642982878306
 0.55639098   0.642785966147
 0.55889724   0.642600999728
 0.56140351   0.642427976839
 0.56390977   0.642266895414
 0.56641604   0.642117753529
 0.56892231   0.641980549404
 0.57142857   0.641855281401
 0.57393484   0.641741948025
 0.57644110   0.641640547923
 0.57894737   0.641551079886
 0.58145363   0.641473542846
 0.58395990   0.641407935878
 0.58646617   0.641354258199
 0.58897243   0.641312509169
 0.59147870   0.641282688290
 0.59398496   0.641264795206
 0.59649123   0.641258829703
 0.59899749   0.641264791712
 0.60150376   0.641282681302
 0.60401003   0.641312498687
 0.60651629   0.641354244223
 0.60902256   0.641407918407
 0.61152882   0.641473521881
 0.61403509   0.641551055426
 0.61654135   0.641640519968
 0.61904762   0.641741916574
 0.62155388   0.641855246454
 0.62406015   0.641980510961
 0.62656642   0.642117711589
 0.62907268   0.642266849976
 0.63157895   0.642427927904
 0.63408521   0.642600947294
 0.63659148   0.642785910215
 0.63909774   0.642982818874
 0.64160401   0.643191675624
 0.64411028   0.643412482961
 0.64661654   0.643645243525
 0.64912281   0.643889960097
 0.65162907   0.644146635604
 0.65413534   0.644415273116
 0.65664160   0.644695875846
 0.65914787   0.644988447153
 0.66165414   0.645292990539
 0.66416040   0.645609509651
 0.66666667   0.645938008279
 0.66917293   0.646278490359
 0.67167920   0.646630959973
 0.67418546   0.646995421347
 0.67669173   0.647371878851
 0.67919799   0.647760337002
 0.68170426   0.648160800464
 0.68421053   0.648573274045
 0.68671679   0.648997762700
 0.68922306   0.649434271529
 0.69172932   0.649882805782
 0.69423559   0.650343370854
 0.69674185   0.650815972286
 0.69924812   0.651300615768
 0.70175439   0.651797307138
 0.70426065   0.652306052382
 0.70676692   0.652826857633
 0.70927318   0.653359729174
 0.71177945   0.653904673436
 0.71428571   0.654461697001
 0.71679198   0.655030806598
 0.71929825   0.655612009108
 0.72180451   0.656205311562
 0.72431078   0.656810721140
 0.72681704   0.657428245174
 0.72932331   0.658057891148
 0.73182957   0.658699666697
 0.73433584   0.659353579607
 0.73684211   0.660019637819
 0.73934837   0.660697849424
 0.74185464   0.661388222667
 0.74436090   0.662090765948
 0.74686717   0.662805487820
 0.74937343   0.663532396990
 0.75187970   0.664271502320
 0.75438596   0.665022812829
 0.75689223   0.665786337688
 0.75939850   0.666562086229
 0.76190476   0.667350067937
 0.76441103   0.668150292455
 0.76691729   0.668962769585
 0.76942356   0.669787509285
 0.77192982   0.670624521673
 0.77443609   0.671473817026
 0.77694236   0.672335405780
 0.77944862   0.673209298532
 0.78195489   0.674095506039
 0.78446115   0.674994039218
 0.78696742   0.675904909151
 0.78947368   0.676828127079
 0.79197995   0.677763704407
 0.79448622   0.678711652705
 0.79699248   0.679671983705
 0.79949875   0.680644709303
 0.80200501   0.681629841563
 0.80451128   0.682627392713
 0.80701754   0.683637375148
 0.80952381   0.684659801428
 0.81203008   0.685694684285
 0.81453634   0.686742036614
 0.81704261   0.687801871485
 0.81954887   0.688874202132
 0.82205514   0.689959041962
 0.82456140   0.691056404554
 0.82706767   0.692166303657
 0.82957393   0.693288753194
 0.83208020   0.694423767258
 0.83458647   0.695571360120
 0.83709273   0.696731546223
 0.83959900   0.697904340187
 0.84210526   0.699089756805
 0.84461153   0.700287811050
 0.84711779   0.701498518073
 0.84962406   0.702721893200
 0.85213033   0.703957951940
 0.85463659   0.705206709980
 0.85714286   0.706468183188
 0.85964912   0.707742387615
 0.86215539   0.709029339491
 0.86466165   0.710329055235
 0.86716792   0.711641551446
 0.86967419   0.712966844909
 0.87218045   0.714304952595
 0.87468672   0.715655891664
 0.87719298   0.717019679461
 0.87969925   0.718396333522
 0.88220551   0.719785871570
 0.88471178   0.721188311521
 0.88721805   0.722603671483
 0.88972431   0.724031969754
 0.89223058   0.725473224827
 0.89473684   0.726927455391
 0.89724311   0.728394680328
 0.89974937   0.729874918718
 0.90225564   0.731368189839
 0.90476190   0.732874513165
 0.90726817   0.734393908374
 0.90977444   0.735926395342
 0.91228070   0.737471994146
 0.91478697   0.739030725069
 0.91729323   0.740602608596
 0.91979950   0.742187665417
 0.92230576   0.743785916429
 0.92481203   0.745397382738
 0.92731830   0.747022085657
 0.92982456   0.748660046707
 0.93233083   0.750311287625
 0.93483709   0.751975830355
 0.93734336   0.753653697059
 0.93984962   0.755344910110
 0.94235589   0.757049492100
 0.94486216   0.758767465836
 0.94736842   0.760498854345
 0.94987469   0.762243680873
 0.95238095   0.764001968888
 0.95488722   0.765773742080
 0.95739348   0.767559024363
 0.95989975   0.769357839876
 0.96240602   0.771170212985
 0.96491228   0.772996168283
 0.96741855   0.774835730594
 0.96992481   0.776688924972
 0.97243108   0.778555776703
 0.97493734   0.780436311308
 0.97744361   0.782330554542
 0.97994987   0.784238532396
 0.98245614   0.786160271102
 0.98496241   0.788095797129
 0.98746867   0.790045137190
 0.98997494   0.792008318239
 0.99248120   0.793985367475
 0.99498747   0.795976312344
 0.99749373   0.797981180538
 1.00000000   0.800000000000


# Solution for b = 0.90
 0.00000000   1.000000000000
 0.00250627   0.996981594229
 0.00501253   0.993980211562
 0.00751880   0.990995800983
 0.01002506   0.988028311916
 0.01253133   0.985077694219
 0.01503759   0.982143898186
 0.01754386   0.979226874537
 0.02005013   0.976326574418
 0.02255639   0.973442949395
 0.02506266   0.970575951454
 0.02756892   0.967725532991
 0.03007519   0.964891646817
 0.03258145   0.962074246145
 0.03508772   0.959273284596
 0.03759398   0.956488716189
 0.04010025   0.953720495337
 0.04260652   0.950968576852
 0.04511278   0.948232915930
 0.04761905   0.945513468158
 0.05012531   0.942810189504
 0.05263158   0.940123036318
 0.05513784   0.937451965326
 0.05764411   0.934796933628
 0.06015038   0.932157898697
 0.06265664   0.929534818370
 0.06516291   0.926927650854
 0.06766917   0.924336354714
 0.07017544   0.921760888876
 0.07268170   0.919201212622
 0.07518797   0.916657285588
 0.07769424   0.914129067758
 0.08020050   0.911616519467
 0.08270677   0.909119601394
 0.08521303   0.906638274560
 0.08771930   0.904172500325
 0.09022556   0.901722240388
 0.09273183   0.899287456781
 0.09523810   0.896868111868
 0.09774436   0.894464168342
 0.10025063   0.892075589224
 0.10275689   0.889702337859
 0.10526316   0.887344377912
 0.10776942   0.885001673370
 0.11027569   0.882674188535
 0.11278195   0.880361888024
 0.11528822   0.878064736768
 0.11779449   0.875782700007
 0.12030075   0.873515743286
 0.12280702   0.871263832460
 0.12531328   0.869026933684
 0.12781955   0.866805013416
 0.13032581   0.864598038410
 0.13283208   0.862405975720
 0.13533835   0.860228792692
 0.13784461   0.858066456965
 0.14035088   0.855918936471
 0.14285714   0.853786199425
 0.14536341   0.851668214334
 0.14786967   0.849564949984
 0.15037594   0.847476375448
 0.15288221   0.845402460076
 0.15538847   0.843343173497
 0.15789474   0.841298485619
 0.16040100   0.839268366620
 0.16290727   0.837252786956
 0.16541353   0.835251717349
 0.16791980   0.833265128793
 0.17042607   0.831292992550
 0.17293233   0.829335280143
 0.17543860   0.827391963365
 0.17794486   0.825463014266
 0.18045113   0.823548405158
 0.18295739   0.821648108613
 0.18546366   0.819762097457
 0.18796992   0.817890344774
 0.19047619   0.816032823901
 0.19298246   0.814189508425
 0.19548872   0.812360372185
 0.19799499   0.810545389271
 0.20050125   0.808744534016
 0.20300752   0.806957781002
 0.20551378   0.805185105054
 0.20802005   0.803426481240
 0.21052632   0.801681884868
 0.21303258   0.799951291489
 0.21553885   0.798234676889
 0.21804511   0.796532017094
 0.22055138   0.794843288361
 0.22305764   0.793168467187
 0.22556391   0.791507530297
 0.22807018   0.789860454649
 0.23057644   0.788227217432
 0.23308271   0.786607796063
 0.23558897   0.785002168185
 0.23809524   0.783410311671
 0.24060150   0.781832204614
 0.24310777   0.780267825333
 0.24561404   0.778717152371
 0.24812030   0.777180164489
 0.25062657   0.775656840670
 0.25313283   0.774147160114
 0.25563910   0.772651102241
 0.25814536   0.771168646684
 0.26065163   0.769699773295
 0.26315789   0.768244462136
 0.26566416   0.766802693486
 0.26817043   0.765374447833
 0.27067669   0.763959705876
 0.27318296   0.762558448525
 0.27568922   0.761170656898
 0.27819549   0.759796312319
 0.28070175   0.758435396321
 0.28320802   0.757087890640
 0.28571429   0.755753777219
 0.28822055   0.754433038203
 0.29072682   0.753125655938
 0.29323308   0.751831612974
 0.29573935   0.750550892061
 0.29824561   0.749283476147
 0.30075188   0.748029348380
 0.30325815   0.746788492105
 0.30576441   0.745560890865
 0.30827068   0.744346528398
 0.31077694   0.743145388636
 0.31328321   0.741957455707
 0.31578947   0.740782713932
 0.31829574   0.739621147822
 0.32080201   0.738472742083
 0.32330827   0.737337481610
 0.32581454   0.736215351487
 0.32832080   0.735106336990
 0.33082707   0.734010423580
 0.33333333   0.732927596908
 0.33583960   0.731857842810
 0.33834586   0.730801147311
 0.34085213   0.729757496617
 0.34335840   0.728726877123
 0.34586466   0.727709275404
 0.34837093   0.726704678220
 0.35087719   0.725713072514
 0.35338346   0.724734445409
 0.35588972   0.723768784211
 0.35839599   0.722816076405
 0.36090226   0.721876309655
 0.36340852   0.720949471806
 0.36591479   0.720035550881
 0.36842105   0.719134535079
 0.37092732   0.718246412778
 0.37343358   0.717371172533
 0.37593985   0.716508803073
 0.37844612   0.715659293303
 0.38095238   0.714822632304
 0.38345865   0.713998809331
 0.38596491   0.713187813811
 0.38847118   0.712389635345
 0.39097744   0.711604263707
 0.39348371   0.710831688843
 0.39598997   0.710071900871
 0.39849624   0.709324890078
 0.40100251   0.708590646923
 0.40350877   0.707869162036
 0.40601504   0.707160426215
 0.40852130   0.706464430426
 0.41102757   0.705781165807
 0.41353383   0.705110623662
 0.41604010   0.704452795461
 0.41854637   0.703807672845
 0.42105263   0.703175247620
 0.42355890   0.702555511757
 0.42606516   0.701948457395
 0.42857143   0.701354076838
 0.43107769   0.700772362556
 0.43358396   0.700203307181
 0.43609023   0.699646903514
 0.43859649   0.699103144515
 0.44110276   0.698572023311
 0.44360902   0.698053533192
 0.44611529   0.697547667611
 0.44862155   0.697054420182
 0.45112782   0.696573784684
 0.45363409   0.696105755055
 0.45614035   0.695650325398
 0.45864662   0.695207489976
 0.46115288   0.694777243211
 0.46365915   0.694359579690
 0.46616541   0.693954494158
 0.46867168   0.693561981521
 0.47117794   0.693182036844
 0.47368421   0.692814655353
 0.47619048   0.692459832434
 0.47869674   0.692117563632
 0.48120301   0.691787844649
 0.48370927   0.691470671350
 0.48621554   0.691166039755
 0.48872180   0.690873946045
 0.49122807   0.690594386557
 0.49373434   0.690327357789
 0.49624060   0.690072856394
 0.49874687   0.689830879185
 0.50125313   0.689601423131
 0.50375940   0.689384485360
 0.50626566   0.689180063156
 0.50877193   0.688988153962
 0.51127820   0.688808755375
 0.51378446   0.688641865152
 0.51629073   0.688487481206
 0.51879699   0.688345601605
 0.52130326   0.688216224577
 0.52380952   0.688099348502
 0.52631579   0.687994971922
 0.52882206   0.687903093529
 0.53132832   0.687823712178
 0.53383459   0.687756826875
 0.53634085   0.687702436785
 0.53884712   0.687660541227
 0.54135338   0.687631139680
 0.54385965   0.687614231775
 0.54636591   0.687609817301
 0.54887218   0.687617896203
 0.55137845   0.687638468582
 0.55388471   0.687671534695
 0.55639098   0.687717094955
 0.55889724   0.687775149932
 0.56140351   0.687845700350
 0.56390977   0.687928747091
 0.56641604   0.688024291194
 0.56892231   0.688132333852
 0.57142857   0.688252876415
 0.57393484   0.688385920391
 0.57644110   0.688531467443
 0.57894737   0.688689519391
 0.58145363   0.688860078212
 0.58395990   0.689043146038
 0.58646617   0.689238725160
 0.58897243   0.689446818025
 0.59147870   0.689667427238
 0.59398496   0.689900555560
 0.59649123   0.690146205909
 0.59899749   0.690404381363
 0.60150376   0.690675085156
 0.60401003   0.690958320679
 0.60651629   0.691254091482
 0.60902256   0.691562401274
 0.61152882   0.691883253921
 0.61403509   0.692216653447
 0.61654135   0.692562604038
 0.61904762   0.692921110035
 0.62155388   0.693292175942
 0.62406015   0.693675806418
 0.62656642   0.694072006285
 0.62907268   0.694480780525
 0.63157895   0.694902134278
 0.63408521   0.695336072846
 0.63659148   0.695782601691
 0.63909774   0.696241726436
 0.64160401   0.696713452866
 0.64411028   0.697197786927
 0.64661654   0.697694734727
 0.64912281   0.698204302535
 0.65162907   0.698726496784
 0.65413534   0.699261324069
 0.65664160   0.699808791149
 0.65914787   0.700368904945
 0.66165414   0.700941672542
 0.66416040   0.701527101192
 0.66666667   0.702125198307
 0.66917293   0.702735971467
 0.67167920   0.703359428417
 0.67418546   0.703995577068
 0.67669173   0.704644425495
 0.67919799   0.705305981941
 0.68170426   0.705980254816
 0.68421053   0.706667252698
 0.68671679   0.707366984332
 0.68922306   0.708079458631
 0.69172932   0.708804684677
 0.69423559   0.709542671721
 0.69674185   0.710293429184
 0.69924812   0.711056966658
 0.70175439   0.711833293904
 0.70426065   0.712622420856
 0.70676692   0.713424357617
 0.70927318   0.714239114465
 0.71177945   0.715066701848
 0.71428571   0.715907130391
 0.71679198   0.716760410889
 0.71929825   0.717626554314
 0.72180451   0.718505571812
 0.72431078   0.719397474704
 0.72681704   0.720302274487
 0.72932331   0.721219982837
 0.73182957   0.722150611605
 0.73433584   0.723094172821
 0.73684211   0.724050678692
 0.73934837   0.725020141608
 0.74185464   0.726002574135
 0.74436090   0.726997989021
 0.74686717   0.728006399196
 0.74937343   0.729027817771
 0.75187970   0.730062258039
 0.75438596   0.731109733479
 0.75689223   0.732170257750
 0.75939850   0.733243844700
 0.76190476   0.734330508359
 0.76441103   0.735430262946
 0.76691729   0.736543122864
 0.76942356   0.737669102708
 0.77192982   0.738808217257
 0.77443609   0.739960481483
 0.77694236   0.741125910546
 0.77944862   0.742304519797
 0.78195489   0.743496324781
 0.78446115   0.744701341233
 0.78696742   0.745919585083
 0.78947368   0.747151072455
 0.79197995   0.748395819669
 0.79448622   0.749653843240
 0.79699248   0.750925159880
 0.79949875   0.752209786500
 0.80200501   0.753507740209
 0.80451128   0.754819038318
 0.80701754   0.756143698334
 0.80952381   0.757481737972
 0.81203008   0.758833175144
 0.81453634   0.760198027969
 0.81704261   0.761576314771
 0.81954887   0.762968054077
 0.82205514   0.764373264623
 0.82456140   0.765791965354
 0.82706767   0.767224175419
 0.82957393   0.768669914183
 0.83208020   0.770129201218
 0.83458647   0.771602056309
 0.83709273   0.773088499456
 0.83959900   0.774588550870
 0.84210526   0.776102230980
 0.84461153   0.777629560432
 0.84711779   0.779170560089
 0.84962406   0.780725251033
 0.85213033   0.782293654565
 0.85463659   0.783875792211
 0.85714286   0.785471685716
 0.85964912   0.787081357050
 0.86215539   0.788704828411
 0.86466165   0.790342122219
 0.86716792   0.791993261125
 0.86967419   0.793658268008
 0.87218045   0.795337165978
 0.87468672   0.797029978376
 0.87719298   0.798736728776
 0.87969925   0.800457440988
 0.88220551   0.802192139056
 0.88471178   0.803940847264
 0.88721805   0.805703590132
 0.88972431   0.807480392421
 0.89223058   0.809271279135
 0.89473684   0.811076275520
 0.89724311   0.812895407067
 0.89974937   0.814728699513
 0.90225564   0.816576178844
 0.90476190   0.818437871293
 0.90726817   0.820313803345
 0.90977444   0.822204001739
 0.91228070   0.824108493466
 0.91478697   0.826027305774
 0.91729323   0.827960466167
 0.91979950   0.829908002411
 0.92230576   0.831869942529
 0.92481203   0.833846314809
 0.92731830   0.835837147803
 0.92982456   0.837842470328
 0.93233083   0.839862311470
 0.93483709   0.841896700584
 0.93734336   0.843945667296
 0.93984962   0.846009241506
 0.94235589   0.848087453389
 0.94486216   0.850180333396
 0.94736842   0.852287912260
 0.94987469   0.854410220991
 0.95238095   0.856547290884
 0.95488722   0.858699153519
 0.95739348   0.860865840762
 0.95989975   0.863047384768
 0.96240602   0.865243817984
 0.96491228   0.867455173148
 0.96741855   0.869681483295
 0.96992481   0.871922781757
 0.97243108   0.874179102164
 0.97493734   0.876450478450
 0.97744361   0.878736944851
 0.97994987   0.881038535910
 0.98245614   0.883355286477
 0.98496241   0.885687231714
 0.98746867   0.888034407096
 0.98997494   0.890396848414
 0.99248120   0.892774591773
 0.99498747   0.895167673603
 0.99749373   0.897576130654
 1.00000000   0.900000000000


# Solution for b = 1.00
 0.00000000   1.000000000000
 0.00250627   0.997160793617
 0.00501253   0.994338613388
 0.00751880   0.991533411329
 0.01002506   0.988745139879
 0.01253133   0.985973751898
 0.01503759   0.983219200658
 0.01754386   0.980481439846
 0.02005013   0.977760423557
 0.02255639   0.975056106289
 0.02506266   0.972368442945
 0.02756892   0.969697388824
 0.03007519   0.967042899621
 0.03258145   0.964404931422
 0.03508772   0.961783440704
 0.03759398   0.959178384327
 0.04010025   0.956589719533
 0.04260652   0.954017403946
 0.04511278   0.951461395564
 0.04761905   0.948921652759
 0.05012531   0.946398134272
 0.05263158   0.943890799213
 0.05513784   0.941399607056
 0.05764411   0.938924517633
 0.06015038   0.936465491141
 0.06265664   0.934022488126
 0.06516291   0.931595469493
 0.06766917   0.929184396492
 0.07017544   0.926789230725
 0.07268170   0.924409934136
 0.07518797   0.922046469013
 0.07769424   0.919698797982
 0.08020050   0.917366884007
 0.08270677   0.915050690387
 0.08521303   0.912750180753
 0.08771930   0.910465319065
 0.09022556   0.908196069610
 0.09273183   0.905942396999
 0.09523810   0.903704266168
 0.09774436   0.901481642371
 0.10025063   0.899274491179
 0.10275689   0.897082778479
 0.10526316   0.894906470472
 0.10776942   0.892745533669
 0.11027569   0.890599934889
 0.11278195   0.888469641258
 0.11528822   0.886354620207
 0.11779449   0.884254839467
 0.12030075   0.882170267070
 0.12280702   0.880100871347
 0.12531328   0.878046620923
 0.12781955   0.876007484719
 0.13032581   0.873983431944
 0.13283208   0.871974432101
 0.13533835   0.869980454978
 0.13784461   0.868001470651
 0.14035088   0.866037449477
 0.14285714   0.864088362098
 0.14536341   0.862154179434
 0.14786967   0.860234872685
 0.15037594   0.858330413327
 0.15288221   0.856440773110
 0.15538847   0.854565924058
 0.15789474   0.852705838465
 0.16040100   0.850860488896
 0.16290727   0.849029848182
 0.16541353   0.847213889421
 0.16791980   0.845412585976
 0.17042607   0.843625911472
 0.17293233   0.841853839794
 0.17543860   0.840096345089
 0.17794486   0.838353401759
 0.18045113   0.836624984465
 0.18295739   0.834911068120
 0.18546366   0.833211627893
 0.18796992   0.831526639204
 0.19047619   0.829856077722
 0.19298246   0.828199919365
 0.19548872   0.826558140299
 0.19799499   0.824930716937
 0.20050125   0.823317625933
 0.20300752   0.821718844188
 0.20551378   0.820134348842
 0.20802005   0.818564117276
 0.21052632   0.817008127110
 0.21303258   0.815466356202
 0.21553885   0.813938782647
 0.21804511   0.812425384771
 0.22055138   0.810926141140
 0.22305764   0.809441030547
 0.22556391   0.807970032019
 0.22807018   0.806513124813
 0.23057644   0.805070288413
 0.23308271   0.803641502533
 0.23558897   0.802226747111
 0.23809524   0.800826002312
 0.24060150   0.799439248524
 0.24310777   0.798066466358
 0.24561404   0.796707636647
 0.24812030   0.795362740446
 0.25062657   0.794031759027
 0.25313283   0.792714673883
 0.25563910   0.791411466723
 0.25814536   0.790122119472
 0.26065163   0.788846614273
 0.26315789   0.787584933480
 0.26566416   0.786337059663
 0.26817043   0.785102975603
 0.27067669   0.783882664292
 0.27318296   0.782676108934
 0.27568922   0.781483292942
 0.27819549   0.780304199936
 0.28070175   0.779138813745
 0.28320802   0.777987118405
 0.28571429   0.776849098158
 0.28822055   0.775724737449
 0.29072682   0.774614020928
 0.29323308   0.773516933451
 0.29573935   0.772433460071
 0.29824561   0.771363586047
 0.30075188   0.770307296837
 0.30325815   0.769264578098
 0.30576441   0.768235415689
 0.30827068   0.767219795664
 0.31077694   0.766217704276
 0.31328321   0.765229127976
 0.31578947   0.764254053409
 0.31829574   0.763292467416
 0.32080201   0.762344357034
 0.32330827   0.761409709491
 0.32581454   0.760488512210
 0.32832080   0.759580752808
 0.33082707   0.758686419090
 0.33333333   0.757805499056
 0.33583960   0.756937980894
 0.33834586   0.756083852982
 0.34085213   0.755243103889
 0.34335840   0.754415722371
 0.34586466   0.753601697373
 0.34837093   0.752801018026
 0.35087719   0.752013673649
 0.35338346   0.751239653746
 0.35588972   0.750478948009
 0.35839599   0.749731546314
 0.36090226   0.748997438719
 0.36340852   0.748276615470
 0.36591479   0.747569066994
 0.36842105   0.746874783903
 0.37092732   0.746193756988
 0.37343358   0.745525977226
 0.37593985   0.744871435774
 0.37844612   0.744230123968
 0.38095238   0.743602033328
 0.38345865   0.742987155551
 0.38596491   0.742385482517
 0.38847118   0.741797006282
 0.39097744   0.741221719083
 0.39348371   0.740659613334
 0.39598997   0.740110681628
 0.39849624   0.739574916736
 0.40100251   0.739052311604
 0.40350877   0.738542859358
 0.40601504   0.738046553299
 0.40852130   0.737563386902
 0.41102757   0.737093353822
 0.41353383   0.736636447887
 0.41604010   0.736192663099
 0.41854637   0.735761993638
 0.42105263   0.735344433856
 0.42355890   0.734939978280
 0.42606516   0.734548621611
 0.42857143   0.734170358725
 0.43107769   0.733805184668
 0.43358396   0.733453094662
 0.43609023   0.733114084101
 0.43859649   0.732788148552
 0.44110276   0.732475283754
 0.44360902   0.732175485618
 0.44611529   0.731888750227
 0.44862155   0.731615073836
 0.45112782   0.731354452872
 0.45363409   0.731106883933
 0.45614035   0.730872363787
 0.45864662   0.730650889376
 0.46115288   0.730442457809
 0.46365915   0.730247066369
 0.46616541   0.730064712508
 0.46867168   0.729895393849
 0.47117794   0.729739108185
 0.47368421   0.729595853479
 0.47619048   0.729465627864
 0.47869674   0.729348429644
 0.48120301   0.729244257293
 0.48370927   0.729153109453
 0.48621554   0.729074984937
 0.48872180   0.729009882727
 0.49122807   0.728957801977
 0.49373434   0.728918742008
 0.49624060   0.728892702311
 0.49874687   0.728879682547
 0.50125313   0.728879682547
 0.50375940   0.728892702311
 0.50626566   0.728918742008
 0.50877193   0.728957801977
 0.51127820   0.729009882727
 0.51378446   0.729074984937
 0.51629073   0.729153109453
 0.51879699   0.729244257293
 0.52130326   0.729348429644
 0.52380952   0.729465627864
 0.52631579   0.729595853479
 0.52882206   0.729739108185
 0.53132832   0.729895393849
 0.53383459   0.730064712508
 0.53634085   0.730247066369
 0.53884712   0.730442457809
 0.54135338   0.730650889376
 0.54385965   0.730872363787
 0.54636591   0.731106883933
 0.54887218   0.731354452872
 0.55137845   0.731615073836
 0.55388471   0.731888750227
 0.55639098   0.732175485618
 0.55889724   0.732475283754
 0.56140351   0.732788148552
 0.56390977   0.733114084101
 0.56641604   0.733453094662
 0.56892231   0.733805184668
 0.57142857   0.734170358725
 0.57393484   0.734548621611
 0.57644110   0.734939978280
 0.57894737   0.735344433856
 0.58145363   0.735761993638
 0.58395990   0.736192663099
 0.58646617   0.736636447887
 0.58897243   0.737093353822
 0.59147870   0.737563386902
 0.59398496   0.738046553299
 0.59649123   0.738542859358
 0.59899749   0.739052311604
 0.60150376   0.739574916736
 0.60401003   0.740110681628
 0.60651629   0.740659613334
 0.60902256   0.741221719083
 0.61152882   0.741797006282
 0.61403509   0.742385482517
 0.61654135   0.742987155551
 0.61904762   0.743602033328
 0.62155388   0.744230123968
 0.62406015   0.744871435774
 0.62656642   0.745525977226
 0.62907268   0.746193756988
 0.63157895   0.746874783903
 0.63408521   0.747569066994
 0.63659148   0.748276615470
 0.63909774   0.748997438719
 0.64160401   0.749731546314
 0.64411028   0.750478948009
 0.64661654   0.751239653746
 0.64912281   0.752013673649
 0.65162907   0.752801018026
 0.65413534   0.753601697373
 0.65664160   0.754415722371
 0.65914787   0.755243103889
 0.66165414   0.756083852982
 0.66416040   0.756937980894
 0.66666667   0.757805499056
 0.66917293   0.758686419090
 0.67167920   0.759580752808
 0.67418546   0.760488512210
 0.67669173   0.761409709491
 0.67919799   0.762344357034
 0.68170426   0.763292467416
 0.68421053   0.764254053409
 0.68671679   0.765229127976
 0.68922306   0.766217704276
 0.69172932   0.767219795664
 0.69423559   0.768235415689
 0.69674185   0.769264578098
 0.69924812   0.770307296837
 0.70175439   0.771363586047
 0.70426065   0.772433460071
 0.70676692   0.773516933451
 0.70927318   0.774614020928
 0.71177945   0.775724737449
 0.71428571   0.776849098158
 0.71679198   0.777987118405
 0.71929825   0.779138813745
 0.72180451   0.780304199936
 0.72431078   0.781483292942
 0.72681704   0.782676108934
 0.72932331   0.783882664292
 0.73182957   0.785102975603
 0.73433584   0.786337059663
 0.73684211   0.787584933480
 0.73934837   0.788846614273
 0.74185464   0.790122119472
 0.74436090   0.791411466723
 0.74686717   0.792714673883
 0.74937343   0.794031759027
 0.75187970   0.795362740446
 0.75438596   0.796707636647
 0.75689223   0.798066466358
 0.75939850   0.799439248524
 0.76190476   0.800826002312
 0.76441103   0.802226747111
 0.76691729   0.803641502533
 0.76942356   0.805070288413
 0.77192982   0.806513124813
 0.77443609   0.807970032019
 0.77694236   0.809441030547
 0.77944862   0.810926141140
 0.78195489   0.812425384771
 0.78446115   0.813938782647
 0.78696742   0.815466356202
 0.78947368   0.817008127110
 0.79197995   0.818564117276
 0.79448622   0.820134348842
 0.79699248   0.821718844188
 0.79949875   0.823317625933
 0.80200501   0.824930716937
 0.80451128   0.826558140299
 0.80701754   0.828199919365
 0.80952381   0.829856077722
 0.81203008   0.831526639204
 0.81453634   0.833211627893
 0.81704261   0.834911068120
 0.81954887   0.836624984465
 0.82205514   0.838353401759
 0.82456140   0.840096345089
 0.82706767   0.841853839794
 0.82957393   0.843625911472
 0.83208020   0.845412585976
 0.83458647   0.847213889421
 0.83709273   0.849029848182
 0.83959900   0.850860488896
 0.84210526   0.852705838465
 0.84461153   0.854565924058
 0.84711779   0.856440773110
 0.84962406   0.858330413327
 0.85213033   0.860234872685
 0.85463659   0.862154179434
 0.85714286   0.864088362098
 0.85964912   0.866037449477
 0.86215539   0.868001470651
 0.86466165   0.869980454978
 0.86716792   0.871974432101
 0.86967419   0.873983431944
 0.87218045   0.876007484719
 0.87468672   0.878046620923
 0.87719298   0.880100871347
 0.87969925   0.882170267070
 0.88220551   0.884254839467
 0.88471178   0.886354620207
 0.88721805   0.888469641258
 0.88972431   0.890599934889
 0.89223058   0.892745533669
 0.89473684   0.894906470472
 0.89724311   0.897082778479
 0.89974937   0.899274491179
 0.90225564   0.901481642371
 0.90476190   0.903704266168
 0.90726817   0.905942396999
 0.90977444   0.908196069610
 0.91228070   0.910465319065
 0.91478697   0.912750180753
 0.91729323   0.915050690387
 0.91979950   0.917366884007
 0.92230576   0.919698797982
 0.92481203   0.922046469013
 0.92731830   0.924409934136
 0.92982456   0.926789230725
 0.93233083   0.929184396492
 0.93483709   0.931595469493
 0.93734336   0.934022488126
 0.93984962   0.936465491141
 0.94235589   0.938924517633
 0.94486216   0.941399607056
 0.94736842   0.943890799213
 0.94987469   0.946398134272
 0.95238095   0.948921652759
 0.95488722   0.951461395564
 0.95739348   0.954017403946
 0.95989975   0.956589719533
 0.96240602   0.959178384327
 0.96491228   0.961783440704
 0.96741855   0.964404931422
 0.96992481   0.967042899621
 0.97243108   0.969697388824
 0.97493734   0.972368442945
 0.97744361   0.975056106289
 0.97994987   0.977760423557
 0.98245614   0.980481439846
 0.98496241   0.983219200658
 0.98746867   0.985973751898
 0.98997494   0.988745139879
 0.99248120   0.991533411329
 0.99498747   0.994338613388
 0.99749373   0.997160793617
 1.00000000   1.000000000000


