# Solution for b = 0.00
 0.00000000   1.000000000000
 0.00100100   0.998109866190
 0.00200200   0.996222450965
 0.00300300   0.994337749198
 0.00400400   0.992455755781
 0.00500501   0.990576465620
 0.00600601   0.988699873640
 0.00700701   0.986825974784
 0.00800801   0.984954764008
 0.00900901   0.983086236288
 0.01001001   0.981220386614
 0.01101101   0.979357209995
 0.01201201   0.977496701456
 0.01301301   0.975638856036
 0.01401401   0.973783668792
 0.01501502   0.971931134798
 0.01601602   0.970081249143
 0.01701702   0.968234006932
 0.01801802   0.966389403287
 0.01901902   0.964547433346
 0.02002002   0.962708092260
 0.02102102   0.960871375201
 0.02202202   0.959037277351
 0.02302302   0.957205793913
 0.02402402   0.955376920101
 0.02502503   0.953550651148
 0.02602603   0.951726982301
 0.02702703   0.949905908822
 0.02802803   0.948087425990
 0.02902903   0.946271529097
 0.03003003   0.944458213453
 0.03103103   0.942647474380
 0.03203203   0.940839307217
 0.03303303   0.939033707319
 0.03403403   0.937230670053
 0.03503504   0.935430190804
 0.03603604   0.933632264970
 0.03703704   0.931836887964
 0.03803804   0.930044055214
 0.03903904   0.928253762163
 0.04004004   0.926466004269
 0.04104104   0.924680777002
 0.04204204   0.922898075850
 0.04304304   0.921117896312
 0.04404404   0.919340233905
 0.04504505   0.917565084157
 0.04604605   0.915792442612
 0.04704705   0.914022304828
 0.04804805   0.912254666376
 0.04904905   0.910489522843
 0.05005005   0.908726869829
 0.05105105   0.906966702948
 0.05205205   0.905209017827
 0.05305305   0.903453810108
 0.05405405   0.901701075446
 0.05505506   0.899950809512
 0.05605606   0.898203007987
 0.05705706   0.896457666568
 0.05805806   0.894714780965
 0.05905906   0.892974346901
 0.06006006   0.891236360115
 0.06106106   0.889500816355
 0.06206206   0.887767711386
 0.06306306   0.886037040984
 0.06406406   0.884308800941
 0.06506507   0.882582987058
 0.06606607   0.880859595153
 0.06706707   0.879138621056
 0.06806807   0.877420060608
 0.06906907   0.875703909666
 0.07007007   0.873990164098
 0.07107107   0.872278819784
 0.07207207   0.870569872621
 0.07307307   0.868863318513
 0.07407407   0.867159153381
 0.07507508   0.865457373158
 0.07607608   0.863757973787
 0.07707708   0.862060951227
 0.07807808   0.860366301447
 0.07907908   0.858674020430
 0.08008008   0.856984104170
 0.08108108   0.855296548675
 0.08208208   0.853611349964
 0.08308308   0.851928504068
 0.08408408   0.850248007032
 0.08508509   0.848569854912
 0.08608609   0.846894043775
 0.08708709   0.845220569703
 0.08808809   0.843549428787
 0.08908909   0.841880617132
 0.09009009   0.840214130853
 0.09109109   0.838549966079
 0.09209209   0.836888118949
 0.09309309   0.835228585616
 0.09409409   0.833571362242
 0.09509510   0.831916445003
 0.09609610   0.830263830085
 0.09709710   0.828613513687
 0.09809810   0.826965492018
 0.09909910   0.825319761300
 0.10010010   0.823676317765
 0.10110110   0.822035157658
 0.10210210   0.820396277235
 0.10310310   0.818759672762
 0.10410410   0.817125340517
 0.10510511   0.815493276790
 0.10610611   0.813863477883
 0.10710711   0.812235940105
 0.10810811   0.810610659781
 0.10910911   0.808987633244
 0.11011011   0.807366856840
 0.11111111   0.805748326924
 0.11211211   0.804132039863
 0.11311311   0.802517992035
 0.11411411   0.800906179830
 0.11511512   0.799296599645
 0.11611612   0.797689247892
 0.11711712   0.796084120991
 0.11811812   0.794481215375
 0.11911912   0.792880527486
 0.12012012   0.791282053776
 0.12112112   0.789685790709
 0.12212212   0.788091734759
 0.12312312   0.786499882410
 0.12412412   0.784910230159
 0.12512513   0.783322774509
 0.12612613   0.781737511977
 0.12712713   0.780154439089
 0.12812813   0.778573552381
 0.12912913   0.776994848401
 0.13013013   0.775418323703
 0.13113113   0.773843974857
 0.13213213   0.772271798438
 0.13313313   0.770701791034
 0.13413413   0.769133949243
 0.13513514   0.767568269672
 0.13613614   0.766004748937
 0.13713714   0.764443383667
 0.13813814   0.762884170498
 0.13913914   0.761327106077
 0.14014014   0.759772187062
 0.14114114   0.758219410119
 0.14214214   0.756668771924
 0.14314314   0.755120269164
 0.14414414   0.753573898534
 0.14514515   0.752029656740
 0.14614615   0.750487540497
 0.14714715   0.748947546529
 0.14814815   0.747409671572
 0.14914915   0.745873912368
 0.15015015   0.744340265670
 0.15115115   0.742808728242
 0.15215215   0.741279296856
 0.15315315   0.739751968292
 0.15415415   0.738226739342
 0.15515516   0.736703606806
 0.15615616   0.735182567493
 0.15715716   0.733663618221
 0.15815816   0.732146755818
 0.15915916   0.730631977122
 0.16016016   0.729119278978
 0.16116116   0.727608658241
 0.16216216   0.726100111776
 0.16316316   0.724593636455
 0.16416416   0.723089229162
 0.16516517   0.721586886786
 0.16616617   0.720086606229
 0.16716717   0.718588384399
 0.16816817   0.717092218214
 0.16916917   0.715598104602
 0.17017017   0.714106040496
 0.17117117   0.712616022842
 0.17217217   0.711128048593
 0.17317317   0.709642114711
 0.17417417   0.708158218165
 0.17517518   0.706676355935
 0.17617618   0.705196525008
 0.17717718   0.703718722381
 0.17817818   0.702242945059
 0.17917918   0.700769190055
 0.18018018   0.699297454390
 0.18118118   0.697827735095
 0.18218218   0.696360029208
 0.18318318   0.694894333778
 0.18418418   0.693430645858
 0.18518519   0.691968962513
 0.18618619   0.690509280815
 0.18718719   0.689051597845
 0.18818819   0.687595910690
 0.18918919   0.686142216448
 0.19019019   0.684690512224
 0.19119119   0.683240795130
 0.19219219   0.681793062289
 0.19319319   0.680347310830
 0.19419419   0.678903537890
 0.19519520   0.677461740614
 0.19619620   0.676021916156
 0.19719720   0.674584061679
 0.19819820   0.673148174350
 0.19919920   0.671714251348
 0.20020020   0.670282289859
 0.20120120   0.668852287074
 0.20220220   0.667424240195
 0.20320320   0.665998146432
 0.20420420   0.664574003000
 0.20520521   0.663151807125
 0.20620621   0.661731556038
 0.20720721   0.660313246978
 0.20820821   0.658896877195
 0.20920921   0.657482443943
 0.21021021   0.656069944484
 0.21121121   0.654659376090
 0.21221221   0.653250736038
 0.21321321   0.651844021614
 0.21421421   0.650439230111
 0.21521522   0.649036358829
 0.21621622   0.647635405077
 0.21721722   0.646236366170
 0.21821822   0.644839239431
 0.21921922   0.643444022190
 0.22022022   0.642050711785
 0.22122122   0.640659305562
 0.22222222   0.639269800872
 0.22322322   0.637882195075
 0.22422422   0.636496485538
 0.22522523   0.635112669635
 0.22622623   0.633730744747
 0.22722723   0.632350708264
 0.22822823   0.630972557580
 0.22922923   0.629596290099
 0.23023023   0.628221903231
 0.23123123   0.626849394392
 0.23223223   0.625478761008
 0.23323323   0.624110000508
 0.23423423   0.622743110332
 0.23523524   0.621378087924
 0.23623624   0.620014930737
 0.23723724   0.618653636230
 0.23823824   0.617294201869
 0.23923924   0.615936625127
 0.24024024   0.614580903483
 0.24124124   0.613227034425
 0.24224224   0.611875015446
 0.24324324   0.610524844047
 0.24424424   0.609176517733
 0.24524525   0.607830034021
 0.24624625   0.606485390429
 0.24724725   0.605142584485
 0.24824825   0.603801613724
 0.24924925   0.602462475686
 0.25025025   0.601125167919
 0.25125125   0.599789687976
 0.25225225   0.598456033419
 0.25325325   0.597124201813
 0.25425425   0.595794190734
 0.25525526   0.594465997761
 0.25625626   0.593139620481
 0.25725726   0.591815056487
 0.25825826   0.590492303380
 0.25925926   0.589171358766
 0.26026026   0.587852220256
 0.26126126   0.586534885471
 0.26226226   0.585219352035
 0.26326326   0.583905617580
 0.26426426   0.582593679746
 0.26526527   0.581283536175
 0.26626627   0.579975184519
 0.26726727   0.578668622436
 0.26826827   0.577363847587
 0.26926927   0.576060857644
 0.27027027   0.574759650281
 0.27127127   0.573460223181
 0.27227227   0.572162574032
 0.27327327   0.570866700528
 0.27427427   0.569572600370
 0.27527528   0.568280271264
 0.27627628   0.566989710923
 0.27727728   0.565700917065
 0.27827828   0.564413887417
 0.27927928   0.563128619708
 0.28028028   0.561845111675
 0.28128128   0.560563361061
 0.28228228   0.559283365616
 0.28328328   0.558005123093
 0.28428428   0.556728631255
 0.28528529   0.555453887866
 0.28628629   0.554180890701
 0.28728729   0.552909637537
 0.28828829   0.551640126159
 0.28928929   0.550372354357
 0.29029029   0.549106319927
 0.29129129   0.547842020671
 0.29229229   0.546579454396
 0.29329329   0.545318618916
 0.29429429   0.544059512050
 0.29529530   0.542802131623
 0.29629630   0.541546475465
 0.29729730   0.540292541412
 0.29829830   0.539040327308
 0.29929930   0.537789830998
 0.30030030   0.536541050337
 0.30130130   0.535293983184
 0.30230230   0.534048627402
 0.30330330   0.532804980862
 0.30430430   0.531563041439
 0.30530531   0.530322807015
 0.30630631   0.529084275476
 0.30730731   0.527847444715
 0.30830831   0.526612312629
 0.30930931   0.525378877122
 0.31031031   0.524147136102
 0.31131131   0.522917087483
 0.31231231   0.521688729185
 0.31331331   0.520462059133
 0.31431431   0.519237075257
 0.31531532   0.518013775493
 0.31631632   0.516792157782
 0.31731732   0.515572220070
 0.31831832   0.514353960309
 0.31931932   0.513137376456
 0.32032032   0.511922466475
 0.32132132   0.510709228331
 0.32232232   0.509497659998
 0.32332332   0.508287759455
 0.32432432   0.507079524684
 0.32532533   0.505872953674
 0.32632633   0.504668044419
 0.32732733   0.503464794918
 0.32832833   0.502263203175
 0.32932933   0.501063267199
 0.33033033   0.499864985004
 0.33133133   0.498668354611
 0.33233233   0.497473374044
 0.33333333   0.496280041331
 0.33433433   0.495088354509
 0.33533534   0.493898311616
 0.33633634   0.492709910699
 0.33733734   0.491523149805
 0.33833834   0.490338026991
 0.33933934   0.489154540316
 0.34034034   0.487972687845
 0.34134134   0.486792467648
 0.34234234   0.485613877799
 0.34334334   0.484436916378
 0.34434434   0.483261581470
 0.34534535   0.482087871163
 0.34634635   0.480915783553
 0.34734735   0.479745316739
 0.34834835   0.478576468823
 0.34934935   0.477409237916
 0.35035035   0.476243622131
 0.35135135   0.475079619587
 0.35235235   0.473917228406
 0.35335335   0.472756446717
 0.35435435   0.471597272652
 0.35535536   0.470439704350
 0.35635636   0.469283739953
 0.35735736   0.468129377606
 0.35835836   0.466976615463
 0.35935936   0.465825451680
 0.36036036   0.464675884417
 0.36136136   0.463527911841
 0.36236236   0.462381532121
 0.36336336   0.461236743434
 0.36436436   0.460093543958
 0.36536537   0.458951931877
 0.36636637   0.457811905381
 0.36736737   0.456673462664
 0.36836837   0.455536601922
 0.36936937   0.454401321359
 0.37037037   0.453267619181
 0.37137137   0.452135493601
 0.37237237   0.451004942834
 0.37337337   0.449875965101
 0.37437437   0.448748558627
 0.37537538   0.447622721641
 0.37637638   0.446498452378
 0.37737738   0.445375749076
 0.37837838   0.444254609978
 0.37937938   0.443135033331
 0.38038038   0.442017017386
 0.38138138   0.440900560401
 0.38238238   0.439785660635
 0.38338338   0.438672316354
 0.38438438   0.437560525825
 0.38538539   0.436450287324
 0.38638639   0.435341599128
 0.38738739   0.434234459518
 0.38838839   0.433128866782
 0.38938939   0.432024819209
 0.39039039   0.430922315096
 0.39139139   0.429821352741
 0.39239239   0.428721930448
 0.39339339   0.427624046525
 0.39439439   0.426527699283
 0.39539540   0.425432887039
 0.39639640   0.424339608113
 0.39739740   0.423247860830
 0.39839840   0.422157643518
 0.39939940   0.421068954511
 0.40040040   0.419981792145
 0.40140140   0.418896154762
 0.40240240   0.417812040706
 0.40340340   0.416729448329
 0.40440440   0.415648375982
 0.40540541   0.414568822023
 0.40640641   0.413490784815
 0.40740741   0.412414262723
 0.40840841   0.411339254116
 0.40940941   0.410265757369
 0.41041041   0.409193770860
 0.41141141   0.408123292971
 0.41241241   0.407054322087
 0.41341341   0.405986856598
 0.41441441   0.404920894898
 0.41541542   0.403856435385
 0.41641642   0.402793476462
 0.41741742   0.401732016533
 0.41841842   0.400672054009
 0.41941942   0.399613587302
 0.42042042   0.398556614831
 0.42142142   0.397501135018
 0.42242242   0.396447146287
 0.42342342   0.395394647067
 0.42442442   0.394343635793
 0.42542543   0.393294110900
 0.42642643   0.392246070830
 0.42742743   0.391199514027
 0.42842843   0.390154438940
 0.42942943   0.389110844021
 0.43043043   0.388068727727
 0.43143143   0.387028088516
 0.43243243   0.385988924853
 0.43343343   0.384951235205
 0.43443443   0.383915018044
 0.43543544   0.382880271845
 0.43643644   0.381846995085
 0.43743744   0.380815186248
 0.43843844   0.379784843820
 0.43943944   0.378755966290
 0.44044044   0.377728552153
 0.44144144   0.376702599905
 0.44244244   0.375678108048
 0.44344344   0.374655075086
 0.44444444   0.373633499527
 0.44544545   0.372613379883
 0.44644645   0.371594714670
 0.44744745   0.370577502406
 0.44844845   0.369561741616
 0.44944945   0.368547430824
 0.45045045   0.367534568562
 0.45145145   0.366523153363
 0.45245245   0.365513183763
 0.45345345   0.364504658304
 0.45445445   0.363497575530
 0.45545546   0.362491933988
 0.45645646   0.361487732231
 0.45745746   0.360484968812
 0.45845846   0.359483642291
 0.45945946   0.358483751229
 0.46046046   0.357485294192
 0.46146146   0.356488269748
 0.46246246   0.355492676470
 0.46346346   0.354498512934
 0.46446446   0.353505777719
 0.46546547   0.352514469409
 0.46646647   0.351524586588
 0.46746747   0.350536127847
 0.46846847   0.349549091778
 0.46946947   0.348563476979
 0.47047047   0.347579282049
 0.47147147   0.346596505591
 0.47247247   0.345615146213
 0.47347347   0.344635202523
 0.47447447   0.343656673136
 0.47547548   0.342679556668
 0.47647648   0.341703851739
 0.47747748   0.340729556972
 0.47847848   0.339756670996
 0.47947948   0.338785192438
 0.48048048   0.337815119934
 0.48148148   0.336846452119
 0.48248248   0.335879187633
 0.48348348   0.334913325120
 0.48448448   0.333948863227
 0.48548549   0.332985800603
 0.48648649   0.332024135901
 0.48748749   0.331063867777
 0.48848849   0.330104994892
 0.48948949   0.329147515907
 0.49049049   0.328191429490
 0.49149149   0.327236734308
 0.49249249   0.326283429035
 0.49349349   0.325331512346
 0.49449449   0.324380982920
 0.49549550   0.323431839439
 0.49649650   0.322484080588
 0.49749750   0.321537705055
 0.49849850   0.320592711533
 0.49949950   0.319649098715
 0.50050050   0.318706865299
 0.50150150   0.317766009986
 0.50250250   0.316826531481
 0.50350350   0.315888428490
 0.50450450   0.314951699723
 0.50550551   0.314016343895
 0.50650651   0.313082359720
 0.50750751   0.312149745920
 0.50850851   0.311218501216
 0.50950951   0.310288624333
 0.51051051   0.309360114002
 0.51151151   0.308432968953
 0.51251251   0.307507187921
 0.51351351   0.306582769644
 0.51451451   0.305659712863
 0.51551552   0.304738016322
 0.51651652   0.303817678767
 0.51751752   0.302898698948
 0.51851852   0.301981075619
 0.51951952   0.301064807534
 0.52052052   0.300149893454
 0.52152152   0.299236332139
 0.52252252   0.298324122354
 0.52352352   0.297413262867
 0.52452452   0.296503752449
 0.52552553   0.295595589873
 0.52652653   0.294688773916
 0.52752753   0.293783303357
 0.52852853   0.292879176978
 0.52952953   0.291976393565
 0.53053053   0.291074951906
 0.53153153   0.290174850792
 0.53253253   0.289276089016
 0.53353353   0.288378665376
 0.53453453   0.287482578671
 0.53553554   0.286587827704
 0.53653654   0.285694411280
 0.53753754   0.284802328208
 0.53853854   0.283911577297
 0.53953954   0.283022157364
 0.54054054   0.282134067223
 0.54154154   0.281247305695
 0.54254254   0.280361871601
 0.54354354   0.279477763768
 0.54454454   0.278594981023
 0.54554555   0.277713522197
 0.54654655   0.276833386123
 0.54754755   0.275954571638
 0.54854855   0.275077077581
 0.54954955   0.274200902793
 0.55055055   0.273326046120
 0.55155155   0.272452506408
 0.55255255   0.271580282508
 0.55355355   0.270709373272
 0.55455455   0.269839777556
 0.55555556   0.268971494218
 0.55655656   0.268104522120
 0.55755756   0.267238860124
 0.55855856   0.266374507098
 0.55955956   0.265511461910
 0.56056056   0.264649723432
 0.56156156   0.263789290539
 0.56256256   0.262930162108
 0.56356356   0.262072337018
 0.56456456   0.261215814152
 0.56556557   0.260360592395
 0.56656657   0.259506670634
 0.56756757   0.258654047761
 0.56856857   0.257802722668
 0.56956957   0.256952694251
 0.57057057   0.256103961408
 0.57157157   0.255256523039
 0.57257257   0.254410378049
 0.57357357   0.253565525344
 0.57457457   0.252721963831
 0.57557558   0.251879692423
 0.57657658   0.251038710034
 0.57757758   0.250199015578
 0.57857858   0.249360607977
 0.57957958   0.248523486151
 0.58058058   0.247687649024
 0.58158158   0.246853095522
 0.58258258   0.246019824576
 0.58358358   0.245187835117
 0.58458458   0.244357126079
 0.58558559   0.243527696398
 0.58658659   0.242699545015
 0.58758759   0.241872670871
 0.58858859   0.241047072910
 0.58958959   0.240222750080
 0.59059059   0.239399701328
 0.59159159   0.238577925608
 0.59259259   0.237757421874
 0.59359359   0.236938189082
 0.59459459   0.236120226191
 0.59559560   0.235303532164
 0.59659660   0.234488105964
 0.59759760   0.233673946557
 0.59859860   0.232861052914
 0.59959960   0.232049424006
 0.60060060   0.231239058805
 0.60160160   0.230429956290
 0.60260260   0.229622115438
 0.60360360   0.228815535231
 0.60460460   0.228010214652
 0.60560561   0.227206152687
 0.60660661   0.226403348326
 0.60760761   0.225601800557
 0.60860861   0.224801508376
 0.60960961   0.224002470776
 0.61061061   0.223204686757
 0.61161161   0.222408155319
 0.61261261   0.221612875463
 0.61361361   0.220818846196
 0.61461461   0.220026066525
 0.61561562   0.219234535458
 0.61661662   0.218444252010
 0.61761762   0.217655215193
 0.61861862   0.216867424025
 0.61961962   0.216080877524
 0.62062062   0.215295574713
 0.62162162   0.214511514614
 0.62262262   0.213728696254
 0.62362362   0.212947118662
 0.62462462   0.212166780867
 0.62562563   0.211387681903
 0.62662663   0.210609820804
 0.62762763   0.209833196609
 0.62862863   0.209057808357
 0.62962963   0.208283655091
 0.63063063   0.207510735854
 0.63163163   0.206739049692
 0.63263263   0.205968595656
 0.63363363   0.205199372796
 0.63463463   0.204431380165
 0.63563564   0.203664616818
 0.63663664   0.202899081814
 0.63763764   0.202134774213
 0.63863864   0.201371693077
 0.63963964   0.200609837470
 0.64064064   0.199849206459
 0.64164164   0.199089799113
 0.64264264   0.198331614503
 0.64364364   0.197574651702
 0.64464464   0.196818909786
 0.64564565   0.196064387832
 0.64664665   0.195311084921
 0.64764765   0.194559000134
 0.64864865   0.193808132555
 0.64964965   0.193058481271
 0.65065065   0.192310045371
 0.65165165   0.191562823945
 0.65265265   0.190816816086
 0.65365365   0.190072020889
 0.65465465   0.189328437451
 0.65565566   0.188586064872
 0.65665666   0.187844902253
 0.65765766   0.187104948697
 0.65865866   0.186366203310
 0.65965966   0.185628665200
 0.66066066   0.184892333477
 0.66166166   0.184157207252
 0.66266266   0.183423285641
 0.66366366   0.182690567759
 0.66466466   0.181959052725
 0.66566567   0.181228739658
 0.66666667   0.180499627682
 0.66766767   0.179771715921
 0.66866867   0.179045003502
 0.66966967   0.178319489554
 0.67067067   0.177595173206
 0.67167167   0.176872053593
 0.67267267   0.176150129849
 0.67367367   0.175429401111
 0.67467467   0.174709866518
 0.67567568   0.173991525211
 0.67667668   0.173274376334
 0.67767768   0.172558419031
 0.67867868   0.171843652450
 0.67967968   0.171130075739
 0.68068068   0.170417688051
 0.68168168   0.169706488538
 0.68268268   0.168996476356
 0.68368368   0.168287650661
 0.68468468   0.167580010614
 0.68568569   0.166873555376
 0.68668669   0.166168284109
 0.68768769   0.165464195979
 0.68868869   0.164761290154
 0.68968969   0.164059565802
 0.69069069   0.163359022094
 0.69169169   0.162659658205
 0.69269269   0.161961473309
 0.69369369   0.161264466583
 0.69469469   0.160568637207
 0.69569570   0.159873984361
 0.69669670   0.159180507228
 0.69769770   0.158488204994
 0.69869870   0.157797076845
 0.69969970   0.157107121970
 0.70070070   0.156418339560
 0.70170170   0.155730728807
 0.70270270   0.155044288907
 0.70370370   0.154359019056
 0.70470470   0.153674918451
 0.70570571   0.152991986295
 0.70670671   0.152310221788
 0.70770771   0.151629624135
 0.70870871   0.150950192543
 0.70970971   0.150271926219
 0.71071071   0.149594824373
 0.71171171   0.148918886217
 0.71271271   0.148244110965
 0.71371371   0.147570497832
 0.71471471   0.146898046036
 0.71571572   0.146226754795
 0.71671672   0.145556623332
 0.71771772   0.144887650869
 0.71871872   0.144219836631
 0.71971972   0.143553179845
 0.72072072   0.142887679740
 0.72172172   0.142223335545
 0.72272272   0.141560146494
 0.72372372   0.140898111821
 0.72472472   0.140237230761
 0.72572573   0.139577502552
 0.72672673   0.138918926435
 0.72772773   0.138261501650
 0.72872873   0.137605227442
 0.72972973   0.136950103054
 0.73073073   0.136296127734
 0.73173173   0.135643300731
 0.73273273   0.134991621296
 0.73373373   0.134341088680
 0.73473473   0.133691702139
 0.73573574   0.133043460927
 0.73673674   0.132396364304
 0.73773774   0.131750411528
 0.73873874   0.131105601860
 0.73973974   0.130461934565
 0.74074074   0.129819408906
 0.74174174   0.129178024151
 0.74274274   0.128537779568
 0.74374374   0.127898674427
 0.74474474   0.127260708000
 0.74574575   0.126623879562
 0.74674675   0.125988188387
 0.74774775   0.125353633753
 0.74874875   0.124720214938
 0.74974975   0.124087931225
 0.75075075   0.123456781895
 0.75175175   0.122826766232
 0.75275275   0.122197883522
 0.75375375   0.121570133054
 0.75475475   0.120943514117
 0.75575576   0.120318026001
 0.75675676   0.119693668000
 0.75775776   0.119070439408
 0.75875876   0.118448339522
 0.75975976   0.117827367640
 0.76076076   0.117207523061
 0.76176176   0.116588805087
 0.76276276   0.115971213021
 0.76376376   0.115354746169
 0.76476476   0.114739403835
 0.76576577   0.114125185330
 0.76676677   0.113512089962
 0.76776777   0.112900117044
 0.76876877   0.112289265888
 0.76976977   0.111679535810
 0.77077077   0.111070926127
 0.77177177   0.110463436155
 0.77277277   0.109857065217
 0.77377377   0.109251812633
 0.77477477   0.108647677726
 0.77577578   0.108044659822
 0.77677678   0.107442758247
 0.77777778   0.106841972329
 0.77877878   0.106242301399
 0.77977978   0.105643744788
 0.78078078   0.105046301829
 0.78178178   0.104449971857
 0.78278278   0.103854754209
 0.78378378   0.103260648222
 0.78478478   0.102667653236
 0.78578579   0.102075768594
 0.78678679   0.101484993637
 0.78778779   0.100895327711
 0.78878879   0.100306770161
 0.78978979   0.099719320335
 0.79079079   0.099132977584
 0.79179179   0.098547741258
 0.79279279   0.097963610709
 0.79379379   0.097380585292
 0.79479479   0.096798664363
 0.79579580   0.096217847280
 0.79679680   0.095638133400
 0.79779780   0.095059522086
 0.79879880   0.094482012699
 0.79979980   0.093905604602
 0.80080080   0.093330297163
 0.80180180   0.092756089746
 0.80280280   0.092182981722
 0.80380380   0.091610972459
 0.80480480   0.091040061330
 0.80580581   0.090470247708
 0.80680681   0.089901530968
 0.80780781   0.089333910486
 0.80880881   0.088767385640
 0.80980981   0.088201955809
 0.81081081   0.087637620375
 0.81181181   0.087074378720
 0.81281281   0.086512230229
 0.81381381   0.085951174286
 0.81481481   0.085391210279
 0.81581582   0.084832337596
 0.81681682   0.084274555629
 0.81781782   0.083717863769
 0.81881882   0.083162261409
 0.81981982   0.082607747943
 0.82082082   0.082054322769
 0.82182182   0.081501985284
 0.82282282   0.080950734888
 0.82382382   0.080400570981
 0.82482482   0.079851492967
 0.82582583   0.079303500248
 0.82682683   0.078756592230
 0.82782783   0.078210768320
 0.82882883   0.077666027928
 0.82982983   0.077122370461
 0.83083083   0.076579795333
 0.83183183   0.076038301955
 0.83283283   0.075497889743
 0.83383383   0.074958558112
 0.83483483   0.074420306479
 0.83583584   0.073883134264
 0.83683684   0.073347040887
 0.83783784   0.072812025769
 0.83883884   0.072278088333
 0.83983984   0.071745228006
 0.84084084   0.071213444212
 0.84184184   0.070682736379
 0.84284284   0.070153103937
 0.84384384   0.069624546316
 0.84484484   0.069097062948
 0.84584585   0.068570653266
 0.84684685   0.068045316707
 0.84784785   0.067521052705
 0.84884885   0.066997860699
 0.84984985   0.066475740128
 0.85085085   0.065954690433
 0.85185185   0.065434711056
 0.85285285   0.064915801440
 0.85385385   0.064397961032
 0.85485485   0.063881189276
 0.85585586   0.063365485621
 0.85685686   0.062850849517
 0.85785786   0.062337280414
 0.85885886   0.061824777764
 0.85985986   0.061313341020
 0.86086086   0.060802969639
 0.86186186   0.060293663076
 0.86286286   0.059785420788
 0.86386386   0.059278242236
 0.86486486   0.058772126880
 0.86586587   0.058267074182
 0.86686687   0.057763083605
 0.86786787   0.057260154614
 0.86886887   0.056758286676
 0.86986987   0.056257479258
 0.87087087   0.055757731829
 0.87187187   0.055259043859
 0.87287287   0.054761414820
 0.87387387   0.054264844186
 0.87487487   0.053769331431
 0.87587588   0.053274876031
 0.87687688   0.052781477463
 0.87787788   0.052289135207
 0.87887888   0.051797848741
 0.87987988   0.051307617547
 0.88088088   0.050818441109
 0.88188188   0.050330318910
 0.88288288   0.049843250436
 0.88388388   0.049357235174
 0.88488488   0.048872272612
 0.88588589   0.048388362239
 0.88688689   0.047905503548
 0.88788789   0.047423696029
 0.88888889   0.046942939176
 0.88988989   0.046463232486
 0.89089089   0.045984575453
 0.89189189   0.045506967576
 0.89289289   0.045030408353
 0.89389389   0.044554897286
 0.89489489   0.044080433875
 0.89589590   0.043607017624
 0.89689690   0.043134648037
 0.89789790   0.042663324621
 0.89889890   0.042193046881
 0.89989990   0.041723814326
 0.90090090   0.041255626466
 0.90190190   0.040788482812
 0.90290290   0.040322382877
 0.90390390   0.039857326173
 0.90490490   0.039393312216
 0.90590591   0.038930340523
 0.90690691   0.038468410610
 0.90790791   0.038007521996
 0.90890891   0.037547674203
 0.90990991   0.037088866750
 0.91091091   0.036631099162
 0.91191191   0.036174370961
 0.91291291   0.035718681675
 0.91391391   0.035264030828
 0.91491491   0.034810417950
 0.91591592   0.034357842569
 0.91691692   0.033906304216
 0.91791792   0.033455802423
 0.91891892   0.033006336723
 0.91991992   0.032557906650
 0.92092092   0.032110511741
 0.92192192   0.031664151531
 0.92292292   0.031218825560
 0.92392392   0.030774533367
 0.92492492   0.030331274493
 0.92592593   0.029889048479
 0.92692693   0.029447854869
 0.92792793   0.029007693208
 0.92892893   0.028568563042
 0.92992993   0.028130463917
 0.93093093   0.027693395383
 0.93193193   0.027257356988
 0.93293293   0.026822348284
 0.93393393   0.026388368822
 0.93493493   0.025955418158
 0.93593594   0.025523495844
 0.93693694   0.025092601436
 0.93793794   0.024662734493
 0.93893894   0.024233894573
 0.93993994   0.023806081235
 0.94094094   0.023379294039
 0.94194194   0.022953532549
 0.94294294   0.022528796328
 0.94394394   0.022105084940
 0.94494494   0.021682397951
 0.94594595   0.021260734928
 0.94694695   0.020840095439
 0.94794795   0.020420479055
 0.94894895   0.020001885345
 0.94994995   0.019584313883
 0.95095095   0.019167764240
 0.95195195   0.018752235992
 0.95295295   0.018337728714
 0.95395395   0.017924241983
 0.95495495   0.017511775377
 0.95595596   0.017100328476
 0.95695696   0.016689900860
 0.95795796   0.016280492110
 0.95895896   0.015872101811
 0.95995996   0.015464729545
 0.96096096   0.015058374898
 0.96196196   0.014653037458
 0.96296296   0.014248716810
 0.96396396   0.013845412546
 0.96496496   0.013443124254
 0.96596597   0.013041851526
 0.96696697   0.012641593955
 0.96796797   0.012242351135
 0.96896897   0.011844122659
 0.96996997   0.011446908125
 0.97097097   0.011050707131
 0.97197197   0.010655519273
 0.97297297   0.010261344152
 0.97397397   0.009868181370
 0.97497497   0.009476030527
 0.97597598   0.009084891228
 0.97697698   0.008694763076
 0.97797798   0.008305645678
 0.97897898   0.007917538639
 0.97997998   0.007530441569
 0.98098098   0.007144354076
 0.98198198   0.006759275770
 0.98298298   0.006375206263
 0.98398398   0.005992145167
 0.98498498   0.005610092097
 0.98598599   0.005229046667
 0.98698699   0.004849008493
 0.98798799   0.004469977193
 0.98898899   0.004091952385
 0.98998999   0.003714933688
 0.99099099   0.003338920724
 0.99199199   0.002963913115
 0.99299299   0.002589910482
 0.99399399   0.002216912452
 0.99499499   0.001844918648
 0.99599600   0.001473928697
 0.99699700   0.001103942228
 0.99799800   0.000734958869
 0.99899900   0.000366978249
 1.00000000   0.000000000000


# Solution for b = 0.10
 0.00000000   1.000000000000
 0.00100100   0.998188820271
 0.00200200   0.996380359341
 0.00300300   0.994574612298
 0.00400400   0.992771574245
 0.00500501   0.990971240303
 0.00600601   0.989173605608
 0.00700701   0.987378665312
 0.00800801   0.985586414582
 0.00900901   0.983796848603
 0.01001001   0.982009962575
 0.01101101   0.980225751713
 0.01201201   0.978444211248
 0.01301301   0.976665336427
 0.01401401   0.974889122512
 0.01501502   0.973115564782
 0.01601602   0.971344658530
 0.01701702   0.969576399063
 0.01801802   0.967810781707
 0.01901902   0.966047801800
 0.02002002   0.964287454696
 0.02102102   0.962529735765
 0.02202202   0.960774640392
 0.02302302   0.959022163976
 0.02402402   0.957272301931
 0.02502503   0.955525049687
 0.02602603   0.953780402687
 0.02702703   0.952038356390
 0.02802803   0.950298906270
 0.02902903   0.948562047815
 0.03003003   0.946827776527
 0.03103103   0.945096087922
 0.03203203   0.943366977534
 0.03303303   0.941640440907
 0.03403403   0.939916473602
 0.03503504   0.938195071192
 0.03603604   0.936476229267
 0.03703704   0.934759943430
 0.03803804   0.933046209297
 0.03903904   0.931335022498
 0.04004004   0.929626378679
 0.04104104   0.927920273499
 0.04204204   0.926216702629
 0.04304304   0.924515661756
 0.04404404   0.922817146581
 0.04504505   0.921121152816
 0.04604605   0.919427676189
 0.04704705   0.917736712442
 0.04804805   0.916048257328
 0.04904905   0.914362306615
 0.05005005   0.912678856085
 0.05105105   0.910997901531
 0.05205205   0.909319438763
 0.05305305   0.907643463602
 0.05405405   0.905969971880
 0.05505506   0.904298959447
 0.05605606   0.902630422162
 0.05705706   0.900964355899
 0.05805806   0.899300756545
 0.05905906   0.897639619999
 0.06006006   0.895980942174
 0.06106106   0.894324718993
 0.06206206   0.892670946397
 0.06306306   0.891019620334
 0.06406406   0.889370736769
 0.06506507   0.887724291678
 0.06606607   0.886080281048
 0.06706707   0.884438700881
 0.06806807   0.882799547190
 0.06906907   0.881162816002
 0.07007007   0.879528503353
 0.07107107   0.877896605296
 0.07207207   0.876267117893
 0.07307307   0.874640037219
 0.07407407   0.873015359361
 0.07507508   0.871393080419
 0.07607608   0.869773196503
 0.07707708   0.868155703738
 0.07807808   0.866540598259
 0.07907908   0.864927876213
 0.08008008   0.863317533760
 0.08108108   0.861709567070
 0.08208208   0.860103972328
 0.08308308   0.858500745726
 0.08408408   0.856899883472
 0.08508509   0.855301381784
 0.08608609   0.853705236891
 0.08708709   0.852111445035
 0.08808809   0.850520002468
 0.08908909   0.848930905454
 0.09009009   0.847344150270
 0.09109109   0.845759733202
 0.09209209   0.844177650548
 0.09309309   0.842597898619
 0.09409409   0.841020473734
 0.09509510   0.839445372228
 0.09609610   0.837872590441
 0.09709710   0.836302124730
 0.09809810   0.834733971460
 0.09909910   0.833168127007
 0.10010010   0.831604587758
 0.10110110   0.830043350113
 0.10210210   0.828484410481
 0.10310310   0.826927765282
 0.10410410   0.825373410947
 0.10510511   0.823821343918
 0.10610611   0.822271560648
 0.10710711   0.820724057601
 0.10810811   0.819178831250
 0.10910911   0.817635878080
 0.11011011   0.816095194586
 0.11111111   0.814556777275
 0.11211211   0.813020622662
 0.11311311   0.811486727275
 0.11411411   0.809955087650
 0.11511512   0.808425700336
 0.11611612   0.806898561890
 0.11711712   0.805373668880
 0.11811812   0.803851017886
 0.11911912   0.802330605495
 0.12012012   0.800812428307
 0.12112112   0.799296482931
 0.12212212   0.797782765987
 0.12312312   0.796271274103
 0.12412412   0.794762003919
 0.12512513   0.793254952084
 0.12612613   0.791750115258
 0.12712713   0.790247490110
 0.12812813   0.788747073319
 0.12912913   0.787248861574
 0.13013013   0.785752851574
 0.13113113   0.784259040028
 0.13213213   0.782767423654
 0.13313313   0.781277999180
 0.13413413   0.779790763344
 0.13513514   0.778305712893
 0.13613614   0.776822844584
 0.13713714   0.775342155184
 0.13813814   0.773863641469
 0.13913914   0.772387300225
 0.14014014   0.770913128246
 0.14114114   0.769441122337
 0.14214214   0.767971279312
 0.14314314   0.766503595995
 0.14414414   0.765038069217
 0.14514515   0.763574695820
 0.14614615   0.762113472657
 0.14714715   0.760654396586
 0.14814815   0.759197464478
 0.14914915   0.757742673210
 0.15015015   0.756290019672
 0.15115115   0.754839500760
 0.15215215   0.753391113379
 0.15315315   0.751944854446
 0.15415415   0.750500720882
 0.15515516   0.749058709623
 0.15615616   0.747618817608
 0.15715716   0.746181041790
 0.15815816   0.744745379128
 0.15915916   0.743311826589
 0.16016016   0.741880381152
 0.16116116   0.740451039801
 0.16216216   0.739023799533
 0.16316316   0.737598657350
 0.16416416   0.736175610264
 0.16516517   0.734754655296
 0.16616617   0.733335789476
 0.16716717   0.731919009841
 0.16816817   0.730504313437
 0.16916917   0.729091697320
 0.17017017   0.727681158553
 0.17117117   0.726272694208
 0.17217217   0.724866301365
 0.17317317   0.723461977112
 0.17417417   0.722059718548
 0.17517518   0.720659522777
 0.17617618   0.719261386913
 0.17717718   0.717865308079
 0.17817818   0.716471283403
 0.17917918   0.715079310025
 0.18018018   0.713689385092
 0.18118118   0.712301505757
 0.18218218   0.710915669185
 0.18318318   0.709531872546
 0.18418418   0.708150113018
 0.18518519   0.706770387791
 0.18618619   0.705392694057
 0.18718719   0.704017029022
 0.18818819   0.702643389895
 0.18918919   0.701271773895
 0.19019019   0.699902178251
 0.19119119   0.698534600196
 0.19219219   0.697169036973
 0.19319319   0.695805485833
 0.19419419   0.694443944034
 0.19519520   0.693084408842
 0.19619620   0.691726877531
 0.19719720   0.690371347382
 0.19819820   0.689017815685
 0.19919920   0.687666279737
 0.20020020   0.686316736841
 0.20120120   0.684969184310
 0.20220220   0.683623619464
 0.20320320   0.682280039630
 0.20420420   0.680938442143
 0.20520521   0.679598824344
 0.20620621   0.678261183585
 0.20720721   0.676925517221
 0.20820821   0.675591822618
 0.20920921   0.674260097147
 0.21021021   0.672930338189
 0.21121121   0.671602543129
 0.21221221   0.670276709362
 0.21321321   0.668952834289
 0.21421421   0.667630915319
 0.21521522   0.666310949868
 0.21621622   0.664992935358
 0.21721722   0.663676869221
 0.21821822   0.662362748894
 0.21921922   0.661050571820
 0.22022022   0.659740335453
 0.22122122   0.658432037251
 0.22222222   0.657125674680
 0.22322322   0.655821245213
 0.22422422   0.654518746330
 0.22522523   0.653218175517
 0.22622623   0.651919530270
 0.22722723   0.650622808089
 0.22822823   0.649328006482
 0.22922923   0.648035122964
 0.23023023   0.646744155057
 0.23123123   0.645455100288
 0.23223223   0.644167956195
 0.23323323   0.642882720318
 0.23423423   0.641599390207
 0.23523524   0.640317963418
 0.23623624   0.639038437514
 0.23723724   0.637760810063
 0.23823824   0.636485078642
 0.23923924   0.635211240833
 0.24024024   0.633939294226
 0.24124124   0.632669236418
 0.24224224   0.631401065009
 0.24324324   0.630134777611
 0.24424424   0.628870371838
 0.24524525   0.627607845313
 0.24624625   0.626347195665
 0.24724725   0.625088420529
 0.24824825   0.623831517547
 0.24924925   0.622576484368
 0.25025025   0.621323318646
 0.25125125   0.620072018042
 0.25225225   0.618822580225
 0.25325325   0.617575002868
 0.25425425   0.616329283651
 0.25525526   0.615085420262
 0.25625626   0.613843410393
 0.25725726   0.612603251743
 0.25825826   0.611364942019
 0.25925926   0.610128478932
 0.26026026   0.608893860201
 0.26126126   0.607661083548
 0.26226226   0.606430146706
 0.26326326   0.605201047411
 0.26426426   0.603973783406
 0.26526527   0.602748352439
 0.26626627   0.601524752266
 0.26726727   0.600302980648
 0.26826827   0.599083035352
 0.26926927   0.597864914152
 0.27027027   0.596648614827
 0.27127127   0.595434135162
 0.27227227   0.594221472949
 0.27327327   0.593010625985
 0.27427427   0.591801592074
 0.27527528   0.590594369024
 0.27627628   0.589388954652
 0.27727728   0.588185346777
 0.27827828   0.586983543228
 0.27927928   0.585783541837
 0.28028028   0.584585340442
 0.28128128   0.583388936888
 0.28228228   0.582194329027
 0.28328328   0.581001514712
 0.28428428   0.579810491808
 0.28528529   0.578621258180
 0.28628629   0.577433811703
 0.28728729   0.576248150256
 0.28828829   0.575064271724
 0.28928929   0.573882173996
 0.29029029   0.572701854970
 0.29129129   0.571523312547
 0.29229229   0.570346544634
 0.29329329   0.569171549145
 0.29429429   0.567998323998
 0.29529530   0.566826867117
 0.29629630   0.565657176432
 0.29729730   0.564489249879
 0.29829830   0.563323085397
 0.29929930   0.562158680935
 0.30030030   0.560996034442
 0.30130130   0.559835143878
 0.30230230   0.558676007204
 0.30330330   0.557518622388
 0.30430430   0.556362987404
 0.30530531   0.555209100232
 0.30630631   0.554056958855
 0.30730731   0.552906561264
 0.30830831   0.551757905453
 0.30930931   0.550610989423
 0.31031031   0.549465811179
 0.31131131   0.548322368733
 0.31231231   0.547180660101
 0.31331331   0.546040683305
 0.31431431   0.544902436371
 0.31531532   0.543765917332
 0.31631632   0.542631124225
 0.31731732   0.541498055092
 0.31831832   0.540366707982
 0.31931932   0.539237080947
 0.32032032   0.538109172045
 0.32132132   0.536982979339
 0.32232232   0.535858500898
 0.32332332   0.534735734795
 0.32432432   0.533614679108
 0.32532533   0.532495331922
 0.32632633   0.531377691325
 0.32732733   0.530261755410
 0.32832833   0.529147522277
 0.32932933   0.528034990029
 0.33033033   0.526924156775
 0.33133133   0.525815020628
 0.33233233   0.524707579707
 0.33333333   0.523601832137
 0.33433433   0.522497776045
 0.33533534   0.521395409566
 0.33633634   0.520294730837
 0.33733734   0.519195738002
 0.33833834   0.518098429209
 0.33933934   0.517002802612
 0.34034034   0.515908856368
 0.34134134   0.514816588640
 0.34234234   0.513725997595
 0.34334334   0.512637081407
 0.34434434   0.511549838252
 0.34534535   0.510464266312
 0.34634635   0.509380363774
 0.34734735   0.508298128830
 0.34834835   0.507217559675
 0.34934935   0.506138654512
 0.35035035   0.505061411545
 0.35135135   0.503985828984
 0.35235235   0.502911905046
 0.35335335   0.501839637949
 0.35435435   0.500769025918
 0.35535536   0.499700067182
 0.35635636   0.498632759975
 0.35735736   0.497567102534
 0.35835836   0.496503093103
 0.35935936   0.495440729930
 0.36036036   0.494380011266
 0.36136136   0.493320935367
 0.36236236   0.492263500495
 0.36336336   0.491207704916
 0.36436436   0.490153546899
 0.36536537   0.489101024720
 0.36636637   0.488050136657
 0.36736737   0.487000880994
 0.36836837   0.485953256019
 0.36936937   0.484907260025
 0.37037037   0.483862891309
 0.37137137   0.482820148171
 0.37237237   0.481779028919
 0.37337337   0.480739531862
 0.37437437   0.479701655314
 0.37537538   0.478665397596
 0.37637638   0.477630757029
 0.37737738   0.476597731942
 0.37837838   0.475566320667
 0.37937938   0.474536521540
 0.38038038   0.473508332902
 0.38138138   0.472481753098
 0.38238238   0.471456780476
 0.38338338   0.470433413392
 0.38438438   0.469411650201
 0.38538539   0.468391489267
 0.38638639   0.467372928956
 0.38738739   0.466355967637
 0.38838839   0.465340603687
 0.38938939   0.464326835483
 0.39039039   0.463314661410
 0.39139139   0.462304079853
 0.39239239   0.461295089205
 0.39339339   0.460287687861
 0.39439439   0.459281874221
 0.39539540   0.458277646689
 0.39639640   0.457275003673
 0.39739740   0.456273943585
 0.39839840   0.455274464840
 0.39939940   0.454276565860
 0.40040040   0.453280245069
 0.40140140   0.452285500895
 0.40240240   0.451292331770
 0.40340340   0.450300736131
 0.40440440   0.449310712419
 0.40540541   0.448322259078
 0.40640641   0.447335374556
 0.40740741   0.446350057307
 0.40840841   0.445366305786
 0.40940941   0.444384118454
 0.41041041   0.443403493776
 0.41141141   0.442424430219
 0.41241241   0.441446926257
 0.41341341   0.440470980365
 0.41441441   0.439496591024
 0.41541542   0.438523756717
 0.41641642   0.437552475933
 0.41741742   0.436582747163
 0.41841842   0.435614568903
 0.41941942   0.434647939653
 0.42042042   0.433682857916
 0.42142142   0.432719322199
 0.42242242   0.431757331014
 0.42342342   0.430796882875
 0.42442442   0.429837976300
 0.42542543   0.428880609813
 0.42642643   0.427924781940
 0.42742743   0.426970491211
 0.42842843   0.426017736159
 0.42942943   0.425066515322
 0.43043043   0.424116827242
 0.43143143   0.423168670463
 0.43243243   0.422222043535
 0.43343343   0.421276945009
 0.43443443   0.420333373442
 0.43543544   0.419391327394
 0.43643644   0.418450805429
 0.43743744   0.417511806113
 0.43843844   0.416574328017
 0.43943944   0.415638369717
 0.44044044   0.414703929790
 0.44144144   0.413771006819
 0.44244244   0.412839599387
 0.44344344   0.411909706086
 0.44444444   0.410981325507
 0.44544545   0.410054456246
 0.44644645   0.409129096904
 0.44744745   0.408205246084
 0.44844845   0.407282902393
 0.44944945   0.406362064441
 0.45045045   0.405442730842
 0.45145145   0.404524900215
 0.45245245   0.403608571181
 0.45345345   0.402693742363
 0.45445445   0.401780412390
 0.45545546   0.400868579894
 0.45645646   0.399958243511
 0.45745746   0.399049401878
 0.45845846   0.398142053637
 0.45945946   0.397236197436
 0.46046046   0.396331831921
 0.46146146   0.395428955747
 0.46246246   0.394527567568
 0.46346346   0.393627666045
 0.46446446   0.392729249840
 0.46546547   0.391832317618
 0.46646647   0.390936868051
 0.46746747   0.390042899810
 0.46846847   0.389150411572
 0.46946947   0.388259402017
 0.47047047   0.387369869827
 0.47147147   0.386481813690
 0.47247247   0.385595232294
 0.47347347   0.384710124334
 0.47447447   0.383826488504
 0.47547548   0.382944323507
 0.47647648   0.382063628043
 0.47747748   0.381184400820
 0.47847848   0.380306640547
 0.47947948   0.379430345938
 0.48048048   0.378555515707
 0.48148148   0.377682148576
 0.48248248   0.376810243266
 0.48348348   0.375939798504
 0.48448448   0.375070813019
 0.48548549   0.374203285543
 0.48648649   0.373337214812
 0.48748749   0.372472599565
 0.48848849   0.371609438544
 0.48948949   0.370747730494
 0.49049049   0.369887474163
 0.49149149   0.369028668305
 0.49249249   0.368171311673
 0.49349349   0.367315403025
 0.49449449   0.366460941122
 0.49549550   0.365607924730
 0.49649650   0.364756352614
 0.49749750   0.363906223547
 0.49849850   0.363057536302
 0.49949950   0.362210289655
 0.50050050   0.361364482387
 0.50150150   0.360520113280
 0.50250250   0.359677181121
 0.50350350   0.358835684699
 0.50450450   0.357995622807
 0.50550551   0.357156994240
 0.50650651   0.356319797795
 0.50750751   0.355484032276
 0.50850851   0.354649696486
 0.50950951   0.353816789233
 0.51051051   0.352985309328
 0.51151151   0.352155255584
 0.51251251   0.351326626819
 0.51351351   0.350499421851
 0.51451451   0.349673639503
 0.51551552   0.348849278602
 0.51651652   0.348026337976
 0.51751752   0.347204816456
 0.51851852   0.346384712878
 0.51951952   0.345566026078
 0.52052052   0.344748754898
 0.52152152   0.343932898181
 0.52252252   0.343118454773
 0.52352352   0.342305423524
 0.52452452   0.341493803286
 0.52552553   0.340683592915
 0.52652653   0.339874791268
 0.52752753   0.339067397207
 0.52852853   0.338261409596
 0.52952953   0.337456827301
 0.53053053   0.336653649193
 0.53153153   0.335851874143
 0.53253253   0.335051501028
 0.53353353   0.334252528726
 0.53453453   0.333454956118
 0.53553554   0.332658782088
 0.53653654   0.331864005523
 0.53753754   0.331070625313
 0.53853854   0.330278640351
 0.53953954   0.329488049531
 0.54054054   0.328698851753
 0.54154154   0.327911045917
 0.54254254   0.327124630926
 0.54354354   0.326339605689
 0.54454454   0.325555969113
 0.54554555   0.324773720112
 0.54654655   0.323992857600
 0.54754755   0.323213380495
 0.54854855   0.322435287718
 0.54954955   0.321658578192
 0.55055055   0.320883250843
 0.55155155   0.320109304599
 0.55255255   0.319336738393
 0.55355355   0.318565551158
 0.55455455   0.317795741831
 0.55555556   0.317027309353
 0.55655656   0.316260252665
 0.55755756   0.315494570713
 0.55855856   0.314730262444
 0.55955956   0.313967326809
 0.56056056   0.313205762761
 0.56156156   0.312445569256
 0.56256256   0.311686745252
 0.56356356   0.310929289711
 0.56456456   0.310173201596
 0.56556557   0.309418479875
 0.56656657   0.308665123515
 0.56756757   0.307913131489
 0.56856857   0.307162502771
 0.56956957   0.306413236339
 0.57057057   0.305665331172
 0.57157157   0.304918786252
 0.57257257   0.304173600564
 0.57357357   0.303429773096
 0.57457457   0.302687302837
 0.57557558   0.301946188781
 0.57657658   0.301206429923
 0.57757758   0.300468025260
 0.57857858   0.299730973793
 0.57957958   0.298995274525
 0.58058058   0.298260926462
 0.58158158   0.297527928611
 0.58258258   0.296796279984
 0.58358358   0.296065979593
 0.58458458   0.295337026454
 0.58558559   0.294609419586
 0.58658659   0.293883158009
 0.58758759   0.293158240747
 0.58858859   0.292434666825
 0.58958959   0.291712435272
 0.59059059   0.290991545118
 0.59159159   0.290271995398
 0.59259259   0.289553785147
 0.59359359   0.288836913402
 0.59459459   0.288121379206
 0.59559560   0.287407181601
 0.59659660   0.286694319633
 0.59759760   0.285982792350
 0.59859860   0.285272598803
 0.59959960   0.284563738045
 0.60060060   0.283856209132
 0.60160160   0.283150011121
 0.60260260   0.282445143073
 0.60360360   0.281741604052
 0.60460460   0.281039393121
 0.60560561   0.280338509350
 0.60660661   0.279638951807
 0.60760761   0.278940719566
 0.60860861   0.278243811702
 0.60960961   0.277548227292
 0.61061061   0.276853965416
 0.61161161   0.276161025155
 0.61261261   0.275469405595
 0.61361361   0.274779105822
 0.61461461   0.274090124925
 0.61561562   0.273402461997
 0.61661662   0.272716116131
 0.61761762   0.272031086423
 0.61861862   0.271347371973
 0.61961962   0.270664971881
 0.62062062   0.269983885250
 0.62162162   0.269304111187
 0.62262262   0.268625648799
 0.62362362   0.267948497197
 0.62462462   0.267272655493
 0.62562563   0.266598122803
 0.62662663   0.265924898244
 0.62762763   0.265252980935
 0.62862863   0.264582369999
 0.62962963   0.263913064559
 0.63063063   0.263245063743
 0.63163163   0.262578366678
 0.63263263   0.261912972496
 0.63363363   0.261248880331
 0.63463463   0.260586089318
 0.63563564   0.259924598595
 0.63663664   0.259264407301
 0.63763764   0.258605514580
 0.63863864   0.257947919577
 0.63963964   0.257291621437
 0.64064064   0.256636619310
 0.64164164   0.255982912348
 0.64264264   0.255330499704
 0.64364364   0.254679380535
 0.64464464   0.254029553997
 0.64564565   0.253381019252
 0.64664665   0.252733775461
 0.64764765   0.252087821790
 0.64864865   0.251443157406
 0.64964965   0.250799781477
 0.65065065   0.250157693176
 0.65165165   0.249516891674
 0.65265265   0.248877376149
 0.65365365   0.248239145778
 0.65465465   0.247602199740
 0.65565566   0.246966537219
 0.65665666   0.246332157398
 0.65765766   0.245699059465
 0.65865866   0.245067242607
 0.65965966   0.244436706016
 0.66066066   0.243807448885
 0.66166166   0.243179470408
 0.66266266   0.242552769784
 0.66366366   0.241927346211
 0.66466466   0.241303198891
 0.66566567   0.240680327028
 0.66666667   0.240058729827
 0.66766767   0.239438406497
 0.66866867   0.238819356247
 0.66966967   0.238201578290
 0.67067067   0.237585071840
 0.67167167   0.236969836113
 0.67267267   0.236355870328
 0.67367367   0.235743173705
 0.67467467   0.235131745467
 0.67567568   0.234521584838
 0.67667668   0.233912691046
 0.67767768   0.233305063319
 0.67867868   0.232698700888
 0.67967968   0.232093602986
 0.68068068   0.231489768848
 0.68168168   0.230887197712
 0.68268268   0.230285888816
 0.68368368   0.229685841402
 0.68468468   0.229087054713
 0.68568569   0.228489527995
 0.68668669   0.227893260494
 0.68768769   0.227298251460
 0.68868869   0.226704500145
 0.68968969   0.226112005801
 0.69069069   0.225520767685
 0.69169169   0.224930785055
 0.69269269   0.224342057168
 0.69369369   0.223754583288
 0.69469469   0.223168362676
 0.69569570   0.222583394600
 0.69669670   0.221999678327
 0.69769770   0.221417213125
 0.69869870   0.220835998267
 0.69969970   0.220256033027
 0.70070070   0.219677316678
 0.70170170   0.219099848500
 0.70270270   0.218523627771
 0.70370370   0.217948653772
 0.70470470   0.217374925788
 0.70570571   0.216802443104
 0.70670671   0.216231205006
 0.70770771   0.215661210784
 0.70870871   0.215092459729
 0.70970971   0.214524951135
 0.71071071   0.213958684297
 0.71171171   0.213393658510
 0.71271271   0.212829873076
 0.71371371   0.212267327293
 0.71471471   0.211706020466
 0.71571572   0.211145951899
 0.71671672   0.210587120899
 0.71771772   0.210029526773
 0.71871872   0.209473168834
 0.71971972   0.208918046393
 0.72072072   0.208364158764
 0.72172172   0.207811505264
 0.72272272   0.207260085211
 0.72372372   0.206709897925
 0.72472472   0.206160942728
 0.72572573   0.205613218944
 0.72672673   0.205066725898
 0.72772773   0.204521462918
 0.72872873   0.203977429334
 0.72972973   0.203434624476
 0.73073073   0.202893047679
 0.73173173   0.202352698276
 0.73273273   0.201813575606
 0.73373373   0.201275679007
 0.73473473   0.200739007820
 0.73573574   0.200203561386
 0.73673674   0.199669339051
 0.73773774   0.199136340161
 0.73873874   0.198604564064
 0.73973974   0.198074010109
 0.74074074   0.197544677649
 0.74174174   0.197016566038
 0.74274274   0.196489674629
 0.74374374   0.195964002782
 0.74474474   0.195439549854
 0.74574575   0.194916315208
 0.74674675   0.194394298204
 0.74774775   0.193873498209
 0.74874875   0.193353914588
 0.74974975   0.192835546710
 0.75075075   0.192318393944
 0.75175175   0.191802455663
 0.75275275   0.191287731239
 0.75375375   0.190774220048
 0.75475475   0.190261921468
 0.75575576   0.189750834877
 0.75675676   0.189240959657
 0.75775776   0.188732295188
 0.75875876   0.188224840857
 0.75975976   0.187718596048
 0.76076076   0.187213560150
 0.76176176   0.186709732553
 0.76276276   0.186207112647
 0.76376376   0.185705699826
 0.76476476   0.185205493484
 0.76576577   0.184706493019
 0.76676677   0.184208697829
 0.76776777   0.183712107314
 0.76876877   0.183216720876
 0.76976977   0.182722537918
 0.77077077   0.182229557847
 0.77177177   0.181737780068
 0.77277277   0.181247203992
 0.77377377   0.180757829028
 0.77477477   0.180269654589
 0.77577578   0.179782680090
 0.77677678   0.179296904945
 0.77777778   0.178812328572
 0.77877878   0.178328950391
 0.77977978   0.177846769823
 0.78078078   0.177365786290
 0.78178178   0.176885999217
 0.78278278   0.176407408029
 0.78378378   0.175930012155
 0.78478478   0.175453811024
 0.78578579   0.174978804067
 0.78678679   0.174504990718
 0.78778779   0.174032370410
 0.78878879   0.173560942580
 0.78978979   0.173090706666
 0.79079079   0.172621662107
 0.79179179   0.172153808346
 0.79279279   0.171687144824
 0.79379379   0.171221670988
 0.79479479   0.170757386282
 0.79579580   0.170294290155
 0.79679680   0.169832382057
 0.79779780   0.169371661439
 0.79879880   0.168912127754
 0.79979980   0.168453780457
 0.80080080   0.167996619004
 0.80180180   0.167540642853
 0.80280280   0.167085851465
 0.80380380   0.166632244299
 0.80480480   0.166179820819
 0.80580581   0.165728580490
 0.80680681   0.165278522778
 0.80780781   0.164829647151
 0.80880881   0.164381953078
 0.80980981   0.163935440030
 0.81081081   0.163490107481
 0.81181181   0.163045954904
 0.81281281   0.162602981776
 0.81381381   0.162161187574
 0.81481481   0.161720571777
 0.81581582   0.161281133867
 0.81681682   0.160842873326
 0.81781782   0.160405789639
 0.81881882   0.159969882290
 0.81981982   0.159535150767
 0.82082082   0.159101594559
 0.82182182   0.158669213157
 0.82282282   0.158238006052
 0.82382382   0.157807972739
 0.82482482   0.157379112713
 0.82582583   0.156951425471
 0.82682683   0.156524910511
 0.82782783   0.156099567333
 0.82882883   0.155675395440
 0.82982983   0.155252394334
 0.83083083   0.154830563520
 0.83183183   0.154409902505
 0.83283283   0.153990410796
 0.83383383   0.153572087904
 0.83483483   0.153154933340
 0.83583584   0.152738946615
 0.83683684   0.152324127245
 0.83783784   0.151910474746
 0.83883884   0.151497988634
 0.83983984   0.151086668428
 0.84084084   0.150676513651
 0.84184184   0.150267523822
 0.84284284   0.149859698467
 0.84384384   0.149453037109
 0.84484484   0.149047539277
 0.84584585   0.148643204498
 0.84684685   0.148240032302
 0.84784785   0.147838022220
 0.84884885   0.147437173786
 0.84984985   0.147037486534
 0.85085085   0.146638959999
 0.85185185   0.146241593720
 0.85285285   0.145845387235
 0.85385385   0.145450340085
 0.85485485   0.145056451812
 0.85585586   0.144663721959
 0.85685686   0.144272150073
 0.85785786   0.143881735698
 0.85885886   0.143492478385
 0.85985986   0.143104377682
 0.86086086   0.142717433140
 0.86186186   0.142331644312
 0.86286286   0.141947010753
 0.86386386   0.141563532019
 0.86486486   0.141181207665
 0.86586587   0.140800037252
 0.86686687   0.140420020339
 0.86786787   0.140041156489
 0.86886887   0.139663445263
 0.86986987   0.139286886228
 0.87087087   0.138911478949
 0.87187187   0.138537222994
 0.87287287   0.138164117933
 0.87387387   0.137792163335
 0.87487487   0.137421358773
 0.87587588   0.137051703821
 0.87687688   0.136683198053
 0.87787788   0.136315841047
 0.87887888   0.135949632381
 0.87987988   0.135584571633
 0.88088088   0.135220658386
 0.88188188   0.134857892221
 0.88288288   0.134496272722
 0.88388388   0.134135799476
 0.88488488   0.133776472068
 0.88588589   0.133418290087
 0.88688689   0.133061253123
 0.88788789   0.132705360767
 0.88888889   0.132350612612
 0.88988989   0.131997008252
 0.89089089   0.131644547283
 0.89189189   0.131293229302
 0.89289289   0.130943053907
 0.89389389   0.130594020698
 0.89489489   0.130246129276
 0.89589590   0.129899379245
 0.89689690   0.129553770209
 0.89789790   0.129209301774
 0.89889890   0.128865973546
 0.89989990   0.128523785134
 0.90090090   0.128182736149
 0.90190190   0.127842826201
 0.90290290   0.127504054904
 0.90390390   0.127166421872
 0.90490490   0.126829926721
 0.90590591   0.126494569068
 0.90690691   0.126160348531
 0.90790791   0.125827264731
 0.90890891   0.125495317288
 0.90990991   0.125164505827
 0.91091091   0.124834829970
 0.91191191   0.124506289345
 0.91291291   0.124178883577
 0.91391391   0.123852612295
 0.91491491   0.123527475130
 0.91591592   0.123203471712
 0.91691692   0.122880601675
 0.91791792   0.122558864652
 0.91891892   0.122238260279
 0.91991992   0.121918788192
 0.92092092   0.121600448031
 0.92192192   0.121283239435
 0.92292292   0.120967162045
 0.92392392   0.120652215504
 0.92492492   0.120338399455
 0.92592593   0.120025713543
 0.92692693   0.119714157416
 0.92792793   0.119403730722
 0.92892893   0.119094433109
 0.92992993   0.118786264229
 0.93093093   0.118479223734
 0.93193193   0.118173311278
 0.93293293   0.117868526515
 0.93393393   0.117564869102
 0.93493493   0.117262338697
 0.93593594   0.116960934958
 0.93693694   0.116660657546
 0.93793794   0.116361506124
 0.93893894   0.116063480354
 0.93993994   0.115766579900
 0.94094094   0.115470804429
 0.94194194   0.115176153608
 0.94294294   0.114882627106
 0.94394394   0.114590224593
 0.94494494   0.114298945740
 0.94594595   0.114008790219
 0.94694695   0.113719757706
 0.94794795   0.113431847875
 0.94894895   0.113145060403
 0.94994995   0.112859394969
 0.95095095   0.112574851252
 0.95195195   0.112291428932
 0.95295295   0.112009127693
 0.95395395   0.111727947217
 0.95495495   0.111447887189
 0.95595596   0.111168947297
 0.95695696   0.110891127227
 0.95795796   0.110614426668
 0.95895896   0.110338845310
 0.95995996   0.110064382846
 0.96096096   0.109791038967
 0.96196196   0.109518813370
 0.96296296   0.109247705748
 0.96396396   0.108977715799
 0.96496496   0.108708843221
 0.96596597   0.108441087715
 0.96696697   0.108174448980
 0.96796797   0.107908926719
 0.96896897   0.107644520635
 0.96996997   0.107381230435
 0.97097097   0.107119055823
 0.97197197   0.106857996507
 0.97297297   0.106598052197
 0.97397397   0.106339222602
 0.97497497   0.106081507434
 0.97597598   0.105824906405
 0.97697698   0.105569419231
 0.97797798   0.105315045626
 0.97897898   0.105061785307
 0.97997998   0.104809637993
 0.98098098   0.104558603402
 0.98198198   0.104308681255
 0.98298298   0.104059871275
 0.98398398   0.103812173185
 0.98498498   0.103565586708
 0.98598599   0.103320111572
 0.98698699   0.103075747504
 0.98798799   0.102832494231
 0.98898899   0.102590351484
 0.98998999   0.102349318994
 0.99099099   0.102109396494
 0.99199199   0.101870583716
 0.99299299   0.101632880397
 0.99399399   0.101396286272
 0.99499499   0.101160801079
 0.99599600   0.100926424557
 0.99699700   0.100693156446
 0.99799800   0.100460996487
 0.99899900   0.100229944424
 1.00000000   0.100000000000


# Solution for b = 0.20
 0.00000000   1.000000000000
 0.00100100   0.998267052042
 0.00200200   0.996536823095
 0.00300300   0.994809308460
 0.00400400   0.993084503451
 0.00500501   0.991362403399
 0.00600601   0.989643003650
 0.00700701   0.987926299565
 0.00800801   0.986212286519
 0.00900901   0.984500959905
 0.01001001   0.982792315130
 0.01101101   0.981086347614
 0.01201201   0.979383052794
 0.01301301   0.977682426123
 0.01401401   0.975984463065
 0.01501502   0.974289159102
 0.01601602   0.972596509731
 0.01701702   0.970906510461
 0.01801802   0.969219156818
 0.01901902   0.967534444341
 0.02002002   0.965852368585
 0.02102102   0.964172925118
 0.02202202   0.962496109522
 0.02302302   0.960821917396
 0.02402402   0.959150344351
 0.02502503   0.957481386012
 0.02602603   0.955815038019
 0.02702703   0.954151296026
 0.02802803   0.952490155701
 0.02902903   0.950831612726
 0.03003003   0.949175662796
 0.03103103   0.947522301621
 0.03203203   0.945871524925
 0.03303303   0.944223328445
 0.03403403   0.942577707931
 0.03503504   0.940934659147
 0.03603604   0.939294177873
 0.03703704   0.937656259899
 0.03803804   0.936020901030
 0.03903904   0.934388097085
 0.04004004   0.932757843895
 0.04104104   0.931130137305
 0.04204204   0.929504973174
 0.04304304   0.927882347374
 0.04404404   0.926262255787
 0.04504505   0.924644694313
 0.04604605   0.923029658862
 0.04704705   0.921417145358
 0.04804805   0.919807149737
 0.04904905   0.918199667949
 0.05005005   0.916594695956
 0.05105105   0.914992229733
 0.05205205   0.913392265267
 0.05305305   0.911794798561
 0.05405405   0.910199825625
 0.05505506   0.908607342487
 0.05605606   0.907017345184
 0.05705706   0.905429829768
 0.05805806   0.903844792300
 0.05905906   0.902262228857
 0.06006006   0.900682135526
 0.06106106   0.899104508408
 0.06206206   0.897529343614
 0.06306306   0.895956637270
 0.06406406   0.894386385512
 0.06506507   0.892818584488
 0.06606607   0.891253230359
 0.06706707   0.889690319298
 0.06806807   0.888129847491
 0.06906907   0.886571811132
 0.07007007   0.885016206431
 0.07107107   0.883463029608
 0.07207207   0.881912276895
 0.07307307   0.880363944536
 0.07407407   0.878818028786
 0.07507508   0.877274525912
 0.07607608   0.875733432192
 0.07707708   0.874194743918
 0.07807808   0.872658457389
 0.07907908   0.871124568921
 0.08008008   0.869593074836
 0.08108108   0.868063971471
 0.08208208   0.866537255173
 0.08308308   0.865012922300
 0.08408408   0.863490969222
 0.08508509   0.861971392319
 0.08608609   0.860454187985
 0.08708709   0.858939352621
 0.08808809   0.857426882642
 0.08908909   0.855916774473
 0.09009009   0.854409024550
 0.09109109   0.852903629320
 0.09209209   0.851400585242
 0.09309309   0.849899888783
 0.09409409   0.848401536423
 0.09509510   0.846905524653
 0.09609610   0.845411849974
 0.09709710   0.843920508898
 0.09809810   0.842431497946
 0.09909910   0.840944813653
 0.10010010   0.839460452561
 0.10110110   0.837978411224
 0.10210210   0.836498686208
 0.10310310   0.835021274087
 0.10410410   0.833546171446
 0.10510511   0.832073374882
 0.10610611   0.830602881000
 0.10710711   0.829134686418
 0.10810811   0.827668787760
 0.10910911   0.826205181666
 0.11011011   0.824743864780
 0.11111111   0.823284833762
 0.11211211   0.821828085277
 0.11311311   0.820373616004
 0.11411411   0.818921422629
 0.11511512   0.817471501850
 0.11611612   0.816023850375
 0.11711712   0.814578464920
 0.11811812   0.813135342212
 0.11911912   0.811694478989
 0.12012012   0.810255871998
 0.12112112   0.808819517994
 0.12212212   0.807385413744
 0.12312312   0.805953556024
 0.12412412   0.804523941620
 0.12512513   0.803096567326
 0.12612613   0.801671429948
 0.12712713   0.800248526300
 0.12812813   0.798827853206
 0.12912913   0.797409407498
 0.13013013   0.795993186021
 0.13113113   0.794579185626
 0.13213213   0.793167403175
 0.13313313   0.791757835538
 0.13413413   0.790350479596
 0.13513514   0.788945332239
 0.13613614   0.787542390365
 0.13713714   0.786141650883
 0.13813814   0.784743110709
 0.13913914   0.783346766769
 0.14014014   0.781952616001
 0.14114114   0.780560655347
 0.14214214   0.779170881761
 0.14314314   0.777783292206
 0.14414414   0.776397883654
 0.14514515   0.775014653084
 0.14614615   0.773633597488
 0.14714715   0.772254713862
 0.14814815   0.770877999213
 0.14914915   0.769503450559
 0.15015015   0.768131064924
 0.15115115   0.766760839340
 0.15215215   0.765392770852
 0.15315315   0.764026856508
 0.15415415   0.762663093370
 0.15515516   0.761301478505
 0.15615616   0.759942008990
 0.15715716   0.758584681911
 0.15815816   0.757229494362
 0.15915916   0.755876443445
 0.16016016   0.754525526271
 0.16116116   0.753176739959
 0.16216216   0.751830081638
 0.16316316   0.750485548444
 0.16416416   0.749143137520
 0.16516517   0.747802846021
 0.16616617   0.746464671108
 0.16716717   0.745128609950
 0.16816817   0.743794659724
 0.16916917   0.742462817617
 0.17017017   0.741133080823
 0.17117117   0.739805446545
 0.17217217   0.738479911992
 0.17317317   0.737156474384
 0.17417417   0.735835130947
 0.17517518   0.734515878915
 0.17617618   0.733198715532
 0.17717718   0.731883638048
 0.17817818   0.730570643722
 0.17917918   0.729259729821
 0.18018018   0.727950893619
 0.18118118   0.726644132398
 0.18218218   0.725339443448
 0.18318318   0.724036824069
 0.18418418   0.722736271565
 0.18518519   0.721437783251
 0.18618619   0.720141356447
 0.18718719   0.718846988483
 0.18818819   0.717554676696
 0.18918919   0.716264418431
 0.19019019   0.714976211038
 0.19119119   0.713690051879
 0.19219219   0.712405938320
 0.19319319   0.711123867736
 0.19419419   0.709843837511
 0.19519520   0.708565845033
 0.19619620   0.707289887700
 0.19719720   0.706015962917
 0.19819820   0.704744068096
 0.19919920   0.703474200658
 0.20020020   0.702206358029
 0.20120120   0.700940537644
 0.20220220   0.699676736944
 0.20320320   0.698414953379
 0.20420420   0.697155184405
 0.20520521   0.695897427486
 0.20620621   0.694641680093
 0.20720721   0.693387939703
 0.20820821   0.692136203803
 0.20920921   0.690886469884
 0.21021021   0.689638735446
 0.21121121   0.688392997997
 0.21221221   0.687149255049
 0.21321321   0.685907504124
 0.21421421   0.684667742750
 0.21521522   0.683429968461
 0.21621622   0.682194178799
 0.21721722   0.680960371314
 0.21821822   0.679728543562
 0.21921922   0.678498693105
 0.22022022   0.677270817512
 0.22122122   0.676044914361
 0.22222222   0.674820981235
 0.22322322   0.673599015725
 0.22422422   0.672379015426
 0.22522523   0.671160977944
 0.22622623   0.669944900889
 0.22722723   0.668730781878
 0.22822823   0.667518618535
 0.22922923   0.666308408492
 0.23023023   0.665100149386
 0.23123123   0.663893838861
 0.23223223   0.662689474567
 0.23323323   0.661487054163
 0.23423423   0.660286575313
 0.23523524   0.659088035686
 0.23623624   0.657891432960
 0.23723724   0.656696764819
 0.23823824   0.655504028953
 0.23923924   0.654313223059
 0.24024024   0.653124344839
 0.24124124   0.651937392004
 0.24224224   0.650752362269
 0.24324324   0.649569253357
 0.24424424   0.648388062997
 0.24524525   0.647208788923
 0.24624625   0.646031428878
 0.24724725   0.644855980609
 0.24824825   0.643682441870
 0.24924925   0.642510810421
 0.25025025   0.641341084030
 0.25125125   0.640173260469
 0.25225225   0.639007337518
 0.25325325   0.637843312961
 0.25425425   0.636681184590
 0.25525526   0.635520950203
 0.25625626   0.634362607604
 0.25725726   0.633206154602
 0.25825826   0.632051589014
 0.25925926   0.630898908661
 0.26026026   0.629748111373
 0.26126126   0.628599194982
 0.26226226   0.627452157330
 0.26326326   0.626306996263
 0.26426426   0.625163709632
 0.26526527   0.624022295297
 0.26626627   0.622882751120
 0.26726727   0.621745074973
 0.26826827   0.620609264731
 0.26926927   0.619475318277
 0.27027027   0.618343233497
 0.27127127   0.617213008286
 0.27227227   0.616084640542
 0.27327327   0.614958128173
 0.27427427   0.613833469087
 0.27527528   0.612710661203
 0.27627628   0.611589702442
 0.27727728   0.610470590734
 0.27827828   0.609353324012
 0.27927928   0.608237900216
 0.28028028   0.607124317291
 0.28128128   0.606012573190
 0.28228228   0.604902665868
 0.28328328   0.603794593288
 0.28428428   0.602688353418
 0.28528529   0.601583944233
 0.28628629   0.600481363710
 0.28728729   0.599380609835
 0.28828829   0.598281680599
 0.28928929   0.597184573998
 0.29029029   0.596089288032
 0.29129129   0.594995820709
 0.29229229   0.593904170041
 0.29329329   0.592814334047
 0.29429429   0.591726310749
 0.29529530   0.590640098177
 0.29629630   0.589555694364
 0.29729730   0.588473097351
 0.29829830   0.587392305182
 0.29929930   0.586313315908
 0.30030030   0.585236127584
 0.30130130   0.584160738272
 0.30230230   0.583087146037
 0.30330330   0.582015348953
 0.30430430   0.580945345095
 0.30530531   0.579877132546
 0.30630631   0.578810709393
 0.30730731   0.577746073730
 0.30830831   0.576683223653
 0.30930931   0.575622157268
 0.31031031   0.574562872680
 0.31131131   0.573505368006
 0.31231231   0.572449641362
 0.31331331   0.571395690873
 0.31431431   0.570343514668
 0.31531532   0.569293110882
 0.31631632   0.568244477652
 0.31731732   0.567197613124
 0.31831832   0.566152515448
 0.31931932   0.565109182776
 0.32032032   0.564067613270
 0.32132132   0.563027805092
 0.32232232   0.561989756414
 0.32332332   0.560953465409
 0.32432432   0.559918930257
 0.32532533   0.558886149142
 0.32632633   0.557855120254
 0.32732733   0.556825841787
 0.32832833   0.555798311941
 0.32932933   0.554772528918
 0.33033033   0.553748490930
 0.33133133   0.552726196188
 0.33233233   0.551705642913
 0.33333333   0.550686829328
 0.33433433   0.549669753661
 0.33533534   0.548654414146
 0.33633634   0.547640809021
 0.33733734   0.546628936528
 0.33833834   0.545618794916
 0.33933934   0.544610382437
 0.34034034   0.543603697347
 0.34134134   0.542598737910
 0.34234234   0.541595502391
 0.34334334   0.540593989062
 0.34434434   0.539594196200
 0.34534535   0.538596122084
 0.34634635   0.537599765000
 0.34734735   0.536605123238
 0.34834835   0.535612195094
 0.34934935   0.534620978866
 0.35035035   0.533631472858
 0.35135135   0.532643675379
 0.35235235   0.531657584742
 0.35335335   0.530673199265
 0.35435435   0.529690517270
 0.35535536   0.528709537084
 0.35635636   0.527730257038
 0.35735736   0.526752675469
 0.35835836   0.525776790716
 0.35935936   0.524802601124
 0.36036036   0.523830105043
 0.36136136   0.522859300827
 0.36236236   0.521890186834
 0.36336336   0.520922761427
 0.36436436   0.519957022973
 0.36536537   0.518992969844
 0.36636637   0.518030600416
 0.36736737   0.517069913068
 0.36836837   0.516110906187
 0.36936937   0.515153578161
 0.37037037   0.514197927383
 0.37137137   0.513243952252
 0.37237237   0.512291651170
 0.37337337   0.511341022544
 0.37437437   0.510392064784
 0.37537538   0.509444776305
 0.37637638   0.508499155527
 0.37737738   0.507555200874
 0.37837838   0.506612910774
 0.37937938   0.505672283658
 0.38038038   0.504733317964
 0.38138138   0.503796012132
 0.38238238   0.502860364607
 0.38338338   0.501926373838
 0.38438438   0.500994038279
 0.38538539   0.500063356386
 0.38638639   0.499134326623
 0.38738739   0.498206947453
 0.38838839   0.497281217349
 0.38938939   0.496357134783
 0.39039039   0.495434698233
 0.39139139   0.494513906183
 0.39239239   0.493594757119
 0.39339339   0.492677249531
 0.39439439   0.491761381914
 0.39539540   0.490847152766
 0.39639640   0.489934560591
 0.39739740   0.489023603894
 0.39839840   0.488114281188
 0.39939940   0.487206590986
 0.40040040   0.486300531808
 0.40140140   0.485396102176
 0.40240240   0.484493300618
 0.40340340   0.483592125663
 0.40440440   0.482692575848
 0.40540541   0.481794649711
 0.40640641   0.480898345794
 0.40740741   0.480003662644
 0.40840841   0.479110598811
 0.40940941   0.478219152851
 0.41041041   0.477329323321
 0.41141141   0.476441108785
 0.41241241   0.475554507807
 0.41341341   0.474669518958
 0.41441441   0.473786140812
 0.41541542   0.472904371947
 0.41641642   0.472024210945
 0.41741742   0.471145656390
 0.41841842   0.470268706872
 0.41941942   0.469393360985
 0.42042042   0.468519617324
 0.42142142   0.467647474491
 0.42242242   0.466776931091
 0.42342342   0.465907985730
 0.42442442   0.465040637023
 0.42542543   0.464174883583
 0.42642643   0.463310724031
 0.42742743   0.462448156990
 0.42842843   0.461587181086
 0.42942943   0.460727794951
 0.43043043   0.459869997219
 0.43143143   0.459013786528
 0.43243243   0.458159161519
 0.43343343   0.457306120838
 0.43443443   0.456454663134
 0.43543544   0.455604787061
 0.43643644   0.454756491273
 0.43743744   0.453909774432
 0.43843844   0.453064635200
 0.43943944   0.452221072246
 0.44044044   0.451379084240
 0.44144144   0.450538669856
 0.44244244   0.449699827773
 0.44344344   0.448862556671
 0.44444444   0.448026855238
 0.44544545   0.447192722160
 0.44644645   0.446360156131
 0.44744745   0.445529155847
 0.44844845   0.444699720006
 0.44944945   0.443871847311
 0.45045045   0.443045536470
 0.45145145   0.442220786192
 0.45245245   0.441397595191
 0.45345345   0.440575962183
 0.45445445   0.439755885889
 0.45545546   0.438937365033
 0.45645646   0.438120398342
 0.45745746   0.437304984548
 0.45845846   0.436491122383
 0.45945946   0.435678810586
 0.46046046   0.434868047899
 0.46146146   0.434058833065
 0.46246246   0.433251164833
 0.46346346   0.432445041953
 0.46446446   0.431640463182
 0.46546547   0.430837427276
 0.46646647   0.430035932998
 0.46746747   0.429235979112
 0.46846847   0.428437564387
 0.46946947   0.427640687593
 0.47047047   0.426845347507
 0.47147147   0.426051542906
 0.47247247   0.425259272572
 0.47347347   0.424468535290
 0.47447447   0.423679329849
 0.47547548   0.422891655038
 0.47647648   0.422105509655
 0.47747748   0.421320892496
 0.47847848   0.420537802363
 0.47947948   0.419756238060
 0.48048048   0.418976198397
 0.48148148   0.418197682183
 0.48248248   0.417420688233
 0.48348348   0.416645215366
 0.48448448   0.415871262401
 0.48548549   0.415098828163
 0.48648649   0.414327911479
 0.48748749   0.413558511180
 0.48848849   0.412790626100
 0.48948949   0.412024255075
 0.49049049   0.411259396946
 0.49149149   0.410496050555
 0.49249249   0.409734214750
 0.49349349   0.408973888380
 0.49449449   0.408215070298
 0.49549550   0.407457759359
 0.49649650   0.406701954423
 0.49749750   0.405947654352
 0.49849850   0.405194858012
 0.49949950   0.404443564269
 0.50050050   0.403693771997
 0.50150150   0.402945480070
 0.50250250   0.402198687366
 0.50350350   0.401453392764
 0.50450450   0.400709595150
 0.50550551   0.399967293410
 0.50650651   0.399226486434
 0.50750751   0.398487173116
 0.50850851   0.397749352351
 0.50950951   0.397013023038
 0.51051051   0.396278184080
 0.51151151   0.395544834383
 0.51251251   0.394812972853
 0.51351351   0.394082598403
 0.51451451   0.393353709947
 0.51551552   0.392626306402
 0.51651652   0.391900386688
 0.51751752   0.391175949729
 0.51851852   0.390452994450
 0.51951952   0.389731519782
 0.52052052   0.389011524655
 0.52152152   0.388293008006
 0.52252252   0.387575968773
 0.52352352   0.386860405895
 0.52452452   0.386146318318
 0.52552553   0.385433704988
 0.52652653   0.384722564856
 0.52752753   0.384012896873
 0.52852853   0.383304699995
 0.52952953   0.382597973181
 0.53053053   0.381892715393
 0.53153153   0.381188925594
 0.53253253   0.380486602752
 0.53353353   0.379785745837
 0.53453453   0.379086353821
 0.53553554   0.378388425682
 0.53653654   0.377691960397
 0.53753754   0.376996956948
 0.53853854   0.376303414319
 0.53953954   0.375611331498
 0.54054054   0.374920707474
 0.54154154   0.374231541240
 0.54254254   0.373543831793
 0.54354354   0.372857578130
 0.54454454   0.372172779254
 0.54554555   0.371489434167
 0.54654655   0.370807541877
 0.54754755   0.370127101393
 0.54854855   0.369448111729
 0.54954955   0.368770571899
 0.55055055   0.368094480922
 0.55155155   0.367419837817
 0.55255255   0.366746641609
 0.55355355   0.366074891324
 0.55455455   0.365404585991
 0.55555556   0.364735724641
 0.55655656   0.364068306310
 0.55755756   0.363402330034
 0.55855856   0.362737794854
 0.55955956   0.362074699811
 0.56056056   0.361413043952
 0.56156156   0.360752826324
 0.56256256   0.360094045979
 0.56356356   0.359436701969
 0.56456456   0.358780793351
 0.56556557   0.358126319184
 0.56656657   0.357473278529
 0.56756757   0.356821670450
 0.56856857   0.356171494014
 0.56956957   0.355522748291
 0.57057057   0.354875432352
 0.57157157   0.354229545274
 0.57257257   0.353585086132
 0.57357357   0.352942054007
 0.57457457   0.352300447981
 0.57557558   0.351660267141
 0.57657658   0.351021510574
 0.57757758   0.350384177370
 0.57857858   0.349748266622
 0.57957958   0.349113777427
 0.58058058   0.348480708882
 0.58158158   0.347849060089
 0.58258258   0.347218830151
 0.58358358   0.346590018174
 0.58458458   0.345962623266
 0.58558559   0.345336644540
 0.58658659   0.344712081108
 0.58758759   0.344088932088
 0.58858859   0.343467196597
 0.58958959   0.342846873758
 0.59059059   0.342227962694
 0.59159159   0.341610462532
 0.59259259   0.340994372401
 0.59359359   0.340379691432
 0.59459459   0.339766418760
 0.59559560   0.339154553521
 0.59659660   0.338544094854
 0.59759760   0.337935041901
 0.59859860   0.337327393806
 0.59959960   0.336721149715
 0.60060060   0.336116308778
 0.60160160   0.335512870147
 0.60260260   0.334910832974
 0.60360360   0.334310196418
 0.60460460   0.333710959636
 0.60560561   0.333113121790
 0.60660661   0.332516682044
 0.60760761   0.331921639565
 0.60860861   0.331327993522
 0.60960961   0.330735743085
 0.61061061   0.330144887428
 0.61161161   0.329555425727
 0.61261261   0.328967357162
 0.61361361   0.328380680912
 0.61461461   0.327795396162
 0.61561562   0.327211502097
 0.61661662   0.326628997905
 0.61761762   0.326047882777
 0.61861862   0.325468155907
 0.61961962   0.324889816488
 0.62062062   0.324312863721
 0.62162162   0.323737296803
 0.62262262   0.323163114939
 0.62362362   0.322590317332
 0.62462462   0.322018903191
 0.62562563   0.321448871725
 0.62662663   0.320880222146
 0.62762763   0.320312953669
 0.62862863   0.319747065509
 0.62962963   0.319182556887
 0.63063063   0.318619427024
 0.63163163   0.318057675144
 0.63263263   0.317497300472
 0.63363363   0.316938302238
 0.63463463   0.316380679672
 0.63563564   0.315824432006
 0.63663664   0.315269558478
 0.63763764   0.314716058323
 0.63863864   0.314163930783
 0.63963964   0.313613175100
 0.64064064   0.313063790518
 0.64164164   0.312515776284
 0.64264264   0.311969131648
 0.64364364   0.311423855860
 0.64464464   0.310879948176
 0.64564565   0.310337407851
 0.64664665   0.309796234143
 0.64764765   0.309256426312
 0.64864865   0.308717983623
 0.64964965   0.308180905339
 0.65065065   0.307645190729
 0.65165165   0.307110839062
 0.65265265   0.306577849610
 0.65365365   0.306046221646
 0.65465465   0.305515954449
 0.65565566   0.304987047295
 0.65665666   0.304459499466
 0.65765766   0.303933310245
 0.65865866   0.303408478918
 0.65965966   0.302885004771
 0.66066066   0.302362887095
 0.66166166   0.301842125181
 0.66266266   0.301322718324
 0.66366366   0.300804665820
 0.66466466   0.300287966967
 0.66566567   0.299772621067
 0.66666667   0.299258627422
 0.66766767   0.298745985337
 0.66866867   0.298234694121
 0.66966967   0.297724753081
 0.67067067   0.297216161530
 0.67167167   0.296708918782
 0.67267267   0.296203024152
 0.67367367   0.295698476960
 0.67467467   0.295195276524
 0.67567568   0.294693422169
 0.67667668   0.294192913217
 0.67767768   0.293693748997
 0.67867868   0.293195928836
 0.67967968   0.292699452067
 0.68068068   0.292204318022
 0.68168168   0.291710526036
 0.68268268   0.291218075448
 0.68368368   0.290726965596
 0.68468468   0.290237195823
 0.68568569   0.289748765472
 0.68668669   0.289261673888
 0.68768769   0.288775920422
 0.68868869   0.288291504421
 0.68968969   0.287808425239
 0.69069069   0.287326682230
 0.69169169   0.286846274751
 0.69269269   0.286367202160
 0.69369369   0.285889463817
 0.69469469   0.285413059086
 0.69569570   0.284937987331
 0.69669670   0.284464247919
 0.69769770   0.283991840219
 0.69869870   0.283520763602
 0.69969970   0.283051017441
 0.70070070   0.282582601112
 0.70170170   0.282115513991
 0.70270270   0.281649755458
 0.70370370   0.281185324895
 0.70470470   0.280722221684
 0.70570571   0.280260445211
 0.70670671   0.279799994864
 0.70770771   0.279340870031
 0.70870871   0.278883070106
 0.70970971   0.278426594481
 0.71071071   0.277971442551
 0.71171171   0.277517613715
 0.71271271   0.277065107372
 0.71371371   0.276613922925
 0.71471471   0.276164059775
 0.71571572   0.275715517330
 0.71671672   0.275268294998
 0.71771772   0.274822392187
 0.71871872   0.274377808309
 0.71971972   0.273934542779
 0.72072072   0.273492595012
 0.72172172   0.273051964426
 0.72272272   0.272612650440
 0.72372372   0.272174652477
 0.72472472   0.271737969960
 0.72572573   0.271302602314
 0.72672673   0.270868548968
 0.72772773   0.270435809351
 0.72872873   0.270004382895
 0.72972973   0.269574269032
 0.73073073   0.269145467200
 0.73173173   0.268717976835
 0.73273273   0.268291797376
 0.73373373   0.267866928266
 0.73473473   0.267443368947
 0.73573574   0.267021118866
 0.73673674   0.266600177468
 0.73773774   0.266180544205
 0.73873874   0.265762218525
 0.73973974   0.265345199884
 0.74074074   0.264929487735
 0.74174174   0.264515081537
 0.74274274   0.264101980747
 0.74374374   0.263690184826
 0.74474474   0.263279693238
 0.74574575   0.262870505447
 0.74674675   0.262462620920
 0.74774775   0.262056039125
 0.74874875   0.261650759532
 0.74974975   0.261246781615
 0.75075075   0.260844104846
 0.75175175   0.260442728703
 0.75275275   0.260042652664
 0.75375375   0.259643876208
 0.75475475   0.259246398817
 0.75575576   0.258850219976
 0.75675676   0.258455339169
 0.75775776   0.258061755884
 0.75875876   0.257669469611
 0.75975976   0.257278479841
 0.76076076   0.256888786066
 0.76176176   0.256500387784
 0.76276276   0.256113284489
 0.76376376   0.255727475681
 0.76476476   0.255342960861
 0.76576577   0.254959739530
 0.76676677   0.254577811195
 0.76776777   0.254197175360
 0.76876877   0.253817831534
 0.76976977   0.253439779227
 0.77077077   0.253063017950
 0.77177177   0.252687547218
 0.77277277   0.252313366546
 0.77377377   0.251940475451
 0.77477477   0.251568873453
 0.77577578   0.251198560072
 0.77677678   0.250829534832
 0.77777778   0.250461797257
 0.77877878   0.250095346874
 0.77977978   0.249730183211
 0.78078078   0.249366305798
 0.78178178   0.249003714168
 0.78278278   0.248642407854
 0.78378378   0.248282386391
 0.78478478   0.247923649319
 0.78578579   0.247566196175
 0.78678679   0.247210026501
 0.78778779   0.246855139841
 0.78878879   0.246501535737
 0.78978979   0.246149213738
 0.79079079   0.245798173392
 0.79179179   0.245448414248
 0.79279279   0.245099935859
 0.79379379   0.244752737779
 0.79479479   0.244406819563
 0.79579580   0.244062180768
 0.79679680   0.243718820953
 0.79779780   0.243376739680
 0.79879880   0.243035936511
 0.79979980   0.242696411011
 0.80080080   0.242358162746
 0.80180180   0.242021191284
 0.80280280   0.241685496194
 0.80380380   0.241351077049
 0.80480480   0.241017933422
 0.80580581   0.240686064887
 0.80680681   0.240355471023
 0.80780781   0.240026151407
 0.80880881   0.239698105619
 0.80980981   0.239371333243
 0.81081081   0.239045833862
 0.81181181   0.238721607062
 0.81281281   0.238398652430
 0.81381381   0.238076969556
 0.81481481   0.237756558030
 0.81581582   0.237437417445
 0.81681682   0.237119547396
 0.81781782   0.236802947478
 0.81881882   0.236487617290
 0.81981982   0.236173556432
 0.82082082   0.235860764504
 0.82182182   0.235549241110
 0.82282282   0.235238985856
 0.82382382   0.234929998346
 0.82482482   0.234622278191
 0.82582583   0.234315824999
 0.82682683   0.234010638383
 0.82782783   0.233706717956
 0.82882883   0.233404063334
 0.82982983   0.233102674133
 0.83083083   0.232802549972
 0.83183183   0.232503690472
 0.83283283   0.232206095254
 0.83383383   0.231909763942
 0.83483483   0.231614696163
 0.83583584   0.231320891542
 0.83683684   0.231028349709
 0.83783784   0.230737070296
 0.83883884   0.230447052933
 0.83983984   0.230158297255
 0.84084084   0.229870802898
 0.84184184   0.229584569499
 0.84284284   0.229299596698
 0.84384384   0.229015884134
 0.84484484   0.228733431452
 0.84584585   0.228452238294
 0.84684685   0.228172304307
 0.84784785   0.227893629138
 0.84884885   0.227616212436
 0.84984985   0.227340053854
 0.85085085   0.227065153042
 0.85185185   0.226791509656
 0.85285285   0.226519123350
 0.85385385   0.226247993784
 0.85485485   0.225978120617
 0.85585586   0.225709503508
 0.85685686   0.225442142121
 0.85785786   0.225176036121
 0.85885886   0.224911185172
 0.85985986   0.224647588944
 0.86086086   0.224385247104
 0.86186186   0.224124159325
 0.86286286   0.223864325278
 0.86386386   0.223605744639
 0.86486486   0.223348417082
 0.86586587   0.223092342286
 0.86686687   0.222837519930
 0.86786787   0.222583949694
 0.86886887   0.222331631261
 0.86986987   0.222080564316
 0.87087087   0.221830748544
 0.87187187   0.221582183633
 0.87287287   0.221334869271
 0.87387387   0.221088805150
 0.87487487   0.220843990962
 0.87587588   0.220600426401
 0.87687688   0.220358111163
 0.87787788   0.220117044944
 0.87887888   0.219877227445
 0.87987988   0.219638658365
 0.88088088   0.219401337406
 0.88188188   0.219165264274
 0.88288288   0.218930438672
 0.88388388   0.218696860308
 0.88488488   0.218464528891
 0.88588589   0.218233444131
 0.88688689   0.218003605740
 0.88788789   0.217775013432
 0.88888889   0.217547666921
 0.88988989   0.217321565925
 0.89089089   0.217096710163
 0.89189189   0.216873099353
 0.89289289   0.216650733218
 0.89389389   0.216429611480
 0.89489489   0.216209733866
 0.89589590   0.215991100101
 0.89689690   0.215773709913
 0.89789790   0.215557563033
 0.89889890   0.215342659190
 0.89989990   0.215128998119
 0.90090090   0.214916579554
 0.90190190   0.214705403231
 0.90290290   0.214495468887
 0.90390390   0.214286776262
 0.90490490   0.214079325096
 0.90590591   0.213873115133
 0.90690691   0.213668146116
 0.90790791   0.213464417792
 0.90890891   0.213261929906
 0.90990991   0.213060682208
 0.91091091   0.212860674449
 0.91191191   0.212661906381
 0.91291291   0.212464377756
 0.91391391   0.212268088331
 0.91491491   0.212073037862
 0.91591592   0.211879226108
 0.91691692   0.211686652828
 0.91791792   0.211495317784
 0.91891892   0.211305220739
 0.91991992   0.211116361458
 0.92092092   0.210928739707
 0.92192192   0.210742355253
 0.92292292   0.210557207867
 0.92392392   0.210373297320
 0.92492492   0.210190623383
 0.92592593   0.210009185830
 0.92692693   0.209828984439
 0.92792793   0.209650018985
 0.92892893   0.209472289248
 0.92992993   0.209295795009
 0.93093093   0.209120536048
 0.93193193   0.208946512150
 0.93293293   0.208773723099
 0.93393393   0.208602168683
 0.93493493   0.208431848689
 0.93593594   0.208262762908
 0.93693694   0.208094911130
 0.93793794   0.207928293149
 0.93893894   0.207762908758
 0.93993994   0.207598757755
 0.94094094   0.207435839936
 0.94194194   0.207274155101
 0.94294294   0.207113703050
 0.94394394   0.206954483586
 0.94494494   0.206796496512
 0.94594595   0.206639741633
 0.94694695   0.206484218757
 0.94794795   0.206329927692
 0.94894895   0.206176868248
 0.94994995   0.206025040236
 0.95095095   0.205874443469
 0.95195195   0.205725077762
 0.95295295   0.205576942931
 0.95395395   0.205430038794
 0.95495495   0.205284365170
 0.95595596   0.205139921880
 0.95695696   0.204996708746
 0.95795796   0.204854725592
 0.95895896   0.204713972243
 0.95995996   0.204574448526
 0.96096096   0.204436154270
 0.96196196   0.204299089304
 0.96296296   0.204163253461
 0.96396396   0.204028646572
 0.96496496   0.203895268474
 0.96596597   0.203763119001
 0.96696697   0.203632197992
 0.96796797   0.203502505285
 0.96896897   0.203374040722
 0.96996997   0.203246804145
 0.97097097   0.203120795397
 0.97197197   0.202996014324
 0.97297297   0.202872460772
 0.97397397   0.202750134590
 0.97497497   0.202629035628
 0.97597598   0.202509163737
 0.97697698   0.202390518770
 0.97797798   0.202273100582
 0.97897898   0.202156909028
 0.97997998   0.202041943966
 0.98098098   0.201928205255
 0.98198198   0.201815692755
 0.98298298   0.201704406329
 0.98398398   0.201594345840
 0.98498498   0.201485511153
 0.98598599   0.201377902135
 0.98698699   0.201271518653
 0.98798799   0.201166360579
 0.98898899   0.201062427782
 0.98998999   0.200959720135
 0.99099099   0.200858237512
 0.99199199   0.200757979790
 0.99299299   0.200658946845
 0.99399399   0.200561138557
 0.99499499   0.200464554804
 0.99599600   0.200369195470
 0.99699700   0.200275060437
 0.99799800   0.200182149590
 0.99899900   0.200090462815
 1.00000000   0.200000000000


# Solution for b = 0.30
 0.00000000   1.000000000000
 0.00100100   0.998344537557
 0.00200200   0.996691794337
 0.00300300   0.995041765849
 0.00400400   0.993394447617
 0.00500501   0.991749835180
 0.00600601   0.990107924093
 0.00700701   0.988468709922
 0.00800801   0.986832188252
 0.00900901   0.985198354679
 0.01001001   0.983567204815
 0.01101101   0.981938734287
 0.01201201   0.980312938733
 0.01301301   0.978689813810
 0.01401401   0.977069355185
 0.01501502   0.975451558542
 0.01601602   0.973836419577
 0.01701702   0.972223934002
 0.01801802   0.970614097541
 0.01901902   0.969006905933
 0.02002002   0.967402354931
 0.02102102   0.965800440301
 0.02202202   0.964201157824
 0.02302302   0.962604503292
 0.02402402   0.961010472514
 0.02502503   0.959419061311
 0.02602603   0.957830265516
 0.02702703   0.956244080979
 0.02802803   0.954660503560
 0.02902903   0.953079529133
 0.03003003   0.951501153588
 0.03103103   0.949925372825
 0.03203203   0.948352182759
 0.03303303   0.946781579316
 0.03403403   0.945213558439
 0.03503504   0.943648116080
 0.03603604   0.942085248205
 0.03703704   0.940524950796
 0.03803804   0.938967219844
 0.03903904   0.937412051353
 0.04004004   0.935859441344
 0.04104104   0.934309385845
 0.04204204   0.932761880901
 0.04304304   0.931216922567
 0.04404404   0.929674506913
 0.04504505   0.928134630019
 0.04604605   0.926597287979
 0.04704705   0.925062476899
 0.04804805   0.923530192898
 0.04904905   0.922000432105
 0.05005005   0.920473190665
 0.05105105   0.918948464733
 0.05205205   0.917426250476
 0.05305305   0.915906544073
 0.05405405   0.914389341716
 0.05505506   0.912874639610
 0.05605606   0.911362433969
 0.05705706   0.909852721022
 0.05805806   0.908345497008
 0.05905906   0.906840758178
 0.06006006   0.905338500796
 0.06106106   0.903838721137
 0.06206206   0.902341415488
 0.06306306   0.900846580146
 0.06406406   0.899354211422
 0.06506507   0.897864305638
 0.06606607   0.896376859127
 0.06706707   0.894891868233
 0.06806807   0.893409329312
 0.06906907   0.891929238733
 0.07007007   0.890451592874
 0.07107107   0.888976388126
 0.07207207   0.887503620889
 0.07307307   0.886033287576
 0.07407407   0.884565384612
 0.07507508   0.883099908432
 0.07607608   0.881636855482
 0.07707708   0.880176222219
 0.07807808   0.878718005111
 0.07907908   0.877262200638
 0.08008008   0.875808805289
 0.08108108   0.874357815567
 0.08208208   0.872909227983
 0.08308308   0.871463039060
 0.08408408   0.870019245331
 0.08508509   0.868577843341
 0.08608609   0.867138829644
 0.08708709   0.865702200807
 0.08808809   0.864267953406
 0.08908909   0.862836084028
 0.09009009   0.861406589270
 0.09109109   0.859979465739
 0.09209209   0.858554710055
 0.09309309   0.857132318846
 0.09409409   0.855712288752
 0.09509510   0.854294616421
 0.09609610   0.852879298514
 0.09709710   0.851466331701
 0.09809810   0.850055712662
 0.09909910   0.848647438088
 0.10010010   0.847241504679
 0.10110110   0.845837909146
 0.10210210   0.844436648209
 0.10310310   0.843037718601
 0.10410410   0.841641117062
 0.10510511   0.840246840342
 0.10610611   0.838854885203
 0.10710711   0.837465248415
 0.10810811   0.836077926759
 0.10910911   0.834692917024
 0.11011011   0.833310216013
 0.11111111   0.831929820533
 0.11211211   0.830551727405
 0.11311311   0.829175933459
 0.11411411   0.827802435533
 0.11511512   0.826431230475
 0.11611612   0.825062315145
 0.11711712   0.823695686409
 0.11811812   0.822331341145
 0.11911912   0.820969276240
 0.12012012   0.819609488589
 0.12112112   0.818251975099
 0.12212212   0.816896732683
 0.12312312   0.815543758267
 0.12412412   0.814193048784
 0.12512513   0.812844601176
 0.12612613   0.811498412396
 0.12712713   0.810154479405
 0.12812813   0.808812799173
 0.12912913   0.807473368680
 0.13013013   0.806136184915
 0.13113113   0.804801244874
 0.13213213   0.803468545566
 0.13313313   0.802138084005
 0.13413413   0.800809857217
 0.13513514   0.799483862235
 0.13613614   0.798160096102
 0.13713714   0.796838555869
 0.13813814   0.795519238596
 0.13913914   0.794202141353
 0.14014014   0.792887261218
 0.14114114   0.791574595277
 0.14214214   0.790264140626
 0.14314314   0.788955894368
 0.14414414   0.787649853618
 0.14514515   0.786346015495
 0.14614615   0.785044377130
 0.14714715   0.783744935662
 0.14814815   0.782447688237
 0.14914915   0.781152632011
 0.15015015   0.779859764149
 0.15115115   0.778569081823
 0.15215215   0.777280582214
 0.15315315   0.775994262511
 0.15415415   0.774710119913
 0.15515516   0.773428151624
 0.15615616   0.772148354860
 0.15715716   0.770870726843
 0.15815816   0.769595264804
 0.15915916   0.768321965983
 0.16016016   0.767050827626
 0.16116116   0.765781846989
 0.16216216   0.764515021336
 0.16316316   0.763250347938
 0.16416416   0.761987824076
 0.16516517   0.760727447037
 0.16616617   0.759469214116
 0.16716717   0.758213122619
 0.16816817   0.756959169856
 0.16916917   0.755707353148
 0.17017017   0.754457669823
 0.17117117   0.753210117215
 0.17217217   0.751964692669
 0.17317317   0.750721393535
 0.17417417   0.749480217173
 0.17517518   0.748241160950
 0.17617618   0.747004222240
 0.17717718   0.745769398426
 0.17817818   0.744536686898
 0.17917918   0.743306085054
 0.18018018   0.742077590298
 0.18118118   0.740851200045
 0.18218218   0.739626911714
 0.18318318   0.738404722735
 0.18418418   0.737184630542
 0.18518519   0.735966632578
 0.18618619   0.734750726296
 0.18718719   0.733536909153
 0.18818819   0.732325178614
 0.18918919   0.731115532153
 0.19019019   0.729907967251
 0.19119119   0.728702481395
 0.19219219   0.727499072080
 0.19319319   0.726297736810
 0.19419419   0.725098473093
 0.19519520   0.723901278448
 0.19619620   0.722706150398
 0.19719720   0.721513086475
 0.19819820   0.720322084218
 0.19919920   0.719133141173
 0.20020020   0.717946254893
 0.20120120   0.716761422939
 0.20220220   0.715578642877
 0.20320320   0.714397912283
 0.20420420   0.713219228738
 0.20520521   0.712042589831
 0.20620621   0.710867993156
 0.20720721   0.709695436317
 0.20820821   0.708524916924
 0.20920921   0.707356432592
 0.21021021   0.706189980945
 0.21121121   0.705025559615
 0.21221221   0.703863166237
 0.21321321   0.702702798456
 0.21421421   0.701544453923
 0.21521522   0.700388130295
 0.21621622   0.699233825238
 0.21721722   0.698081536422
 0.21821822   0.696931261525
 0.21921922   0.695782998233
 0.22022022   0.694636744237
 0.22122122   0.693492497234
 0.22222222   0.692350254930
 0.22322322   0.691210015037
 0.22422422   0.690071775271
 0.22522523   0.688935533359
 0.22622623   0.687801287030
 0.22722723   0.686669034024
 0.22822823   0.685538772083
 0.22922923   0.684410498960
 0.23023023   0.683284212412
 0.23123123   0.682159910201
 0.23223223   0.681037590099
 0.23323323   0.679917249882
 0.23423423   0.678798887334
 0.23523524   0.677682500243
 0.23623624   0.676568086406
 0.23723724   0.675455643625
 0.23823824   0.674345169708
 0.23923924   0.673236662470
 0.24024024   0.672130119733
 0.24124124   0.671025539324
 0.24224224   0.669922919075
 0.24324324   0.668822256828
 0.24424424   0.667723550429
 0.24524525   0.666626797729
 0.24624625   0.665531996587
 0.24724725   0.664439144868
 0.24824825   0.663348240442
 0.24924925   0.662259281186
 0.25025025   0.661172264984
 0.25125125   0.660087189723
 0.25225225   0.659004053300
 0.25325325   0.657922853616
 0.25425425   0.656843588577
 0.25525526   0.655766256096
 0.25625626   0.654690854094
 0.25725726   0.653617380494
 0.25825826   0.652545833228
 0.25925926   0.651476210233
 0.26026026   0.650408509451
 0.26126126   0.649342728832
 0.26226226   0.648278866330
 0.26326326   0.647216919905
 0.26426426   0.646156887524
 0.26526527   0.645098767159
 0.26626627   0.644042556788
 0.26726727   0.642988254395
 0.26826827   0.641935857968
 0.26926927   0.640885365504
 0.27027027   0.639836775003
 0.27127127   0.638790084472
 0.27227227   0.637745291923
 0.27327327   0.636702395374
 0.27427427   0.635661392849
 0.27527528   0.634622282378
 0.27627628   0.633585061995
 0.27727728   0.632549729740
 0.27827828   0.631516283661
 0.27927928   0.630484721808
 0.28028028   0.629455042240
 0.28128128   0.628427243018
 0.28228228   0.627401322212
 0.28328328   0.626377277895
 0.28428428   0.625355108146
 0.28528529   0.624334811051
 0.28628629   0.623316384700
 0.28728729   0.622299827188
 0.28828829   0.621285136616
 0.28928929   0.620272311092
 0.29029029   0.619261348727
 0.29129129   0.618252247639
 0.29229229   0.617245005950
 0.29329329   0.616239621788
 0.29429429   0.615236093287
 0.29529530   0.614234418586
 0.29629630   0.613234595828
 0.29729730   0.612236623163
 0.29829830   0.611240498746
 0.29929930   0.610246220736
 0.30030030   0.609253787298
 0.30130130   0.608263196603
 0.30230230   0.607274446826
 0.30330330   0.606287536147
 0.30430430   0.605302462754
 0.30530531   0.604319224836
 0.30630631   0.603337820590
 0.30730731   0.602358248217
 0.30830831   0.601380505924
 0.30930931   0.600404591922
 0.31031031   0.599430504428
 0.31131131   0.598458241664
 0.31231231   0.597487801855
 0.31331331   0.596519183235
 0.31431431   0.595552384039
 0.31531532   0.594587402510
 0.31631632   0.593624236894
 0.31731732   0.592662885444
 0.31831832   0.591703346416
 0.31931932   0.590745618071
 0.32032032   0.589789698678
 0.32132132   0.588835586506
 0.32232232   0.587883279833
 0.32332332   0.586932776940
 0.32432432   0.585984076113
 0.32532533   0.585037175644
 0.32632633   0.584092073829
 0.32732733   0.583148768968
 0.32832833   0.582207259367
 0.32932933   0.581267543337
 0.33033033   0.580329619193
 0.33133133   0.579393485256
 0.33233233   0.578459139850
 0.33333333   0.577526581304
 0.33433433   0.576595807954
 0.33533534   0.575666818138
 0.33633634   0.574739610201
 0.33733734   0.573814182490
 0.33833834   0.572890533360
 0.33933934   0.571968661168
 0.34034034   0.571048564276
 0.34134134   0.570130241053
 0.34234234   0.569213689870
 0.34334334   0.568298909103
 0.34434434   0.567385897134
 0.34534535   0.566474652349
 0.34634635   0.565565173138
 0.34734735   0.564657457896
 0.34834835   0.563751505023
 0.34934935   0.562847312922
 0.35035035   0.561944880002
 0.35135135   0.561044204677
 0.35235235   0.560145285364
 0.35335335   0.559248120486
 0.35435435   0.558352708468
 0.35535536   0.557459047743
 0.35635636   0.556567136745
 0.35735736   0.555676973916
 0.35835836   0.554788557699
 0.35935936   0.553901886543
 0.36036036   0.553016958902
 0.36136136   0.552133773234
 0.36236236   0.551252328001
 0.36336336   0.550372621669
 0.36436436   0.549494652709
 0.36536537   0.548618419598
 0.36636637   0.547743920813
 0.36736737   0.546871154840
 0.36836837   0.546000120166
 0.36936937   0.545130815285
 0.37037037   0.544263238693
 0.37137137   0.543397388891
 0.37237237   0.542533264385
 0.37337337   0.541670863685
 0.37437437   0.540810185305
 0.37537538   0.539951227763
 0.37637638   0.539093989581
 0.37737738   0.538238469287
 0.37837838   0.537384665410
 0.37937938   0.536532576487
 0.38038038   0.535682201057
 0.38138138   0.534833537663
 0.38238238   0.533986584853
 0.38338338   0.533141341178
 0.38438438   0.532297805195
 0.38538539   0.531455975464
 0.38638639   0.530615850549
 0.38738739   0.529777429018
 0.38838839   0.528940709444
 0.38938939   0.528105690403
 0.39039039   0.527272370476
 0.39139139   0.526440748248
 0.39239239   0.525610822307
 0.39339339   0.524782591246
 0.39439439   0.523956053662
 0.39539540   0.523131208156
 0.39639640   0.522308053333
 0.39739740   0.521486587801
 0.39839840   0.520666810173
 0.39939940   0.519848719067
 0.40040040   0.519032313104
 0.40140140   0.518217590907
 0.40240240   0.517404551105
 0.40340340   0.516593192332
 0.40440440   0.515783513225
 0.40540541   0.514975512422
 0.40640641   0.514169188570
 0.40740741   0.513364540316
 0.40840841   0.512561566313
 0.40940941   0.511760265217
 0.41041041   0.510960635688
 0.41141141   0.510162676390
 0.41241241   0.509366385990
 0.41341341   0.508571763160
 0.41441441   0.507778806576
 0.41541542   0.506987514917
 0.41641642   0.506197886866
 0.41741742   0.505409921109
 0.41841842   0.504623616338
 0.41941942   0.503838971248
 0.42042042   0.503055984535
 0.42142142   0.502274654903
 0.42242242   0.501494981056
 0.42342342   0.500716961705
 0.42442442   0.499940595563
 0.42542543   0.499165881347
 0.42642643   0.498392817778
 0.42742743   0.497621403579
 0.42842843   0.496851637480
 0.42942943   0.496083518211
 0.43043043   0.495317044510
 0.43143143   0.494552215113
 0.43243243   0.493789028766
 0.43343343   0.493027484213
 0.43443443   0.492267580206
 0.43543544   0.491509315498
 0.43643644   0.490752688846
 0.43743744   0.489997699012
 0.43843844   0.489244344760
 0.43943944   0.488492624859
 0.44044044   0.487742538081
 0.44144144   0.486994083200
 0.44244244   0.486247258996
 0.44344344   0.485502064252
 0.44444444   0.484758497754
 0.44544545   0.484016558291
 0.44644645   0.483276244657
 0.44744745   0.482537555649
 0.44844845   0.481800490067
 0.44944945   0.481065046714
 0.45045045   0.480331224399
 0.45145145   0.479599021932
 0.45245245   0.478868438128
 0.45345345   0.478139471804
 0.45445445   0.477412121781
 0.45545546   0.476686386886
 0.45645646   0.475962265945
 0.45745746   0.475239757790
 0.45845846   0.474518861257
 0.45945946   0.473799575185
 0.46046046   0.473081898415
 0.46146146   0.472365829792
 0.46246246   0.471651368167
 0.46346346   0.470938512390
 0.46446446   0.470227261318
 0.46546547   0.469517613809
 0.46646647   0.468809568727
 0.46746747   0.468103124936
 0.46846847   0.467398281307
 0.46946947   0.466695036711
 0.47047047   0.465993390025
 0.47147147   0.465293340127
 0.47247247   0.464594885901
 0.47347347   0.463898026232
 0.47447447   0.463202760009
 0.47547548   0.462509086125
 0.47647648   0.461817003476
 0.47747748   0.461126510961
 0.47847848   0.460437607481
 0.47947948   0.459750291944
 0.48048048   0.459064563258
 0.48148148   0.458380420335
 0.48248248   0.457697862090
 0.48348348   0.457016887442
 0.48448448   0.456337495314
 0.48548549   0.455659684631
 0.48648649   0.454983454320
 0.48748749   0.454308803314
 0.48848849   0.453635730547
 0.48948949   0.452964234958
 0.49049049   0.452294315488
 0.49149149   0.451625971081
 0.49249249   0.450959200685
 0.49349349   0.450294003251
 0.49449449   0.449630377733
 0.49549550   0.448968323088
 0.49649650   0.448307838277
 0.49749750   0.447648922262
 0.49849850   0.446991574010
 0.49949950   0.446335792492
 0.50050050   0.445681576681
 0.50150150   0.445028925551
 0.50250250   0.444377838083
 0.50350350   0.443728313258
 0.50450450   0.443080350062
 0.50550551   0.442433947484
 0.50650651   0.441789104515
 0.50750751   0.441145820149
 0.50850851   0.440504093384
 0.50950951   0.439863923222
 0.51051051   0.439225308665
 0.51151151   0.438588248721
 0.51251251   0.437952742400
 0.51351351   0.437318788714
 0.51451451   0.436686386681
 0.51551552   0.436055535317
 0.51651652   0.435426233647
 0.51751752   0.434798480694
 0.51851852   0.434172275488
 0.51951952   0.433547617058
 0.52052052   0.432924504440
 0.52152152   0.432302936669
 0.52252252   0.431682912787
 0.52352352   0.431064431837
 0.52452452   0.430447492863
 0.52552553   0.429832094917
 0.52652653   0.429218237048
 0.52752753   0.428605918312
 0.52852853   0.427995137768
 0.52952953   0.427385894475
 0.53053053   0.426778187498
 0.53153153   0.426172015904
 0.53253253   0.425567378761
 0.53353353   0.424964275142
 0.53453453   0.424362704123
 0.53553554   0.423762664782
 0.53653654   0.423164156200
 0.53753754   0.422567177462
 0.53853854   0.421971727653
 0.53953954   0.421377805865
 0.54054054   0.420785411190
 0.54154154   0.420194542723
 0.54254254   0.419605199564
 0.54354354   0.419017380812
 0.54454454   0.418431085574
 0.54554555   0.417846312954
 0.54654655   0.417263062064
 0.54754755   0.416681332017
 0.54854855   0.416101121927
 0.54954955   0.415522430913
 0.55055055   0.414945258096
 0.55155155   0.414369602600
 0.55255255   0.413795463553
 0.55355355   0.413222840083
 0.55455455   0.412651731323
 0.55555556   0.412082136408
 0.55655656   0.411514054476
 0.55755756   0.410947484668
 0.55855856   0.410382426128
 0.55955956   0.409818878001
 0.56056056   0.409256839437
 0.56156156   0.408696309588
 0.56256256   0.408137287608
 0.56356356   0.407579772654
 0.56456456   0.407023763886
 0.56556557   0.406469260468
 0.56656657   0.405916261564
 0.56756757   0.405364766344
 0.56856857   0.404814773977
 0.56956957   0.404266283638
 0.57057057   0.403719294503
 0.57157157   0.403173805751
 0.57257257   0.402629816564
 0.57357357   0.402087326126
 0.57457457   0.401546333625
 0.57557558   0.401006838250
 0.57657658   0.400468839194
 0.57757758   0.399932335651
 0.57857858   0.399397326821
 0.57957958   0.398863811903
 0.58058058   0.398331790101
 0.58158158   0.397801260620
 0.58258258   0.397272222670
 0.58358358   0.396744675460
 0.58458458   0.396218618205
 0.58558559   0.395694050121
 0.58658659   0.395170970428
 0.58758759   0.394649378347
 0.58858859   0.394129273102
 0.58958959   0.393610653920
 0.59059059   0.393093520030
 0.59159159   0.392577870666
 0.59259259   0.392063705061
 0.59359359   0.391551022452
 0.59459459   0.391039822080
 0.59559560   0.390530103187
 0.59659660   0.390021865019
 0.59759760   0.389515106822
 0.59859860   0.389009827847
 0.59959960   0.388506027347
 0.60060060   0.388003704576
 0.60160160   0.387502858794
 0.60260260   0.387003489261
 0.60360360   0.386505595238
 0.60460460   0.386009175993
 0.60560561   0.385514230792
 0.60660661   0.385020758907
 0.60760761   0.384528759611
 0.60860861   0.384038232179
 0.60960961   0.383549175890
 0.61061061   0.383061590025
 0.61161161   0.382575473865
 0.61261261   0.382090826698
 0.61361361   0.381607647812
 0.61461461   0.381125936496
 0.61561562   0.380645692045
 0.61661662   0.380166913754
 0.61761762   0.379689600922
 0.61861862   0.379213752848
 0.61961962   0.378739368837
 0.62062062   0.378266448194
 0.62162162   0.377794990226
 0.62262262   0.377324994245
 0.62362362   0.376856459564
 0.62462462   0.376389385497
 0.62562563   0.375923771364
 0.62662663   0.375459616484
 0.62762763   0.374996920180
 0.62862863   0.374535681778
 0.62962963   0.374075900604
 0.63063063   0.373617575990
 0.63163163   0.373160707269
 0.63263263   0.372705293774
 0.63363363   0.372251334843
 0.63463463   0.371798829816
 0.63563564   0.371347778036
 0.63663664   0.370898178847
 0.63763764   0.370450031596
 0.63863864   0.370003335633
 0.63963964   0.369558090309
 0.64064064   0.369114294979
 0.64164164   0.368671949000
 0.64264264   0.368231051729
 0.64364364   0.367791602530
 0.64464464   0.367353600765
 0.64564565   0.366917045801
 0.64664665   0.366481937006
 0.64764765   0.366048273751
 0.64864865   0.365616055410
 0.64964965   0.365185281358
 0.65065065   0.364755950973
 0.65165165   0.364328063635
 0.65265265   0.363901618727
 0.65365365   0.363476615634
 0.65465465   0.363053053744
 0.65565566   0.362630932445
 0.65665666   0.362210251131
 0.65765766   0.361791009195
 0.65865866   0.361373206034
 0.65965966   0.360956841048
 0.66066066   0.360541913637
 0.66166166   0.360128423205
 0.66266266   0.359716369158
 0.66366366   0.359305750904
 0.66466466   0.358896567854
 0.66566567   0.358488819421
 0.66666667   0.358082505019
 0.66766767   0.357677624067
 0.66866867   0.357274175984
 0.66966967   0.356872160192
 0.67067067   0.356471576116
 0.67167167   0.356072423181
 0.67267267   0.355674700817
 0.67367367   0.355278408456
 0.67467467   0.354883545529
 0.67567568   0.354490111474
 0.67667668   0.354098105728
 0.67767768   0.353707527731
 0.67867868   0.353318376925
 0.67967968   0.352930652757
 0.68068068   0.352544354671
 0.68168168   0.352159482118
 0.68268268   0.351776034549
 0.68368368   0.351394011418
 0.68468468   0.351013412180
 0.68568569   0.350634236295
 0.68668669   0.350256483221
 0.68768769   0.349880152423
 0.68868869   0.349505243364
 0.68968969   0.349131755512
 0.69069069   0.348759688336
 0.69169169   0.348389041308
 0.69269269   0.348019813901
 0.69369369   0.347652005591
 0.69469469   0.347285615857
 0.69569570   0.346920644178
 0.69669670   0.346557090038
 0.69769770   0.346194952921
 0.69869870   0.345834232313
 0.69969970   0.345474927705
 0.70070070   0.345117038587
 0.70170170   0.344760564454
 0.70270270   0.344405504799
 0.70370370   0.344051859123
 0.70470470   0.343699626924
 0.70570571   0.343348807704
 0.70670671   0.342999400969
 0.70770771   0.342651406224
 0.70870871   0.342304822979
 0.70970971   0.341959650744
 0.71071071   0.341615889032
 0.71171171   0.341273537359
 0.71271271   0.340932595241
 0.71371371   0.340593062199
 0.71471471   0.340254937754
 0.71571572   0.339918221430
 0.71671672   0.339582912753
 0.71771772   0.339249011250
 0.71871872   0.338916516453
 0.71971972   0.338585427893
 0.72072072   0.338255745105
 0.72172172   0.337927467625
 0.72272272   0.337600594993
 0.72372372   0.337275126749
 0.72472472   0.336951062436
 0.72572573   0.336628401599
 0.72672673   0.336307143786
 0.72772773   0.335987288545
 0.72872873   0.335668835429
 0.72972973   0.335351783990
 0.73073073   0.335036133785
 0.73173173   0.334721884372
 0.73273273   0.334409035309
 0.73373373   0.334097586159
 0.73473473   0.333787536487
 0.73573574   0.333478885858
 0.73673674   0.333171633841
 0.73773774   0.332865780005
 0.73873874   0.332561323924
 0.73973974   0.332258265172
 0.74074074   0.331956603325
 0.74174174   0.331656337962
 0.74274274   0.331357468664
 0.74374374   0.331059995014
 0.74474474   0.330763916596
 0.74574575   0.330469232998
 0.74674675   0.330175943808
 0.74774775   0.329884048619
 0.74874875   0.329593547021
 0.74974975   0.329304438612
 0.75075075   0.329016722989
 0.75175175   0.328730399750
 0.75275275   0.328445468496
 0.75375375   0.328161928833
 0.75475475   0.327879780364
 0.75575576   0.327599022698
 0.75675676   0.327319655444
 0.75775776   0.327041678213
 0.75875876   0.326765090620
 0.75975976   0.326489892280
 0.76076076   0.326216082811
 0.76176176   0.325943661832
 0.76276276   0.325672628965
 0.76376376   0.325402983835
 0.76476476   0.325134726067
 0.76576577   0.324867855288
 0.76676677   0.324602371130
 0.76776777   0.324338273223
 0.76876877   0.324075561201
 0.76976977   0.323814234702
 0.77077077   0.323554293362
 0.77177177   0.323295736821
 0.77277277   0.323038564722
 0.77377377   0.322782776709
 0.77477477   0.322528372427
 0.77577578   0.322275351525
 0.77677678   0.322023713652
 0.77777778   0.321773458461
 0.77877878   0.321524585606
 0.77977978   0.321277094742
 0.78078078   0.321030985528
 0.78178178   0.320786257624
 0.78278278   0.320542910692
 0.78378378   0.320300944395
 0.78478478   0.320060358400
 0.78578579   0.319821152374
 0.78678679   0.319583325988
 0.78778779   0.319346878914
 0.78878879   0.319111810824
 0.78978979   0.318878121397
 0.79079079   0.318645810308
 0.79179179   0.318414877238
 0.79279279   0.318185321869
 0.79379379   0.317957143884
 0.79479479   0.317730342970
 0.79579580   0.317504918814
 0.79679680   0.317280871106
 0.79779780   0.317058199536
 0.79879880   0.316836903800
 0.79979980   0.316616983592
 0.80080080   0.316398438611
 0.80180180   0.316181268554
 0.80280280   0.315965473125
 0.80380380   0.315751052026
 0.80480480   0.315538004963
 0.80580581   0.315326331643
 0.80680681   0.315116031775
 0.80780781   0.314907105070
 0.80880881   0.314699551242
 0.80980981   0.314493370006
 0.81081081   0.314288561078
 0.81181181   0.314085124178
 0.81281281   0.313883059027
 0.81381381   0.313682365347
 0.81481481   0.313483042863
 0.81581582   0.313285091302
 0.81681682   0.313088510393
 0.81781782   0.312893299865
 0.81881882   0.312699459453
 0.81981982   0.312506988889
 0.82082082   0.312315887911
 0.82182182   0.312126156257
 0.82282282   0.311937793666
 0.82382382   0.311750799882
 0.82482482   0.311565174648
 0.82582583   0.311380917710
 0.82682683   0.311198028816
 0.82782783   0.311016507716
 0.82882883   0.310836354162
 0.82982983   0.310657567907
 0.83083083   0.310480148707
 0.83183183   0.310304096319
 0.83283283   0.310129410503
 0.83383383   0.309956091020
 0.83483483   0.309784137633
 0.83583584   0.309613550107
 0.83683684   0.309444328210
 0.83783784   0.309276471710
 0.83883884   0.309109980379
 0.83983984   0.308944853988
 0.84084084   0.308781092312
 0.84184184   0.308618695129
 0.84284284   0.308457662216
 0.84384384   0.308297993354
 0.84484484   0.308139688325
 0.84584585   0.307982746913
 0.84684685   0.307827168904
 0.84784785   0.307672954086
 0.84884885   0.307520102249
 0.84984985   0.307368613184
 0.85085085   0.307218486685
 0.85185185   0.307069722548
 0.85285285   0.306922320570
 0.85385385   0.306776280550
 0.85485485   0.306631602289
 0.85585586   0.306488285590
 0.85685686   0.306346330259
 0.85785786   0.306205736101
 0.85885886   0.306066502926
 0.85985986   0.305928630543
 0.86086086   0.305792118767
 0.86186186   0.305656967409
 0.86286286   0.305523176288
 0.86386386   0.305390745220
 0.86486486   0.305259674026
 0.86586587   0.305129962528
 0.86686687   0.305001610549
 0.86786787   0.304874617915
 0.86886887   0.304748984452
 0.86986987   0.304624709991
 0.87087087   0.304501794362
 0.87187187   0.304380237399
 0.87287287   0.304260038936
 0.87387387   0.304141198810
 0.87487487   0.304023716860
 0.87587588   0.303907592925
 0.87687688   0.303792826849
 0.87787788   0.303679418476
 0.87887888   0.303567367651
 0.87987988   0.303456674222
 0.88088088   0.303347338040
 0.88188188   0.303239358955
 0.88288288   0.303132736822
 0.88388388   0.303027471495
 0.88488488   0.302923562833
 0.88588589   0.302821010693
 0.88688689   0.302719814936
 0.88788789   0.302619975426
 0.88888889   0.302521492027
 0.88988989   0.302424364606
 0.89089089   0.302328593031
 0.89189189   0.302234177171
 0.89289289   0.302141116900
 0.89389389   0.302049412090
 0.89489489   0.301959062618
 0.89589590   0.301870068361
 0.89689690   0.301782429198
 0.89789790   0.301696145011
 0.89889890   0.301611215683
 0.89989990   0.301527641099
 0.90090090   0.301445421145
 0.90190190   0.301364555711
 0.90290290   0.301285044686
 0.90390390   0.301206887963
 0.90490490   0.301130085436
 0.90590591   0.301054637001
 0.90690691   0.300980542556
 0.90790791   0.300907802001
 0.90890891   0.300836415237
 0.90990991   0.300766382167
 0.91091091   0.300697702698
 0.91191191   0.300630376735
 0.91291291   0.300564404187
 0.91391391   0.300499784966
 0.91491491   0.300436518984
 0.91591592   0.300374606155
 0.91691692   0.300314046395
 0.91791792   0.300254839624
 0.91891892   0.300196985759
 0.91991992   0.300140484724
 0.92092092   0.300085336442
 0.92192192   0.300031540837
 0.92292292   0.299979097838
 0.92392392   0.299928007374
 0.92492492   0.299878269375
 0.92592593   0.299829883774
 0.92692693   0.299782850506
 0.92792793   0.299737169507
 0.92892893   0.299692840715
 0.92992993   0.299649864070
 0.93093093   0.299608239515
 0.93193193   0.299567966992
 0.93293293   0.299529046448
 0.93393393   0.299491477830
 0.93493493   0.299455261087
 0.93593594   0.299420396171
 0.93693694   0.299386883033
 0.93793794   0.299354721629
 0.93893894   0.299323911915
 0.93993994   0.299294453850
 0.94094094   0.299266347393
 0.94194194   0.299239592507
 0.94294294   0.299214189156
 0.94394394   0.299190137306
 0.94494494   0.299167436923
 0.94594595   0.299146087977
 0.94694695   0.299126090439
 0.94794795   0.299107444283
 0.94894895   0.299090149482
 0.94994995   0.299074206015
 0.95095095   0.299059613858
 0.95195195   0.299046372993
 0.95295295   0.299034483401
 0.95395395   0.299023945067
 0.95495495   0.299014757976
 0.95595596   0.299006922116
 0.95695696   0.299000437476
 0.95795796   0.298995304047
 0.95895896   0.298991521823
 0.95995996   0.298989090798
 0.96096096   0.298988010970
 0.96196196   0.298988282336
 0.96296296   0.298989904897
 0.96396396   0.298992878655
 0.96496496   0.298997203615
 0.96596597   0.299002879781
 0.96696697   0.299009907162
 0.96796797   0.299018285768
 0.96896897   0.299028015609
 0.96996997   0.299039096699
 0.97097097   0.299051529052
 0.97197197   0.299065312686
 0.97297297   0.299080447619
 0.97397397   0.299096933872
 0.97497497   0.299114771466
 0.97597598   0.299133960426
 0.97697698   0.299154500779
 0.97797798   0.299176392551
 0.97897898   0.299199635772
 0.97997998   0.299224230473
 0.98098098   0.299250176689
 0.98198198   0.299277474453
 0.98298298   0.299306123804
 0.98398398   0.299336124778
 0.98498498   0.299367477418
 0.98598599   0.299400181766
 0.98698699   0.299434237865
 0.98798799   0.299469645762
 0.98898899   0.299506405504
 0.98998999   0.299544517142
 0.99099099   0.299583980726
 0.99199199   0.299624796311
 0.99299299   0.299666963951
 0.99399399   0.299710483703
 0.99499499   0.299755355627
 0.99599600   0.299801579782
 0.99699700   0.299849156232
 0.99799800   0.299898085040
 0.99899900   0.299948366274
 1.00000000   0.300000000000


# Solution for b = 0.40
 0.00000000   1.000000000000
 0.00100100   0.998421252556
 0.00200200   0.996845224543
 0.00300300   0.995271911678
 0.00400400   0.993701309694
 0.00500501   0.992133414335
 0.00600601   0.990568221362
 0.00700701   0.989005726548
 0.00800801   0.987445925679
 0.00900901   0.985888814559
 0.01001001   0.984334389001
 0.01101101   0.982782644834
 0.01201201   0.981233577902
 0.01301301   0.979687184058
 0.01401401   0.978143459175
 0.01501502   0.976602399133
 0.01601602   0.975063999830
 0.01701702   0.973528257176
 0.01801802   0.971995167094
 0.01901902   0.970464725520
 0.02002002   0.968936928404
 0.02102102   0.967411771709
 0.02202202   0.965889251410
 0.02302302   0.964369363498
 0.02402402   0.962852103974
 0.02502503   0.961337468854
 0.02602603   0.959825454164
 0.02702703   0.958316055946
 0.02802803   0.956809270255
 0.02902903   0.955305093155
 0.03003003   0.953803520726
 0.03103103   0.952304549061
 0.03203203   0.950808174264
 0.03303303   0.949314392451
 0.03403403   0.947823199752
 0.03503504   0.946334592309
 0.03603604   0.944848566277
 0.03703704   0.943365117823
 0.03803804   0.941884243125
 0.03903904   0.940405938374
 0.04004004   0.938930199776
 0.04104104   0.937457023545
 0.04204204   0.935986405909
 0.04304304   0.934518343108
 0.04404404   0.933052831395
 0.04504505   0.931589867034
 0.04604605   0.930129446300
 0.04704705   0.928671565482
 0.04804805   0.927216220879
 0.04904905   0.925763408803
 0.05005005   0.924313125578
 0.05105105   0.922865367538
 0.05205205   0.921420131030
 0.05305305   0.919977412413
 0.05405405   0.918537208057
 0.05505506   0.917099514342
 0.05605606   0.915664327664
 0.05705706   0.914231644424
 0.05805806   0.912801461041
 0.05905906   0.911373773941
 0.06006006   0.909948579562
 0.06106106   0.908525874355
 0.06206206   0.907105654781
 0.06306306   0.905687917311
 0.06406406   0.904272658431
 0.06506507   0.902859874633
 0.06606607   0.901449562425
 0.06706707   0.900041718322
 0.06806807   0.898636338853
 0.06906907   0.897233420556
 0.07007007   0.895832959980
 0.07107107   0.894434953687
 0.07207207   0.893039398247
 0.07307307   0.891646290243
 0.07407407   0.890255626267
 0.07507508   0.888867402923
 0.07607608   0.887481616826
 0.07707708   0.886098264599
 0.07807808   0.884717342878
 0.07907908   0.883338848310
 0.08008008   0.881962777551
 0.08108108   0.880589127268
 0.08208208   0.879217894137
 0.08308308   0.877849074848
 0.08408408   0.876482666098
 0.08508509   0.875118664596
 0.08608609   0.873757067060
 0.08708709   0.872397870219
 0.08808809   0.871041070813
 0.08908909   0.869686665590
 0.09009009   0.868334651311
 0.09109109   0.866985024746
 0.09209209   0.865637782672
 0.09309309   0.864292921881
 0.09409409   0.862950439172
 0.09509510   0.861610331355
 0.09609610   0.860272595249
 0.09709710   0.858937227683
 0.09809810   0.857604225497
 0.09909910   0.856273585540
 0.10010010   0.854945304670
 0.10110110   0.853619379757
 0.10210210   0.852295807677
 0.10310310   0.850974585321
 0.10410410   0.849655709584
 0.10510511   0.848339177374
 0.10610611   0.847024985607
 0.10710711   0.845713131211
 0.10810811   0.844403611120
 0.10910911   0.843096422280
 0.11011011   0.841791561645
 0.11111111   0.840489026180
 0.11211211   0.839188812858
 0.11311311   0.837890918661
 0.11411411   0.836595340581
 0.11511512   0.835302075620
 0.11611612   0.834011120788
 0.11711712   0.832722473105
 0.11811812   0.831436129599
 0.11911912   0.830152087309
 0.12012012   0.828870343282
 0.12112112   0.827590894573
 0.12212212   0.826313738248
 0.12312312   0.825038871380
 0.12412412   0.823766291054
 0.12512513   0.822495994361
 0.12612613   0.821227978402
 0.12712713   0.819962240286
 0.12812813   0.818698777134
 0.12912913   0.817437586071
 0.13013013   0.816178664234
 0.13113113   0.814922008769
 0.13213213   0.813667616828
 0.13313313   0.812415485575
 0.13413413   0.811165612181
 0.13513514   0.809917993824
 0.13613614   0.808672627695
 0.13713714   0.807429510988
 0.13813814   0.806188640911
 0.13913914   0.804950014677
 0.14014014   0.803713629507
 0.14114114   0.802479482634
 0.14214214   0.801247571297
 0.14314314   0.800017892743
 0.14414414   0.798790444228
 0.14514515   0.797565223016
 0.14614615   0.796342226382
 0.14714715   0.795121451604
 0.14814815   0.793902895974
 0.14914915   0.792686556787
 0.15015015   0.791472431351
 0.15115115   0.790260516978
 0.15215215   0.789050810991
 0.15315315   0.787843310720
 0.15415415   0.786638013502
 0.15515516   0.785434916686
 0.15615616   0.784234017624
 0.15715716   0.783035313678
 0.15815816   0.781838802221
 0.15915916   0.780644480628
 0.16016016   0.779452346287
 0.16116116   0.778262396592
 0.16216216   0.777074628944
 0.16316316   0.775889040754
 0.16416416   0.774705629439
 0.16516517   0.773524392424
 0.16616617   0.772345327142
 0.16716717   0.771168431035
 0.16816817   0.769993701551
 0.16916917   0.768821136146
 0.17017017   0.767650732285
 0.17117117   0.766482487438
 0.17217217   0.765316399085
 0.17317317   0.764152464713
 0.17417417   0.762990681817
 0.17517518   0.761831047897
 0.17617618   0.760673560464
 0.17717718   0.759518217035
 0.17817818   0.758365015133
 0.17917918   0.757213952291
 0.18018018   0.756065026048
 0.18118118   0.754918233950
 0.18218218   0.753773573552
 0.18318318   0.752631042414
 0.18418418   0.751490638106
 0.18518519   0.750352358203
 0.18618619   0.749216200289
 0.18718719   0.748082161954
 0.18818819   0.746950240795
 0.18918919   0.745820434418
 0.19019019   0.744692740435
 0.19119119   0.743567156464
 0.19219219   0.742443680133
 0.19319319   0.741322309074
 0.19419419   0.740203040928
 0.19519520   0.739085873344
 0.19619620   0.737970803974
 0.19719720   0.736857830481
 0.19819820   0.735746950534
 0.19919920   0.734638161809
 0.20020020   0.733531461987
 0.20120120   0.732426848758
 0.20220220   0.731324319819
 0.20320320   0.730223872873
 0.20420420   0.729125505631
 0.20520521   0.728029215808
 0.20620621   0.726935001129
 0.20720721   0.725842859325
 0.20820821   0.724752788132
 0.20920921   0.723664785295
 0.21021021   0.722578848566
 0.21121121   0.721494975700
 0.21221221   0.720413164463
 0.21321321   0.719333412626
 0.21421421   0.718255717966
 0.21521522   0.717180078266
 0.21621622   0.716106491319
 0.21721722   0.715034954922
 0.21821822   0.713965466877
 0.21921922   0.712898024997
 0.22022022   0.711832627097
 0.22122122   0.710769271002
 0.22222222   0.709707954541
 0.22322322   0.708648675551
 0.22422422   0.707591431874
 0.22522523   0.706536221360
 0.22622623   0.705483041865
 0.22722723   0.704431891251
 0.22822823   0.703382767386
 0.22922923   0.702335668145
 0.23023023   0.701290591410
 0.23123123   0.700247535067
 0.23223223   0.699206497010
 0.23323323   0.698167475139
 0.23423423   0.697130467361
 0.23523524   0.696095471588
 0.23623624   0.695062485739
 0.23723724   0.694031507738
 0.23823824   0.693002535517
 0.23923924   0.691975567012
 0.24024024   0.690950600167
 0.24124124   0.689927632932
 0.24224224   0.688906663262
 0.24324324   0.687887689118
 0.24424424   0.686870708468
 0.24524525   0.685855719286
 0.24624625   0.684842719551
 0.24724725   0.683831707250
 0.24824825   0.682822680374
 0.24924925   0.681815636920
 0.25025025   0.680810574893
 0.25125125   0.679807492301
 0.25225225   0.678806387160
 0.25325325   0.677807257492
 0.25425425   0.676810101324
 0.25525526   0.675814916688
 0.25625626   0.674821701625
 0.25725726   0.673830454178
 0.25825826   0.672841172398
 0.25925926   0.671853854341
 0.26026026   0.670868498071
 0.26126126   0.669885101653
 0.26226226   0.668903663163
 0.26326326   0.667924180680
 0.26426426   0.666946652288
 0.26526527   0.665971076078
 0.26626627   0.664997450148
 0.26726727   0.664025772598
 0.26826827   0.663056041536
 0.26926927   0.662088255077
 0.27027027   0.661122411338
 0.27127127   0.660158508445
 0.27227227   0.659196544527
 0.27327327   0.658236517721
 0.27427427   0.657278426166
 0.27527528   0.656322268011
 0.27627628   0.655368041408
 0.27727728   0.654415744513
 0.27827828   0.653465375491
 0.27927928   0.652516932510
 0.28028028   0.651570413744
 0.28128128   0.650625817373
 0.28228228   0.649683141581
 0.28328328   0.648742384559
 0.28428428   0.647803544504
 0.28528529   0.646866619615
 0.28628629   0.645931608099
 0.28728729   0.644998508169
 0.28828829   0.644067318041
 0.28928929   0.643138035938
 0.29029029   0.642210660087
 0.29129129   0.641285188722
 0.29229229   0.640361620080
 0.29329329   0.639439952406
 0.29429429   0.638520183948
 0.29529530   0.637602312960
 0.29629630   0.636686337701
 0.29729730   0.635772256435
 0.29829830   0.634860067433
 0.29929930   0.633949768968
 0.30030030   0.633041359321
 0.30130130   0.632134836776
 0.30230230   0.631230199624
 0.30330330   0.630327446159
 0.30430430   0.629426574683
 0.30530531   0.628527583500
 0.30630631   0.627630470921
 0.30730731   0.626735235260
 0.30830831   0.625841874840
 0.30930931   0.624950387985
 0.31031031   0.624060773025
 0.31131131   0.623173028296
 0.31231231   0.622287152139
 0.31331331   0.621403142899
 0.31431431   0.620520998926
 0.31531532   0.619640718575
 0.31631632   0.618762300208
 0.31731732   0.617885742188
 0.31831832   0.617011042887
 0.31931932   0.616138200678
 0.32032032   0.615267213941
 0.32132132   0.614398081062
 0.32232232   0.613530800430
 0.32332332   0.612665370438
 0.32432432   0.611801789486
 0.32532533   0.610940055979
 0.32632633   0.610080168324
 0.32732733   0.609222124935
 0.32832833   0.608365924230
 0.32932933   0.607511564632
 0.33033033   0.606659044569
 0.33133133   0.605808362474
 0.33233233   0.604959516783
 0.33333333   0.604112505939
 0.33433433   0.603267328387
 0.33533534   0.602423982579
 0.33633634   0.601582466972
 0.33733734   0.600742780024
 0.33833834   0.599904920202
 0.33933934   0.599068885976
 0.34034034   0.598234675819
 0.34134134   0.597402288211
 0.34234234   0.596571721635
 0.34334334   0.595742974579
 0.34434434   0.594916045537
 0.34534535   0.594090933005
 0.34634635   0.593267635485
 0.34734735   0.592446151483
 0.34834835   0.591626479511
 0.34934935   0.590808618083
 0.35035035   0.589992565720
 0.35135135   0.589178320945
 0.35235235   0.588365882288
 0.35335335   0.587555248282
 0.35435435   0.586746417464
 0.35535536   0.585939388377
 0.35635636   0.585134159566
 0.35735736   0.584330729584
 0.35835836   0.583529096986
 0.35935936   0.582729260330
 0.36036036   0.581931218182
 0.36136136   0.581134969109
 0.36236236   0.580340511685
 0.36336336   0.579547844486
 0.36436436   0.578756966095
 0.36536537   0.577967875097
 0.36636637   0.577180570082
 0.36736737   0.576395049645
 0.36836837   0.575611312384
 0.36936937   0.574829356902
 0.37037037   0.574049181807
 0.37137137   0.573270785711
 0.37237237   0.572494167228
 0.37337337   0.571719324979
 0.37437437   0.570946257588
 0.37537538   0.570174963684
 0.37637638   0.569405441900
 0.37737738   0.568637690871
 0.37837838   0.567871709239
 0.37937938   0.567107495650
 0.38038038   0.566345048753
 0.38138138   0.565584367200
 0.38238238   0.564825449651
 0.38338338   0.564068294766
 0.38438438   0.563312901212
 0.38538539   0.562559267658
 0.38638639   0.561807392779
 0.38738739   0.561057275252
 0.38838839   0.560308913761
 0.38938939   0.559562306991
 0.39039039   0.558817453633
 0.39139139   0.558074352381
 0.39239239   0.557333001934
 0.39339339   0.556593400994
 0.39439439   0.555855548268
 0.39539540   0.555119442466
 0.39639640   0.554385082304
 0.39739740   0.553652466498
 0.39839840   0.552921593773
 0.39939940   0.552192462854
 0.40040040   0.551465072473
 0.40140140   0.550739421362
 0.40240240   0.550015508261
 0.40340340   0.549293331913
 0.40440440   0.548572891062
 0.40540541   0.547854184460
 0.40640641   0.547137210860
 0.40740741   0.546421969020
 0.40840841   0.545708457703
 0.40940941   0.544996675673
 0.41041041   0.544286621701
 0.41141141   0.543578294559
 0.41241241   0.542871693026
 0.41341341   0.542166815881
 0.41441441   0.541463661911
 0.41541542   0.540762229904
 0.41641642   0.540062518652
 0.41741742   0.539364526952
 0.41841842   0.538668253604
 0.41941942   0.537973697412
 0.42042042   0.537280857183
 0.42142142   0.536589731730
 0.42242242   0.535900319868
 0.42342342   0.535212620415
 0.42442442   0.534526632195
 0.42542543   0.533842354033
 0.42642643   0.533159784761
 0.42742743   0.532478923211
 0.42842843   0.531799768223
 0.42942943   0.531122318637
 0.43043043   0.530446573297
 0.43143143   0.529772531054
 0.43243243   0.529100190760
 0.43343343   0.528429551269
 0.43443443   0.527760611443
 0.43543544   0.527093370145
 0.43643644   0.526427826241
 0.43743744   0.525763978603
 0.43843844   0.525101826104
 0.43943944   0.524441367623
 0.44044044   0.523782602042
 0.44144144   0.523125528244
 0.44244244   0.522470145120
 0.44344344   0.521816451561
 0.44444444   0.521164446463
 0.44544545   0.520514128726
 0.44644645   0.519865497253
 0.44744745   0.519218550950
 0.44844845   0.518573288728
 0.44944945   0.517929709500
 0.45045045   0.517287812183
 0.45145145   0.516647595698
 0.45245245   0.516009058970
 0.45345345   0.515372200926
 0.45445445   0.514737020497
 0.45545546   0.514103516619
 0.45645646   0.513471688229
 0.45745746   0.512841534269
 0.45845846   0.512213053684
 0.45945946   0.511586245423
 0.46046046   0.510961108438
 0.46146146   0.510337641685
 0.46246246   0.509715844122
 0.46346346   0.509095714712
 0.46446446   0.508477252421
 0.46546547   0.507860456218
 0.46646647   0.507245325076
 0.46746747   0.506631857971
 0.46846847   0.506020053882
 0.46946947   0.505409911793
 0.47047047   0.504801430689
 0.47147147   0.504194609559
 0.47247247   0.503589447399
 0.47347347   0.502985943202
 0.47447447   0.502384095970
 0.47547548   0.501783904705
 0.47647648   0.501185368413
 0.47747748   0.500588486105
 0.47847848   0.499993256793
 0.47947948   0.499399679494
 0.48048048   0.498807753228
 0.48148148   0.498217477017
 0.48248248   0.497628849888
 0.48348348   0.497041870870
 0.48448448   0.496456538997
 0.48548549   0.495872853304
 0.48648649   0.495290812830
 0.48748749   0.494710416620
 0.48848849   0.494131663718
 0.48948949   0.493554553173
 0.49049049   0.492979084039
 0.49149149   0.492405255370
 0.49249249   0.491833066226
 0.49349349   0.491262515670
 0.49449449   0.490693602765
 0.49549550   0.490126326581
 0.49649650   0.489560686190
 0.49749750   0.488996680667
 0.49849850   0.488434309089
 0.49949950   0.487873570539
 0.50050050   0.487314464100
 0.50150150   0.486756988861
 0.50250250   0.486201143913
 0.50350350   0.485646928348
 0.50450450   0.485094341266
 0.50550551   0.484543381765
 0.50650651   0.483994048950
 0.50750751   0.483446341927
 0.50850851   0.482900259806
 0.50950951   0.482355801701
 0.51051051   0.481812966726
 0.51151151   0.481271754001
 0.51251251   0.480732162648
 0.51351351   0.480194191793
 0.51451451   0.479657840565
 0.51551552   0.479123108094
 0.51651652   0.478589993515
 0.51751752   0.478058495966
 0.51851852   0.477528614589
 0.51951952   0.477000348525
 0.52052052   0.476473696924
 0.52152152   0.475948658934
 0.52252252   0.475425233708
 0.52352352   0.474903420403
 0.52452452   0.474383218178
 0.52552553   0.473864626195
 0.52652653   0.473347643618
 0.52752753   0.472832269617
 0.52852853   0.472318503362
 0.52952953   0.471806344028
 0.53053053   0.471295790792
 0.53153153   0.470786842833
 0.53253253   0.470279499336
 0.53353353   0.469773759486
 0.53453453   0.469269622473
 0.53553554   0.468767087488
 0.53653654   0.468266153727
 0.53753754   0.467766820388
 0.53853854   0.467269086673
 0.53953954   0.466772951784
 0.54054054   0.466278414929
 0.54154154   0.465785475318
 0.54254254   0.465294132164
 0.54354354   0.464804384682
 0.54454454   0.464316232092
 0.54554555   0.463829673614
 0.54654655   0.463344708474
 0.54754755   0.462861335898
 0.54854855   0.462379555118
 0.54954955   0.461899365367
 0.55055055   0.461420765880
 0.55155155   0.460943755897
 0.55255255   0.460468334660
 0.55355355   0.459994501414
 0.55455455   0.459522255406
 0.55555556   0.459051595887
 0.55655656   0.458582522111
 0.55755756   0.458115033333
 0.55855856   0.457649128814
 0.55955956   0.457184807814
 0.56056056   0.456722069600
 0.56156156   0.456260913438
 0.56256256   0.455801338600
 0.56356356   0.455343344358
 0.56456456   0.454886929990
 0.56556557   0.454432094773
 0.56656657   0.453978837991
 0.56756757   0.453527158927
 0.56856857   0.453077056870
 0.56956957   0.452628531109
 0.57057057   0.452181580939
 0.57157157   0.451736205654
 0.57257257   0.451292404553
 0.57357357   0.450850176938
 0.57457457   0.450409522114
 0.57557558   0.449970439388
 0.57657658   0.449532928068
 0.57757758   0.449096987468
 0.57857858   0.448662616904
 0.57957958   0.448229815694
 0.58058058   0.447798583157
 0.58158158   0.447368918619
 0.58258258   0.446940821406
 0.58358358   0.446514290846
 0.58458458   0.446089326272
 0.58558559   0.445665927018
 0.58658659   0.445244092422
 0.58758759   0.444823821824
 0.58858859   0.444405114566
 0.58958959   0.443987969994
 0.59059059   0.443572387457
 0.59159159   0.443158366306
 0.59259259   0.442745905893
 0.59359359   0.442335005576
 0.59459459   0.441925664714
 0.59559560   0.441517882668
 0.59659660   0.441111658803
 0.59759760   0.440706992486
 0.59859860   0.440303883087
 0.59959960   0.439902329978
 0.60060060   0.439502332535
 0.60160160   0.439103890135
 0.60260260   0.438707002159
 0.60360360   0.438311667990
 0.60460460   0.437917887015
 0.60560561   0.437525658621
 0.60660661   0.437134982199
 0.60760761   0.436745857144
 0.60860861   0.436358282852
 0.60960961   0.435972258722
 0.61061061   0.435587784155
 0.61161161   0.435204858556
 0.61261261   0.434823481333
 0.61361361   0.434443651894
 0.61461461   0.434065369652
 0.61561562   0.433688634022
 0.61661662   0.433313444420
 0.61761762   0.432939800268
 0.61861862   0.432567700988
 0.61961962   0.432197146005
 0.62062062   0.431828134746
 0.62162162   0.431460666643
 0.62262262   0.431094741129
 0.62362362   0.430730357639
 0.62462462   0.430367515610
 0.62562563   0.430006214485
 0.62662663   0.429646453707
 0.62762763   0.429288232721
 0.62862863   0.428931550975
 0.62962963   0.428576407922
 0.63063063   0.428222803014
 0.63163163   0.427870735708
 0.63263263   0.427520205463
 0.63363363   0.427171211739
 0.63463463   0.426823754002
 0.63563564   0.426477831716
 0.63663664   0.426133444352
 0.63763764   0.425790591380
 0.63863864   0.425449272274
 0.63963964   0.425109486512
 0.64064064   0.424771233572
 0.64164164   0.424434512936
 0.64264264   0.424099324088
 0.64364364   0.423765666514
 0.64464464   0.423433539705
 0.64564565   0.423102943150
 0.64664665   0.422773876345
 0.64764765   0.422446338787
 0.64864865   0.422120329974
 0.64964965   0.421795849408
 0.65065065   0.421472896594
 0.65165165   0.421151471038
 0.65265265   0.420831572249
 0.65365365   0.420513199739
 0.65465465   0.420196353022
 0.65565566   0.419881031615
 0.65665666   0.419567235037
 0.65765766   0.419254962809
 0.65865866   0.418944214455
 0.65965966   0.418634989503
 0.66066066   0.418327287481
 0.66166166   0.418021107920
 0.66266266   0.417716450354
 0.66366366   0.417413314321
 0.66466466   0.417111699358
 0.66566567   0.416811605006
 0.66666667   0.416513030811
 0.66766767   0.416215976317
 0.66866867   0.415920441074
 0.66966967   0.415626424633
 0.67067067   0.415333926546
 0.67167167   0.415042946371
 0.67267267   0.414753483665
 0.67367367   0.414465537989
 0.67467467   0.414179108906
 0.67567568   0.413894195983
 0.67667668   0.413610798787
 0.67767768   0.413328916889
 0.67867868   0.413048549861
 0.67967968   0.412769697279
 0.68068068   0.412492358721
 0.68168168   0.412216533767
 0.68268268   0.411942222000
 0.68368368   0.411669423003
 0.68468468   0.411398136366
 0.68568569   0.411128361677
 0.68668669   0.410860098529
 0.68768769   0.410593346516
 0.68868869   0.410328105236
 0.68968969   0.410064374287
 0.69069069   0.409802153271
 0.69169169   0.409541441793
 0.69269269   0.409282239459
 0.69369369   0.409024545878
 0.69469469   0.408768360661
 0.69569570   0.408513683421
 0.69669670   0.408260513776
 0.69769770   0.408008851342
 0.69869870   0.407758695741
 0.69969970   0.407510046596
 0.70070070   0.407262903533
 0.70170170   0.407017266178
 0.70270270   0.406773134163
 0.70370370   0.406530507121
 0.70470470   0.406289384685
 0.70570571   0.406049766493
 0.70670671   0.405811652184
 0.70770771   0.405575041402
 0.70870871   0.405339933789
 0.70970971   0.405106328993
 0.71071071   0.404874226662
 0.71171171   0.404643626449
 0.71271271   0.404414528006
 0.71371371   0.404186930989
 0.71471471   0.403960835057
 0.71571572   0.403736239871
 0.71671672   0.403513145093
 0.71771772   0.403291550389
 0.71871872   0.403071455426
 0.71971972   0.402852859874
 0.72072072   0.402635763407
 0.72172172   0.402420165697
 0.72272272   0.402206066422
 0.72372372   0.401993465262
 0.72472472   0.401782361898
 0.72572573   0.401572756013
 0.72672673   0.401364647294
 0.72772773   0.401158035430
 0.72872873   0.400952920110
 0.72972973   0.400749301029
 0.73073073   0.400547177881
 0.73173173   0.400346550364
 0.73273273   0.400147418179
 0.73373373   0.399949781027
 0.73473473   0.399753638613
 0.73573574   0.399558990643
 0.73673674   0.399365836828
 0.73773774   0.399174176878
 0.73873874   0.398984010507
 0.73973974   0.398795337431
 0.74074074   0.398608157368
 0.74174174   0.398422470040
 0.74274274   0.398238275168
 0.74374374   0.398055572478
 0.74474474   0.397874361697
 0.74574575   0.397694642555
 0.74674675   0.397516414785
 0.74774775   0.397339678119
 0.74874875   0.397164432295
 0.74974975   0.396990677051
 0.75075075   0.396818412129
 0.75175175   0.396647637271
 0.75275275   0.396478352224
 0.75375375   0.396310556735
 0.75475475   0.396144250553
 0.75575576   0.395979433433
 0.75675676   0.395816105127
 0.75775776   0.395654265394
 0.75875876   0.395493913991
 0.75975976   0.395335050681
 0.76076076   0.395177675227
 0.76176176   0.395021787395
 0.76276276   0.394867386952
 0.76376376   0.394714473671
 0.76476476   0.394563047322
 0.76576577   0.394413107681
 0.76676677   0.394264654525
 0.76776777   0.394117687633
 0.76876877   0.393972206787
 0.76976977   0.393828211771
 0.77077077   0.393685702370
 0.77177177   0.393544678374
 0.77277277   0.393405139572
 0.77377377   0.393267085758
 0.77477477   0.393130516726
 0.77577578   0.392995432273
 0.77677678   0.392861832200
 0.77777778   0.392729716307
 0.77877878   0.392599084400
 0.77977978   0.392469936283
 0.78078078   0.392342271765
 0.78178178   0.392216090657
 0.78278278   0.392091392772
 0.78378378   0.391968177924
 0.78478478   0.391846445932
 0.78578579   0.391726196614
 0.78678679   0.391607429792
 0.78778779   0.391490145291
 0.78878879   0.391374342936
 0.78978979   0.391260022555
 0.79079079   0.391147183980
 0.79179179   0.391035827043
 0.79279279   0.390925951580
 0.79379379   0.390817557426
 0.79479479   0.390710644422
 0.79579580   0.390605212410
 0.79679680   0.390501261233
 0.79779780   0.390398790738
 0.79879880   0.390297800772
 0.79979980   0.390198291187
 0.80080080   0.390100261834
 0.80180180   0.390003712569
 0.80280280   0.389908643249
 0.80380380   0.389815053733
 0.80480480   0.389722943882
 0.80580581   0.389632313562
 0.80680681   0.389543162636
 0.80780781   0.389455490974
 0.80880881   0.389369298446
 0.80980981   0.389284584924
 0.81081081   0.389201350283
 0.81181181   0.389119594399
 0.81281281   0.389039317153
 0.81381381   0.388960518425
 0.81481481   0.388883198099
 0.81581582   0.388807356061
 0.81681682   0.388732992197
 0.81781782   0.388660106400
 0.81881882   0.388588698560
 0.81981982   0.388518768572
 0.82082082   0.388450316333
 0.82182182   0.388383341742
 0.82282282   0.388317844700
 0.82382382   0.388253825109
 0.82482482   0.388191282876
 0.82582583   0.388130217908
 0.82682683   0.388070630115
 0.82782783   0.388012519408
 0.82882883   0.387955885703
 0.82982983   0.387900728914
 0.83083083   0.387847048962
 0.83183183   0.387794845766
 0.83283283   0.387744119250
 0.83383383   0.387694869338
 0.83483483   0.387647095958
 0.83583584   0.387600799040
 0.83683684   0.387555978514
 0.83783784   0.387512634315
 0.83883884   0.387470766379
 0.83983984   0.387430374644
 0.84084084   0.387391459050
 0.84184184   0.387354019540
 0.84284284   0.387318056059
 0.84384384   0.387283568554
 0.84484484   0.387250556973
 0.84584585   0.387219021268
 0.84684685   0.387188961392
 0.84784785   0.387160377302
 0.84884885   0.387133268954
 0.84984985   0.387107636309
 0.85085085   0.387083479330
 0.85185185   0.387060797979
 0.85285285   0.387039592225
 0.85385385   0.387019862035
 0.85485485   0.387001607381
 0.85585586   0.386984828235
 0.85685686   0.386969524574
 0.85785786   0.386955696373
 0.85885886   0.386943343613
 0.85985986   0.386932466276
 0.86086086   0.386923064345
 0.86186186   0.386915137808
 0.86286286   0.386908686651
 0.86386386   0.386903710865
 0.86486486   0.386900210444
 0.86586587   0.386898185382
 0.86686687   0.386897635675
 0.86786787   0.386898561324
 0.86886887   0.386900962330
 0.86986987   0.386904838695
 0.87087087   0.386910190427
 0.87187187   0.386917017532
 0.87287287   0.386925320020
 0.87387387   0.386935097905
 0.87487487   0.386946351200
 0.87587588   0.386959079923
 0.87687688   0.386973284091
 0.87787788   0.386988963726
 0.87887888   0.387006118851
 0.87987988   0.387024749491
 0.88088088   0.387044855674
 0.88188188   0.387066437429
 0.88288288   0.387089494788
 0.88388388   0.387114027786
 0.88488488   0.387140036458
 0.88588589   0.387167520843
 0.88688689   0.387196480982
 0.88788789   0.387226916916
 0.88888889   0.387258828692
 0.88988989   0.387292216356
 0.89089089   0.387327079957
 0.89189189   0.387363419547
 0.89289289   0.387401235180
 0.89389389   0.387440526911
 0.89489489   0.387481294798
 0.89589590   0.387523538902
 0.89689690   0.387567259285
 0.89789790   0.387612456011
 0.89889890   0.387659129148
 0.89989990   0.387707278763
 0.90090090   0.387756904929
 0.90190190   0.387808007718
 0.90290290   0.387860587206
 0.90390390   0.387914643471
 0.90490490   0.387970176592
 0.90590591   0.388027186651
 0.90690691   0.388085673733
 0.90790791   0.388145637924
 0.90890891   0.388207079313
 0.90990991   0.388269997990
 0.91091091   0.388334394048
 0.91191191   0.388400267583
 0.91291291   0.388467618691
 0.91391391   0.388536447473
 0.91491491   0.388606754029
 0.91591592   0.388678538465
 0.91691692   0.388751800886
 0.91791792   0.388826541399
 0.91891892   0.388902760117
 0.91991992   0.388980457151
 0.92092092   0.389059632616
 0.92192192   0.389140286630
 0.92292292   0.389222419311
 0.92392392   0.389306030781
 0.92492492   0.389391121164
 0.92592593   0.389477690586
 0.92692693   0.389565739174
 0.92792793   0.389655267059
 0.92892893   0.389746274373
 0.92992993   0.389838761251
 0.93093093   0.389932727830
 0.93193193   0.390028174249
 0.93293293   0.390125100649
 0.93393393   0.390223507173
 0.93493493   0.390323393968
 0.93593594   0.390424761180
 0.93693694   0.390527608961
 0.93793794   0.390631937462
 0.93893894   0.390737746838
 0.93993994   0.390845037246
 0.94094094   0.390953808844
 0.94194194   0.391064061794
 0.94294294   0.391175796258
 0.94394394   0.391289012404
 0.94494494   0.391403710397
 0.94594595   0.391519890409
 0.94694695   0.391637552611
 0.94794795   0.391756697178
 0.94894895   0.391877324286
 0.94994995   0.391999434115
 0.95095095   0.392123026845
 0.95195195   0.392248102660
 0.95295295   0.392374661745
 0.95395395   0.392502704288
 0.95495495   0.392632230479
 0.95595596   0.392763240510
 0.95695696   0.392895734575
 0.95795796   0.393029712872
 0.95895896   0.393165175598
 0.95995996   0.393302122955
 0.96096096   0.393440555147
 0.96196196   0.393580472379
 0.96296296   0.393721874859
 0.96396396   0.393864762796
 0.96496496   0.394009136403
 0.96596597   0.394154995895
 0.96696697   0.394302341489
 0.96796797   0.394451173402
 0.96896897   0.394601491857
 0.96996997   0.394753297077
 0.97097097   0.394906589288
 0.97197197   0.395061368718
 0.97297297   0.395217635596
 0.97397397   0.395375390156
 0.97497497   0.395534632632
 0.97597598   0.395695363260
 0.97697698   0.395857582281
 0.97797798   0.396021289936
 0.97897898   0.396186486468
 0.97997998   0.396353172124
 0.98098098   0.396521347151
 0.98198198   0.396691011800
 0.98298298   0.396862166324
 0.98398398   0.397034810978
 0.98498498   0.397208946019
 0.98598599   0.397384571707
 0.98698699   0.397561688304
 0.98798799   0.397740296073
 0.98898899   0.397920395281
 0.98998999   0.398101986196
 0.99099099   0.398285069091
 0.99199199   0.398469644237
 0.99299299   0.398655711910
 0.99399399   0.398843272388
 0.99499499   0.399032325951
 0.99599600   0.399222872881
 0.99699700   0.399414913463
 0.99799800   0.399608447984
 0.99899900   0.399803476732
 1.00000000   0.400000000000


# Solution for b = 0.50
 0.00000000   1.000000000000
 0.00100100   0.998497172511
 0.00200200   0.996997064660
 0.00300300   0.995499672370
 0.00400400   0.994004991577
 0.00500501   0.992513018232
 0.00600601   0.991023748298
 0.00700701   0.989537177752
 0.00800801   0.988053302585
 0.00900901   0.986572118800
 0.01001001   0.985093622412
 0.01101101   0.983617809453
 0.01201201   0.982144675964
 0.01301301   0.980674218001
 0.01401401   0.979206431634
 0.01501502   0.977741312942
 0.01601602   0.976278858022
 0.01701702   0.974819062979
 0.01801802   0.973361923934
 0.01901902   0.971907437020
 0.02002002   0.970455598382
 0.02102102   0.969006404178
 0.02202202   0.967559850578
 0.02302302   0.966115933766
 0.02402402   0.964674649936
 0.02502503   0.963235995296
 0.02602603   0.961799966068
 0.02702703   0.960366558483
 0.02802803   0.958935768786
 0.02902903   0.957507593234
 0.03003003   0.956082028097
 0.03103103   0.954659069655
 0.03203203   0.953238714203
 0.03303303   0.951820958045
 0.03403403   0.950405797499
 0.03503504   0.948993228895
 0.03603604   0.947583248573
 0.03703704   0.946175852887
 0.03803804   0.944771038202
 0.03903904   0.943368800895
 0.04004004   0.941969137353
 0.04104104   0.940572043978
 0.04204204   0.939177517180
 0.04304304   0.937785553383
 0.04404404   0.936396149023
 0.04504505   0.935009300545
 0.04604605   0.933625004407
 0.04704705   0.932243257079
 0.04804805   0.930864055040
 0.04904905   0.929487394784
 0.05005005   0.928113272813
 0.05105105   0.926741685642
 0.05205205   0.925372629796
 0.05305305   0.924006101812
 0.05405405   0.922642098239
 0.05505506   0.921280615635
 0.05605606   0.919921650570
 0.05705706   0.918565199626
 0.05805806   0.917211259394
 0.05905906   0.915859826478
 0.06006006   0.914510897491
 0.06106106   0.913164469058
 0.06206206   0.911820537814
 0.06306306   0.910479100405
 0.06406406   0.909140153490
 0.06506507   0.907803693734
 0.06606607   0.906469717816
 0.06706707   0.905138222425
 0.06806807   0.903809204261
 0.06906907   0.902482660034
 0.07007007   0.901158586463
 0.07107107   0.899836980279
 0.07207207   0.898517838225
 0.07307307   0.897201157051
 0.07407407   0.895886933519
 0.07507508   0.894575164402
 0.07607608   0.893265846482
 0.07707708   0.891958976552
 0.07807808   0.890654551414
 0.07907908   0.889352567882
 0.08008008   0.888053022779
 0.08108108   0.886755912938
 0.08208208   0.885461235203
 0.08308308   0.884168986425
 0.08408408   0.882879163470
 0.08508509   0.881591763210
 0.08608609   0.880306782527
 0.08708709   0.879024218315
 0.08808809   0.877744067477
 0.08908909   0.876466326924
 0.09009009   0.875190993580
 0.09109109   0.873918064376
 0.09209209   0.872647536254
 0.09309309   0.871379406165
 0.09409409   0.870113671070
 0.09509510   0.868850327940
 0.09609610   0.867589373754
 0.09709710   0.866330805502
 0.09809810   0.865074620183
 0.09909910   0.863820814806
 0.10010010   0.862569386389
 0.10110110   0.861320331958
 0.10210210   0.860073648551
 0.10310310   0.858829333212
 0.10410410   0.857587382999
 0.10510511   0.856347794974
 0.10610611   0.855110566212
 0.10710711   0.853875693795
 0.10810811   0.852643174816
 0.10910911   0.851413006376
 0.11011011   0.850185185584
 0.11111111   0.848959709560
 0.11211211   0.847736575433
 0.11311311   0.846515780340
 0.11411411   0.845297321426
 0.11511512   0.844081195848
 0.11611612   0.842867400768
 0.11711712   0.841655933361
 0.11811812   0.840446790809
 0.11911912   0.839239970300
 0.12012012   0.838035469036
 0.12112112   0.836833284224
 0.12212212   0.835633413081
 0.12312312   0.834435852833
 0.12412412   0.833240600713
 0.12512513   0.832047653965
 0.12612613   0.830857009840
 0.12712713   0.829668665599
 0.12812813   0.828482618509
 0.12912913   0.827298865848
 0.13013013   0.826117404901
 0.13113113   0.824938232963
 0.13213213   0.823761347335
 0.13313313   0.822586745330
 0.13413413   0.821414424265
 0.13513514   0.820244381469
 0.13613614   0.819076614277
 0.13713714   0.817911120033
 0.13813814   0.816747896091
 0.13913914   0.815586939810
 0.14014014   0.814428248560
 0.14114114   0.813271819718
 0.14214214   0.812117650668
 0.14314314   0.810965738805
 0.14414414   0.809816081528
 0.14514515   0.808668676249
 0.14614615   0.807523520385
 0.14714715   0.806380611360
 0.14814815   0.805239946609
 0.14914915   0.804101523574
 0.15015015   0.802965339702
 0.15115115   0.801831392453
 0.15215215   0.800699679291
 0.15315315   0.799570197688
 0.15415415   0.798442945127
 0.15515516   0.797317919096
 0.15615616   0.796195117091
 0.15715716   0.795074536617
 0.15815816   0.793956175185
 0.15915916   0.792840030316
 0.16016016   0.791726099536
 0.16116116   0.790614380381
 0.16216216   0.789504870393
 0.16316316   0.788397567123
 0.16416416   0.787292468128
 0.16516517   0.786189570974
 0.16616617   0.785088873234
 0.16716717   0.783990372488
 0.16816817   0.782894066324
 0.16916917   0.781799952337
 0.17017017   0.780708028131
 0.17117117   0.779618291316
 0.17217217   0.778530739508
 0.17317317   0.777445370334
 0.17417417   0.776362181426
 0.17517518   0.775281170422
 0.17617618   0.774202334971
 0.17717718   0.773125672725
 0.17817818   0.772051181348
 0.17917918   0.770978858507
 0.18018018   0.769908701878
 0.18118118   0.768840709144
 0.18218218   0.767774877996
 0.18318318   0.766711206131
 0.18418418   0.765649691253
 0.18518519   0.764590331074
 0.18618619   0.763533123312
 0.18718719   0.762478065694
 0.18818819   0.761425155951
 0.18918919   0.760374391824
 0.19019019   0.759325771058
 0.19119119   0.758279291409
 0.19219219   0.757234950635
 0.19319319   0.756192746506
 0.19419419   0.755152676794
 0.19519520   0.754114739282
 0.19619620   0.753078931756
 0.19719720   0.752045252013
 0.19819820   0.751013697854
 0.19919920   0.749984267087
 0.20020020   0.748956957528
 0.20120120   0.747931766998
 0.20220220   0.746908693327
 0.20320320   0.745887734349
 0.20420420   0.744868887907
 0.20520521   0.743852151850
 0.20620621   0.742837524032
 0.20720721   0.741825002316
 0.20820821   0.740814584571
 0.20920921   0.739806268671
 0.21021021   0.738800052499
 0.21121121   0.737795933942
 0.21221221   0.736793910896
 0.21321321   0.735793981261
 0.21421421   0.734796142947
 0.21521522   0.733800393866
 0.21621622   0.732806731939
 0.21721722   0.731815155094
 0.21821822   0.730825661265
 0.21921922   0.729838248390
 0.22022022   0.728852914416
 0.22122122   0.727869657297
 0.22222222   0.726888474990
 0.22322322   0.725909365461
 0.22422422   0.724932326681
 0.22522523   0.723957356629
 0.22622623   0.722984453288
 0.22722723   0.722013614649
 0.22822823   0.721044838707
 0.22922923   0.720078123467
 0.23023023   0.719113466936
 0.23123123   0.718150867130
 0.23223223   0.717190322069
 0.23323323   0.716231829782
 0.23423423   0.715275388301
 0.23523524   0.714320995665
 0.23623624   0.713368649921
 0.23723724   0.712418349120
 0.23823824   0.711470091320
 0.23923924   0.710523874584
 0.24024024   0.709579696981
 0.24124124   0.708637556588
 0.24224224   0.707697451486
 0.24324324   0.706759379763
 0.24424424   0.705823339511
 0.24524525   0.704889328831
 0.24624625   0.703957345828
 0.24724725   0.703027388611
 0.24824825   0.702099455300
 0.24924925   0.701173544016
 0.25025025   0.700249652888
 0.25125125   0.699327780051
 0.25225225   0.698407923644
 0.25325325   0.697490081815
 0.25425425   0.696574252714
 0.25525526   0.695660434499
 0.25625626   0.694748625333
 0.25725726   0.693838823386
 0.25825826   0.692931026832
 0.25925926   0.692025233851
 0.26026026   0.691121442629
 0.26126126   0.690219651359
 0.26226226   0.689319858237
 0.26326326   0.688422061466
 0.26426426   0.687526259254
 0.26526527   0.686632449817
 0.26626627   0.685740631372
 0.26726727   0.684850802146
 0.26826827   0.683962960370
 0.26926927   0.683077104279
 0.27027027   0.682193232115
 0.27127127   0.681311342126
 0.27227227   0.680431432563
 0.27327327   0.679553501687
 0.27427427   0.678677547759
 0.27527528   0.677803569049
 0.27627628   0.676931563832
 0.27727728   0.676061530387
 0.27827828   0.675193466999
 0.27927928   0.674327371960
 0.28028028   0.673463243565
 0.28128128   0.672601080115
 0.28228228   0.671740879917
 0.28328328   0.670882641283
 0.28428428   0.670026362531
 0.28528529   0.669172041982
 0.28628629   0.668319677965
 0.28728729   0.667469268812
 0.28828829   0.666620812862
 0.28928929   0.665774308458
 0.29029029   0.664929753950
 0.29129129   0.664087147690
 0.29229229   0.663246488038
 0.29329329   0.662407773359
 0.29429429   0.661571002021
 0.29529530   0.660736172399
 0.29629630   0.659903282873
 0.29729730   0.659072331828
 0.29829830   0.658243317654
 0.29929930   0.657416238745
 0.30030030   0.656591093501
 0.30130130   0.655767880329
 0.30230230   0.654946597637
 0.30330330   0.654127243841
 0.30430430   0.653309817361
 0.30530531   0.652494316623
 0.30630631   0.651680740056
 0.30730731   0.650869086096
 0.30830831   0.650059353183
 0.30930931   0.649251539761
 0.31031031   0.648445644282
 0.31131131   0.647641665200
 0.31231231   0.646839600975
 0.31331331   0.646039450071
 0.31431431   0.645241210959
 0.31531532   0.644444882113
 0.31631632   0.643650462012
 0.31731732   0.642857949140
 0.31831832   0.642067341987
 0.31931932   0.641278639047
 0.32032032   0.640491838817
 0.32132132   0.639706939803
 0.32232232   0.638923940512
 0.32332332   0.638142839457
 0.32432432   0.637363635156
 0.32532533   0.636586326131
 0.32632633   0.635810910911
 0.32732733   0.635037388027
 0.32832833   0.634265756016
 0.32932933   0.633496013419
 0.33033033   0.632728158783
 0.33133133   0.631962190659
 0.33233233   0.631198107601
 0.33333333   0.630435908171
 0.33433433   0.629675590933
 0.33533534   0.628917154456
 0.33633634   0.628160597315
 0.33733734   0.627405918089
 0.33833834   0.626653115360
 0.33933934   0.625902187717
 0.34034034   0.625153133752
 0.34134134   0.624405952062
 0.34234234   0.623660641249
 0.34334334   0.622917199919
 0.34434434   0.622175626682
 0.34534535   0.621435920154
 0.34634635   0.620698078954
 0.34734735   0.619962101707
 0.34834835   0.619227987041
 0.34934935   0.618495733590
 0.35035035   0.617765339991
 0.35135135   0.617036804885
 0.35235235   0.616310126921
 0.35335335   0.615585304748
 0.35435435   0.614862337021
 0.35535536   0.614141222402
 0.35635636   0.613421959553
 0.35735736   0.612704547144
 0.35835836   0.611988983848
 0.35935936   0.611275268341
 0.36036036   0.610563399305
 0.36136136   0.609853375427
 0.36236236   0.609145195397
 0.36336336   0.608438857909
 0.36436436   0.607734361662
 0.36536537   0.607031705361
 0.36636637   0.606330887712
 0.36736737   0.605631907427
 0.36836837   0.604934763222
 0.36936937   0.604239453818
 0.37037037   0.603545977940
 0.37137137   0.602854334317
 0.37237237   0.602164521681
 0.37337337   0.601476538770
 0.37437437   0.600790384325
 0.37537538   0.600106057094
 0.37637638   0.599423555824
 0.37737738   0.598742879272
 0.37837838   0.598064026194
 0.37937938   0.597386995355
 0.38038038   0.596711785519
 0.38138138   0.596038395459
 0.38238238   0.595366823949
 0.38338338   0.594697069768
 0.38438438   0.594029131700
 0.38538539   0.593363008531
 0.38638639   0.592698699054
 0.38738739   0.592036202064
 0.38838839   0.591375516361
 0.38938939   0.590716640748
 0.39039039   0.590059574032
 0.39139139   0.589404315027
 0.39239239   0.588750862547
 0.39339339   0.588099215413
 0.39439439   0.587449372449
 0.39539540   0.586801332482
 0.39639640   0.586155094344
 0.39739740   0.585510656872
 0.39839840   0.584868018905
 0.39939940   0.584227179288
 0.40040040   0.583588136868
 0.40140140   0.582950890497
 0.40240240   0.582315439031
 0.40340340   0.581681781329
 0.40440440   0.581049916257
 0.40540541   0.580419842680
 0.40640641   0.579791559471
 0.40740741   0.579165065505
 0.40840841   0.578540359662
 0.40940941   0.577917440825
 0.41041041   0.577296307880
 0.41141141   0.576676959720
 0.41241241   0.576059395239
 0.41341341   0.575443613336
 0.41441441   0.574829612914
 0.41541542   0.574217392879
 0.41641642   0.573606952141
 0.41741742   0.572998289614
 0.41841842   0.572391404217
 0.41941942   0.571786294872
 0.42042042   0.571182960504
 0.42142142   0.570581400042
 0.42242242   0.569981612419
 0.42342342   0.569383596574
 0.42442442   0.568787351445
 0.42542543   0.568192875979
 0.42642643   0.567600169123
 0.42742743   0.567009229829
 0.42842843   0.566420057053
 0.42942943   0.565832649755
 0.43043043   0.565247006897
 0.43143143   0.564663127448
 0.43243243   0.564081010377
 0.43343343   0.563500654658
 0.43443443   0.562922059271
 0.43543544   0.562345223196
 0.43643644   0.561770145420
 0.43743744   0.561196824931
 0.43843844   0.560625260722
 0.43943944   0.560055451789
 0.44044044   0.559487397133
 0.44144144   0.558921095758
 0.44244244   0.558356546671
 0.44344344   0.557793748882
 0.44444444   0.557232701407
 0.44544545   0.556673403263
 0.44644645   0.556115853474
 0.44744745   0.555560051063
 0.44844845   0.555005995061
 0.44944945   0.554453684499
 0.45045045   0.553903118415
 0.45145145   0.553354295848
 0.45245245   0.552807215840
 0.45345345   0.552261877440
 0.45445445   0.551718279698
 0.45545546   0.551176421668
 0.45645646   0.550636302407
 0.45745746   0.550097920976
 0.45845846   0.549561276440
 0.45945946   0.549026367868
 0.46046046   0.548493194331
 0.46146146   0.547961754904
 0.46246246   0.547432048665
 0.46346346   0.546904074697
 0.46446446   0.546377832086
 0.46546547   0.545853319921
 0.46646647   0.545330537294
 0.46746747   0.544809483301
 0.46846847   0.544290157042
 0.46946947   0.543772557620
 0.47047047   0.543256684142
 0.47147147   0.542742535716
 0.47247247   0.542230111457
 0.47347347   0.541719410481
 0.47447447   0.541210431908
 0.47547548   0.540703174862
 0.47647648   0.540197638470
 0.47747748   0.539693821862
 0.47847848   0.539191724172
 0.47947948   0.538691344537
 0.48048048   0.538192682098
 0.48148148   0.537695735998
 0.48248248   0.537200505385
 0.48348348   0.536706989410
 0.48448448   0.536215187226
 0.48548549   0.535725097991
 0.48648649   0.535236720865
 0.48748749   0.534750055013
 0.48848849   0.534265099602
 0.48948949   0.533781853803
 0.49049049   0.533300316789
 0.49149149   0.532820487739
 0.49249249   0.532342365832
 0.49349349   0.531865950253
 0.49449449   0.531391240189
 0.49549550   0.530918234831
 0.49649650   0.530446933371
 0.49749750   0.529977335009
 0.49849850   0.529509438943
 0.49949950   0.529043244378
 0.50050050   0.528578750521
 0.50150150   0.528115956582
 0.50250250   0.527654861773
 0.50350350   0.527195465313
 0.50450450   0.526737766421
 0.50550551   0.526281764320
 0.50650651   0.525827458237
 0.50750751   0.525374847400
 0.50850851   0.524923931044
 0.50950951   0.524474708405
 0.51051051   0.524027178721
 0.51151151   0.523581341235
 0.51251251   0.523137195192
 0.51351351   0.522694739843
 0.51451451   0.522253974438
 0.51551552   0.521814898234
 0.51651652   0.521377510488
 0.51751752   0.520941810463
 0.51851852   0.520507797422
 0.51951952   0.520075470635
 0.52052052   0.519644829372
 0.52152152   0.519215872907
 0.52252252   0.518788600518
 0.52352352   0.518363011486
 0.52452452   0.517939105094
 0.52552553   0.517516880630
 0.52652653   0.517096337382
 0.52752753   0.516677474645
 0.52852853   0.516260291715
 0.52952953   0.515844787890
 0.53053053   0.515430962474
 0.53153153   0.515018814771
 0.53253253   0.514608344091
 0.53353353   0.514199549746
 0.53453453   0.513792431050
 0.53553554   0.513386987321
 0.53653654   0.512983217880
 0.53753754   0.512581122052
 0.53853854   0.512180699163
 0.53953954   0.511781948544
 0.54054054   0.511384869528
 0.54154154   0.510989461451
 0.54254254   0.510595723654
 0.54354354   0.510203655477
 0.54454454   0.509813256268
 0.54554555   0.509424525374
 0.54654655   0.509037462147
 0.54754755   0.508652065942
 0.54854855   0.508268336116
 0.54954955   0.507886272031
 0.55055055   0.507505873049
 0.55155155   0.507127138537
 0.55255255   0.506750067866
 0.55355355   0.506374660407
 0.55455455   0.506000915537
 0.55555556   0.505628832635
 0.55655656   0.505258411081
 0.55755756   0.504889650262
 0.55855856   0.504522549564
 0.55955956   0.504157108378
 0.56056056   0.503793326098
 0.56156156   0.503431202120
 0.56256256   0.503070735845
 0.56356356   0.502711926674
 0.56456456   0.502354774013
 0.56556557   0.501999277271
 0.56656657   0.501645435859
 0.56756757   0.501293249192
 0.56856857   0.500942716686
 0.56956957   0.500593837762
 0.57057057   0.500246611844
 0.57157157   0.499901038357
 0.57257257   0.499557116730
 0.57357357   0.499214846396
 0.57457457   0.498874226789
 0.57557558   0.498535257347
 0.57657658   0.498197937511
 0.57757758   0.497862266725
 0.57857858   0.497528244435
 0.57957958   0.497195870090
 0.58058058   0.496865143143
 0.58158158   0.496536063050
 0.58258258   0.496208629267
 0.58358358   0.495882841257
 0.58458458   0.495558698484
 0.58558559   0.495236200413
 0.58658659   0.494915346515
 0.58758759   0.494596136262
 0.58858859   0.494278569130
 0.58958959   0.493962644597
 0.59059059   0.493648362144
 0.59159159   0.493335721255
 0.59259259   0.493024721417
 0.59359359   0.492715362120
 0.59459459   0.492407642856
 0.59559560   0.492101563120
 0.59659660   0.491797122412
 0.59759760   0.491494320231
 0.59859860   0.491193156083
 0.59959960   0.490893629473
 0.60060060   0.490595739911
 0.60160160   0.490299486910
 0.60260260   0.490004869985
 0.60360360   0.489711888654
 0.60460460   0.489420542437
 0.60560561   0.489130830859
 0.60660661   0.488842753447
 0.60760761   0.488556309728
 0.60860861   0.488271499236
 0.60960961   0.487988321505
 0.61061061   0.487706776073
 0.61161161   0.487426862481
 0.61261261   0.487148580272
 0.61361361   0.486871928991
 0.61461461   0.486596908188
 0.61561562   0.486323517415
 0.61661662   0.486051756225
 0.61761762   0.485781624177
 0.61861862   0.485513120829
 0.61961962   0.485246245745
 0.62062062   0.484980998491
 0.62162162   0.484717378634
 0.62262262   0.484455385746
 0.62362362   0.484195019400
 0.62462462   0.483936279172
 0.62562563   0.483679164644
 0.62662663   0.483423675395
 0.62762763   0.483169811012
 0.62862863   0.482917571081
 0.62962963   0.482666955193
 0.63063063   0.482417962942
 0.63163163   0.482170593922
 0.63263263   0.481924847732
 0.63363363   0.481680723975
 0.63463463   0.481438222252
 0.63563564   0.481197342172
 0.63663664   0.480958083343
 0.63763764   0.480720445379
 0.63863864   0.480484427893
 0.63963964   0.480250030503
 0.64064064   0.480017252830
 0.64164164   0.479786094496
 0.64264264   0.479556555128
 0.64364364   0.479328634353
 0.64464464   0.479102331803
 0.64564565   0.478877647112
 0.64664665   0.478654579916
 0.64764765   0.478433129855
 0.64864865   0.478213296570
 0.64964965   0.477995079706
 0.65065065   0.477778478910
 0.65165165   0.477563493832
 0.65265265   0.477350124126
 0.65365365   0.477138369446
 0.65465465   0.476928229450
 0.65565566   0.476719703799
 0.65665666   0.476512792157
 0.65765766   0.476307494189
 0.65865866   0.476103809565
 0.65965966   0.475901737955
 0.66066066   0.475701279035
 0.66166166   0.475502432479
 0.66266266   0.475305197969
 0.66366366   0.475109575186
 0.66466466   0.474915563815
 0.66566567   0.474723163543
 0.66666667   0.474532374061
 0.66766767   0.474343195060
 0.66866867   0.474155626237
 0.66966967   0.473969667289
 0.67067067   0.473785317917
 0.67167167   0.473602577825
 0.67267267   0.473421446717
 0.67367367   0.473241924304
 0.67467467   0.473064010296
 0.67567568   0.472887704406
 0.67667668   0.472713006352
 0.67767768   0.472539915853
 0.67867868   0.472368432630
 0.67967968   0.472198556408
 0.68068068   0.472030286914
 0.68168168   0.471863623877
 0.68268268   0.471698567030
 0.68368368   0.471535116107
 0.68468468   0.471373270847
 0.68568569   0.471213030989
 0.68668669   0.471054396276
 0.68768769   0.470897366454
 0.68868869   0.470741941270
 0.68968969   0.470588120476
 0.69069069   0.470435903823
 0.69169169   0.470285291069
 0.69269269   0.470136281972
 0.69369369   0.469988876292
 0.69469469   0.469843073794
 0.69569570   0.469698874243
 0.69669670   0.469556277409
 0.69769770   0.469415283062
 0.69869870   0.469275890978
 0.69969970   0.469138100933
 0.70070070   0.469001912705
 0.70170170   0.468867326078
 0.70270270   0.468734340835
 0.70370370   0.468602956763
 0.70470470   0.468473173652
 0.70570571   0.468344991294
 0.70670671   0.468218409485
 0.70770771   0.468093428021
 0.70870871   0.467970046702
 0.70970971   0.467848265332
 0.71071071   0.467728083715
 0.71171171   0.467609501659
 0.71271271   0.467492518974
 0.71371371   0.467377135473
 0.71471471   0.467263350973
 0.71571572   0.467151165290
 0.71671672   0.467040578245
 0.71771772   0.466931589662
 0.71871872   0.466824199367
 0.71971972   0.466718407187
 0.72072072   0.466614212955
 0.72172172   0.466511616502
 0.72272272   0.466410617666
 0.72372372   0.466311216285
 0.72472472   0.466213412200
 0.72572573   0.466117205255
 0.72672673   0.466022595297
 0.72772773   0.465929582174
 0.72872873   0.465838165737
 0.72972973   0.465748345842
 0.73073073   0.465660122344
 0.73173173   0.465573495102
 0.73273273   0.465488463979
 0.73373373   0.465405028838
 0.73473473   0.465323189547
 0.73573574   0.465242945975
 0.73673674   0.465164297993
 0.73773774   0.465087245477
 0.73873874   0.465011788303
 0.73973974   0.464937926351
 0.74074074   0.464865659504
 0.74174174   0.464794987645
 0.74274274   0.464725910663
 0.74374374   0.464658428446
 0.74474474   0.464592540888
 0.74574575   0.464528247884
 0.74674675   0.464465549330
 0.74774775   0.464404445127
 0.74874875   0.464344935178
 0.74974975   0.464287019387
 0.75075075   0.464230697662
 0.75175175   0.464175969914
 0.75275275   0.464122836055
 0.75375375   0.464071296001
 0.75475475   0.464021349669
 0.75575576   0.463972996980
 0.75675676   0.463926237857
 0.75775776   0.463881072225
 0.75875876   0.463837500012
 0.75975976   0.463795521150
 0.76076076   0.463755135570
 0.76176176   0.463716343209
 0.76276276   0.463679144004
 0.76376376   0.463643537898
 0.76476476   0.463609524832
 0.76576577   0.463577104752
 0.76676677   0.463546277608
 0.76776777   0.463517043350
 0.76876877   0.463489401931
 0.76976977   0.463463353307
 0.77077077   0.463438897437
 0.77177177   0.463416034282
 0.77277277   0.463394763806
 0.77377377   0.463375085974
 0.77477477   0.463357000755
 0.77577578   0.463340508121
 0.77677678   0.463325608045
 0.77777778   0.463312300503
 0.77877878   0.463300585475
 0.77977978   0.463290462941
 0.78078078   0.463281932886
 0.78178178   0.463274995296
 0.78278278   0.463269650159
 0.78378378   0.463265897468
 0.78478478   0.463263737216
 0.78578579   0.463263169400
 0.78678679   0.463264194020
 0.78778779   0.463266811075
 0.78878879   0.463271020572
 0.78978979   0.463276822516
 0.79079079   0.463284216917
 0.79179179   0.463293203787
 0.79279279   0.463303783139
 0.79379379   0.463315954991
 0.79479479   0.463329719362
 0.79579580   0.463345076274
 0.79679680   0.463362025751
 0.79779780   0.463380567821
 0.79879880   0.463400702513
 0.79979980   0.463422429859
 0.80080080   0.463445749894
 0.80180180   0.463470662654
 0.80280280   0.463497168180
 0.80380380   0.463525266514
 0.80480480   0.463554957700
 0.80580581   0.463586241786
 0.80680681   0.463619118821
 0.80780781   0.463653588858
 0.80880881   0.463689651952
 0.80980981   0.463727308161
 0.81081081   0.463766557544
 0.81181181   0.463807400163
 0.81281281   0.463849836085
 0.81381381   0.463893865376
 0.81481481   0.463939488106
 0.81581582   0.463986704350
 0.81681682   0.464035514180
 0.81781782   0.464085917676
 0.81881882   0.464137914918
 0.81981982   0.464191505989
 0.82082082   0.464246690973
 0.82182182   0.464303469959
 0.82282282   0.464361843038
 0.82382382   0.464421810303
 0.82482482   0.464483371848
 0.82582583   0.464546527773
 0.82682683   0.464611278178
 0.82782783   0.464677623166
 0.82882883   0.464745562844
 0.82982983   0.464815097318
 0.83083083   0.464886226701
 0.83183183   0.464958951106
 0.83283283   0.465033270648
 0.83383383   0.465109185447
 0.83483483   0.465186695623
 0.83583584   0.465265801300
 0.83683684   0.465346502604
 0.83783784   0.465428799664
 0.83883884   0.465512692612
 0.83983984   0.465598181581
 0.84084084   0.465685266708
 0.84184184   0.465773948132
 0.84284284   0.465864225993
 0.84384384   0.465956100438
 0.84484484   0.466049571611
 0.84584585   0.466144639663
 0.84684685   0.466241304744
 0.84784785   0.466339567011
 0.84884885   0.466439426619
 0.84984985   0.466540883728
 0.85085085   0.466643938500
 0.85185185   0.466748591100
 0.85285285   0.466854841695
 0.85385385   0.466962690455
 0.85485485   0.467072137552
 0.85585586   0.467183183161
 0.85685686   0.467295827460
 0.85785786   0.467410070628
 0.85885886   0.467525912849
 0.85985986   0.467643354307
 0.86086086   0.467762395191
 0.86186186   0.467883035691
 0.86286286   0.468005276000
 0.86386386   0.468129116313
 0.86486486   0.468254556829
 0.86586587   0.468381597748
 0.86686687   0.468510239274
 0.86786787   0.468640481613
 0.86886887   0.468772324972
 0.86986987   0.468905769564
 0.87087087   0.469040815601
 0.87187187   0.469177463301
 0.87287287   0.469315712882
 0.87387387   0.469455564566
 0.87487487   0.469597018576
 0.87587588   0.469740075139
 0.87687688   0.469884734485
 0.87787788   0.470030996845
 0.87887888   0.470178862454
 0.87987988   0.470328331549
 0.88088088   0.470479404370
 0.88188188   0.470632081159
 0.88288288   0.470786362161
 0.88388388   0.470942247623
 0.88488488   0.471099737795
 0.88588589   0.471258832931
 0.88688689   0.471419533286
 0.88788789   0.471581839117
 0.88888889   0.471745750685
 0.88988989   0.471911268254
 0.89089089   0.472078392089
 0.89189189   0.472247122459
 0.89289289   0.472417459634
 0.89389389   0.472589403890
 0.89489489   0.472762955501
 0.89589590   0.472938114747
 0.89689690   0.473114881909
 0.89789790   0.473293257273
 0.89889890   0.473473241124
 0.89989990   0.473654833752
 0.90090090   0.473838035449
 0.90190190   0.474022846511
 0.90290290   0.474209267234
 0.90390390   0.474397297919
 0.90490490   0.474586938869
 0.90590591   0.474778190388
 0.90690691   0.474971052785
 0.90790791   0.475165526371
 0.90890891   0.475361611459
 0.90990991   0.475559308365
 0.91091091   0.475758617408
 0.91191191   0.475959538909
 0.91291291   0.476162073191
 0.91391391   0.476366220583
 0.91491491   0.476571981413
 0.91591592   0.476779356012
 0.91691692   0.476988344717
 0.91791792   0.477198947863
 0.91891892   0.477411165792
 0.91991992   0.477624998846
 0.92092092   0.477840447370
 0.92192192   0.478057511713
 0.92292292   0.478276192224
 0.92392392   0.478496489259
 0.92492492   0.478718403172
 0.92592593   0.478941934323
 0.92692693   0.479167083073
 0.92792793   0.479393849786
 0.92892893   0.479622234830
 0.92992993   0.479852238574
 0.93093093   0.480083861390
 0.93193193   0.480317103654
 0.93293293   0.480551965743
 0.93393393   0.480788448038
 0.93493493   0.481026550921
 0.93593594   0.481266274779
 0.93693694   0.481507620001
 0.93793794   0.481750586977
 0.93893894   0.481995176103
 0.93993994   0.482241387774
 0.94094094   0.482489222390
 0.94194194   0.482738680354
 0.94294294   0.482989762070
 0.94394394   0.483242467946
 0.94494494   0.483496798393
 0.94594595   0.483752753824
 0.94694695   0.484010334655
 0.94794795   0.484269541305
 0.94894895   0.484530374195
 0.94994995   0.484792833749
 0.95095095   0.485056920394
 0.95195195   0.485322634561
 0.95295295   0.485589976681
 0.95395395   0.485858947190
 0.95495495   0.486129546526
 0.95595596   0.486401775130
 0.95695696   0.486675633445
 0.95795796   0.486951121918
 0.95895896   0.487228240998
 0.95995996   0.487506991137
 0.96096096   0.487787372789
 0.96196196   0.488069386412
 0.96296296   0.488353032467
 0.96396396   0.488638311416
 0.96496496   0.488925223725
 0.96596597   0.489213769863
 0.96696697   0.489503950302
 0.96796797   0.489795765516
 0.96896897   0.490089215982
 0.96996997   0.490384302180
 0.97097097   0.490681024592
 0.97197197   0.490979383705
 0.97297297   0.491279380006
 0.97397397   0.491581013987
 0.97497497   0.491884286142
 0.97597598   0.492189196968
 0.97697698   0.492495746964
 0.97797798   0.492803936634
 0.97897898   0.493113766482
 0.97997998   0.493425237017
 0.98098098   0.493738348749
 0.98198198   0.494053102194
 0.98298298   0.494369497867
 0.98398398   0.494687536288
 0.98498498   0.495007217980
 0.98598599   0.495328543469
 0.98698699   0.495651513282
 0.98798799   0.495976127951
 0.98898899   0.496302388009
 0.98998999   0.496630293995
 0.99099099   0.496959846446
 0.99199199   0.497291045907
 0.99299299   0.497623892922
 0.99399399   0.497958388041
 0.99499499   0.498294531814
 0.99599600   0.498632324796
 0.99699700   0.498971767544
 0.99799800   0.499312860618
 0.99899900   0.499655604582
 1.00000000   0.500000000000


# Solution for b = 0.60
 0.00000000   1.000000000000
 0.00100100   0.998572272691
 0.00200200   0.997147265223
 0.00300300   0.995724973724
 0.00400400   0.994305394333
 0.00500501   0.992888523203
 0.00600601   0.991474356501
 0.00700701   0.990062890402
 0.00800801   0.988654121100
 0.00900901   0.987248044797
 0.01001001   0.985844657709
 0.01101101   0.984443956065
 0.01201201   0.983045936106
 0.01301301   0.981650594085
 0.01401401   0.980257926270
 0.01501502   0.978867928937
 0.01601602   0.977480598377
 0.01701702   0.976095930894
 0.01801802   0.974713922802
 0.01901902   0.973334570429
 0.02002002   0.971957870114
 0.02102102   0.970583818209
 0.02202202   0.969212411076
 0.02302302   0.967843645092
 0.02402402   0.966477516643
 0.02502503   0.965114022130
 0.02602603   0.963753157962
 0.02702703   0.962394920563
 0.02802803   0.961039306368
 0.02902903   0.959686311822
 0.03003003   0.958335933385
 0.03103103   0.956988167525
 0.03203203   0.955643010724
 0.03303303   0.954300459474
 0.03403403   0.952960510280
 0.03503504   0.951623159658
 0.03603604   0.950288404134
 0.03703704   0.948956240248
 0.03803804   0.947626664548
 0.03903904   0.946299673596
 0.04004004   0.944975263965
 0.04104104   0.943653432238
 0.04204204   0.942334175009
 0.04304304   0.941017488885
 0.04404404   0.939703370482
 0.04504505   0.938391816428
 0.04604605   0.937082823362
 0.04704705   0.935776387934
 0.04804805   0.934472506805
 0.04904905   0.933171176647
 0.05005005   0.931872394141
 0.05105105   0.930576155982
 0.05205205   0.929282458873
 0.05305305   0.927991299529
 0.05405405   0.926702674676
 0.05505506   0.925416581050
 0.05605606   0.924133015396
 0.05705706   0.922851974474
 0.05805806   0.921573455049
 0.05905906   0.920297453902
 0.06006006   0.919023967820
 0.06106106   0.917752993602
 0.06206206   0.916484528058
 0.06306306   0.915218568008
 0.06406406   0.913955110282
 0.06506507   0.912694151721
 0.06606607   0.911435689175
 0.06706707   0.910179719504
 0.06806807   0.908926239581
 0.06906907   0.907675246286
 0.07007007   0.906426736509
 0.07107107   0.905180707153
 0.07207207   0.903937155129
 0.07307307   0.902696077358
 0.07407407   0.901457470771
 0.07507508   0.900221332309
 0.07607608   0.898987658923
 0.07707708   0.897756447574
 0.07807808   0.896527695232
 0.07907908   0.895301398878
 0.08008008   0.894077555502
 0.08108108   0.892856162103
 0.08208208   0.891637215692
 0.08308308   0.890420713286
 0.08408408   0.889206651916
 0.08508509   0.887995028618
 0.08608609   0.886785840441
 0.08708709   0.885579084442
 0.08808809   0.884374757688
 0.08908909   0.883172857255
 0.09009009   0.881973380229
 0.09109109   0.880776323703
 0.09209209   0.879581684784
 0.09309309   0.878389460583
 0.09409409   0.877199648225
 0.09509510   0.876012244840
 0.09609610   0.874827247571
 0.09709710   0.873644653568
 0.09809810   0.872464459991
 0.09909910   0.871286664007
 0.10010010   0.870111262795
 0.10110110   0.868938253542
 0.10210210   0.867767633444
 0.10310310   0.866599399704
 0.10410410   0.865433549539
 0.10510511   0.864270080169
 0.10610611   0.863108988826
 0.10710711   0.861950272752
 0.10810811   0.860793929195
 0.10910911   0.859639955414
 0.11011011   0.858488348675
 0.11111111   0.857339106254
 0.11211211   0.856192225436
 0.11311311   0.855047703513
 0.11411411   0.853905537788
 0.11511512   0.852765725570
 0.11611612   0.851628264179
 0.11711712   0.850493150942
 0.11811812   0.849360383195
 0.11911912   0.848229958284
 0.12012012   0.847101873560
 0.12112112   0.845976126386
 0.12212212   0.844852714131
 0.12312312   0.843731634174
 0.12412412   0.842612883902
 0.12512513   0.841496460710
 0.12612613   0.840382362001
 0.12712713   0.839270585187
 0.12812813   0.838161127688
 0.12912913   0.837053986932
 0.13013013   0.835949160356
 0.13113113   0.834846645404
 0.13213213   0.833746439529
 0.13313313   0.832648540193
 0.13413413   0.831552944864
 0.13513514   0.830459651018
 0.13613614   0.829368656143
 0.13713714   0.828279957729
 0.13813814   0.827193553280
 0.13913914   0.826109440304
 0.14014014   0.825027616318
 0.14114114   0.823948078847
 0.14214214   0.822870825424
 0.14314314   0.821795853590
 0.14414414   0.820723160894
 0.14514515   0.819652744892
 0.14614615   0.818584603148
 0.14714715   0.817518733235
 0.14814815   0.816455132732
 0.14914915   0.815393799227
 0.15015015   0.814334730315
 0.15115115   0.813277923599
 0.15215215   0.812223376689
 0.15315315   0.811171087204
 0.15415415   0.810121052770
 0.15515516   0.809073271020
 0.15615616   0.808027739594
 0.15715716   0.806984456141
 0.15815816   0.805943418318
 0.15915916   0.804904623788
 0.16016016   0.803868070220
 0.16116116   0.802833755295
 0.16216216   0.801801676697
 0.16316316   0.800771832120
 0.16416416   0.799744219264
 0.16516517   0.798718835837
 0.16616617   0.797695679554
 0.16716717   0.796674748138
 0.16816817   0.795656039318
 0.16916917   0.794639550831
 0.17017017   0.793625280422
 0.17117117   0.792613225842
 0.17217217   0.791603384849
 0.17317317   0.790595755209
 0.17417417   0.789590334696
 0.17517518   0.788587121088
 0.17617618   0.787586112174
 0.17717718   0.786587305748
 0.17817818   0.785590699610
 0.17917918   0.784596291569
 0.18018018   0.783604079440
 0.18118118   0.782614061046
 0.18218218   0.781626234215
 0.18318318   0.780640596785
 0.18418418   0.779657146597
 0.18518519   0.778675881503
 0.18618619   0.777696799358
 0.18718719   0.776719898027
 0.18818819   0.775745175381
 0.18918919   0.774772629296
 0.19019019   0.773802257657
 0.19119119   0.772834058355
 0.19219219   0.771868029288
 0.19319319   0.770904168360
 0.19419419   0.769942473482
 0.19519520   0.768982942573
 0.19619620   0.768025573556
 0.19719720   0.767070364364
 0.19819820   0.766117312934
 0.19919920   0.765166417211
 0.20020020   0.764217675145
 0.20120120   0.763271084695
 0.20220220   0.762326643824
 0.20320320   0.761384350504
 0.20420420   0.760444202712
 0.20520521   0.759506198432
 0.20620621   0.758570335653
 0.20720721   0.757636612373
 0.20820821   0.756705026596
 0.20920921   0.755775576330
 0.21021021   0.754848259591
 0.21121121   0.753923074403
 0.21221221   0.753000018794
 0.21321321   0.752079090799
 0.21421421   0.751160288460
 0.21521522   0.750243609825
 0.21621622   0.749329052947
 0.21721722   0.748416615887
 0.21821822   0.747506296712
 0.21921922   0.746598093495
 0.22022022   0.745692004315
 0.22122122   0.744788027257
 0.22222222   0.743886160413
 0.22322322   0.742986401880
 0.22422422   0.742088749763
 0.22522523   0.741193202171
 0.22622623   0.740299757221
 0.22722723   0.739408413035
 0.22822823   0.738519167740
 0.22922923   0.737632019473
 0.23023023   0.736746966372
 0.23123123   0.735864006585
 0.23223223   0.734983138263
 0.23323323   0.734104359567
 0.23423423   0.733227668659
 0.23523524   0.732353063710
 0.23623624   0.731480542898
 0.23723724   0.730610104403
 0.23823824   0.729741746416
 0.23923924   0.728875467128
 0.24024024   0.728011264741
 0.24124124   0.727149137461
 0.24224224   0.726289083499
 0.24324324   0.725431101074
 0.24424424   0.724575188407
 0.24524525   0.723721343729
 0.24624625   0.722869565274
 0.24724725   0.722019851284
 0.24824825   0.721172200005
 0.24924925   0.720326609689
 0.25025025   0.719483078594
 0.25125125   0.718641604984
 0.25225225   0.717802187128
 0.25325325   0.716964823302
 0.25425425   0.716129511786
 0.25525526   0.715296250866
 0.25625626   0.714465038835
 0.25725726   0.713635873990
 0.25825826   0.712808754635
 0.25925926   0.711983679078
 0.26026026   0.711160645633
 0.26126126   0.710339652621
 0.26226226   0.709520698368
 0.26326326   0.708703781203
 0.26426426   0.707888899464
 0.26526527   0.707076051494
 0.26626627   0.706265235638
 0.26726727   0.705456450251
 0.26826827   0.704649693690
 0.26926927   0.703844964320
 0.27027027   0.703042260510
 0.27127127   0.702241580635
 0.27227227   0.701442923075
 0.27327327   0.700646286215
 0.27427427   0.699851668446
 0.27527528   0.699059068164
 0.27627628   0.698268483772
 0.27727728   0.697479913675
 0.27827828   0.696693356287
 0.27927928   0.695908810024
 0.28028028   0.695126273309
 0.28128128   0.694345744571
 0.28228228   0.693567222243
 0.28328328   0.692790704764
 0.28428428   0.692016190576
 0.28528529   0.691243678130
 0.28628629   0.690473165879
 0.28728729   0.689704652283
 0.28828829   0.688938135806
 0.28928929   0.688173614919
 0.29029029   0.687411088096
 0.29129129   0.686650553816
 0.29229229   0.685892010567
 0.29329329   0.685135456837
 0.29429429   0.684380891122
 0.29529530   0.683628311922
 0.29629630   0.682877717744
 0.29729730   0.682129107097
 0.29829830   0.681382478497
 0.29929930   0.680637830466
 0.30030030   0.679895161528
 0.30130130   0.679154470215
 0.30230230   0.678415755062
 0.30330330   0.677679014610
 0.30430430   0.676944247405
 0.30530531   0.676211451997
 0.30630631   0.675480626942
 0.30730731   0.674751770800
 0.30830831   0.674024882137
 0.30930931   0.673299959524
 0.31031031   0.672577001535
 0.31131131   0.671856006750
 0.31231231   0.671136973756
 0.31331331   0.670419901141
 0.31431431   0.669704787501
 0.31531532   0.668991631435
 0.31631632   0.668280431547
 0.31731732   0.667571186447
 0.31831832   0.666863894749
 0.31931932   0.666158555072
 0.32032032   0.665455166039
 0.32132132   0.664753726279
 0.32232232   0.664054234424
 0.32332332   0.663356689114
 0.32432432   0.662661088990
 0.32532533   0.661967432701
 0.32632633   0.661275718897
 0.32732733   0.660585946236
 0.32832833   0.659898113380
 0.32932933   0.659212218994
 0.33033033   0.658528261750
 0.33133133   0.657846240322
 0.33233233   0.657166153392
 0.33333333   0.656487999644
 0.33433433   0.655811777767
 0.33533534   0.655137486456
 0.33633634   0.654465124409
 0.33733734   0.653794690330
 0.33833834   0.653126182926
 0.33933934   0.652459600909
 0.34034034   0.651794942997
 0.34134134   0.651132207912
 0.34234234   0.650471394379
 0.34334334   0.649812501129
 0.34434434   0.649155526898
 0.34534535   0.648500470424
 0.34634635   0.647847330452
 0.34734735   0.647196105731
 0.34834835   0.646546795014
 0.34934935   0.645899397058
 0.35035035   0.645253910626
 0.35135135   0.644610334484
 0.35235235   0.643968667402
 0.35335335   0.643328908158
 0.35435435   0.642691055529
 0.35535536   0.642055108302
 0.35635636   0.641421065263
 0.35735736   0.640788925207
 0.35835836   0.640158686930
 0.35935936   0.639530349235
 0.36036036   0.638903910927
 0.36136136   0.638279370818
 0.36236236   0.637656727722
 0.36336336   0.637035980458
 0.36436436   0.636417127849
 0.36536537   0.635800168724
 0.36636637   0.635185101916
 0.36736737   0.634571926259
 0.36836837   0.633960640595
 0.36936937   0.633351243769
 0.37037037   0.632743734631
 0.37137137   0.632138112033
 0.37237237   0.631534374835
 0.37337337   0.630932521896
 0.37437437   0.630332552085
 0.37537538   0.629734464272
 0.37637638   0.629138257331
 0.37737738   0.628543930141
 0.37837838   0.627951481585
 0.37937938   0.627360910551
 0.38038038   0.626772215930
 0.38138138   0.626185396618
 0.38238238   0.625600451515
 0.38338338   0.625017379525
 0.38438438   0.624436179556
 0.38538539   0.623856850520
 0.38638639   0.623279391334
 0.38738739   0.622703800917
 0.38838839   0.622130078196
 0.38938939   0.621558222098
 0.39039039   0.620988231557
 0.39139139   0.620420105510
 0.39239239   0.619853842896
 0.39339339   0.619289442663
 0.39439439   0.618726903758
 0.39539540   0.618166225135
 0.39639640   0.617607405752
 0.39739740   0.617050444569
 0.39839840   0.616495340552
 0.39939940   0.615942092670
 0.40040040   0.615390699897
 0.40140140   0.614841161210
 0.40240240   0.614293475590
 0.40340340   0.613747642023
 0.40440440   0.613203659499
 0.40540541   0.612661527009
 0.40640641   0.612121243553
 0.40740741   0.611582808131
 0.40840841   0.611046219748
 0.40940941   0.610511477414
 0.41041041   0.609978580141
 0.41141141   0.609447526947
 0.41241241   0.608918316852
 0.41341341   0.608390948882
 0.41441441   0.607865422065
 0.41541542   0.607341735434
 0.41641642   0.606819888025
 0.41741742   0.606299878880
 0.41841842   0.605781707041
 0.41941942   0.605265371558
 0.42042042   0.604750871483
 0.42142142   0.604238205871
 0.42242242   0.603727373782
 0.42342342   0.603218374281
 0.42442442   0.602711206433
 0.42542543   0.602205869311
 0.42642643   0.601702361990
 0.42742743   0.601200683548
 0.42842843   0.600700833069
 0.42942943   0.600202809638
 0.43043043   0.599706612347
 0.43143143   0.599212240289
 0.43243243   0.598719692562
 0.43343343   0.598228968268
 0.43443443   0.597740066512
 0.43543544   0.597252986403
 0.43643644   0.596767727055
 0.43743744   0.596284287583
 0.43843844   0.595802667109
 0.43943944   0.595322864757
 0.44044044   0.594844879653
 0.44144144   0.594368710931
 0.44244244   0.593894357726
 0.44344344   0.593421819175
 0.44444444   0.592951094422
 0.44544545   0.592482182614
 0.44644645   0.592015082901
 0.44744745   0.591549794435
 0.44844845   0.591086316376
 0.44944945   0.590624647883
 0.45045045   0.590164788121
 0.45145145   0.589706736260
 0.45245245   0.589250491471
 0.45345345   0.588796052929
 0.45445445   0.588343419815
 0.45545546   0.587892591311
 0.45645646   0.587443566604
 0.45745746   0.586996344884
 0.45845846   0.586550925344
 0.45945946   0.586107307183
 0.46046046   0.585665489601
 0.46146146   0.585225471803
 0.46246246   0.584787252998
 0.46346346   0.584350832396
 0.46446446   0.583916209214
 0.46546547   0.583483382671
 0.46646647   0.583052351988
 0.46746747   0.582623116392
 0.46846847   0.582195675113
 0.46946947   0.581770027384
 0.47047047   0.581346172442
 0.47147147   0.580924109526
 0.47247247   0.580503837882
 0.47347347   0.580085356755
 0.47447447   0.579668665397
 0.47547548   0.579253763063
 0.47647648   0.578840649009
 0.47747748   0.578429322499
 0.47847848   0.578019782796
 0.47947948   0.577612029168
 0.48048048   0.577206060889
 0.48148148   0.576801877232
 0.48248248   0.576399477477
 0.48348348   0.575998860907
 0.48448448   0.575600026806
 0.48548549   0.575202974465
 0.48648649   0.574807703175
 0.48748749   0.574414212234
 0.48848849   0.574022500940
 0.48948949   0.573632568597
 0.49049049   0.573244414511
 0.49149149   0.572858037992
 0.49249249   0.572473438353
 0.49349349   0.572090614911
 0.49449449   0.571709566987
 0.49549550   0.571330293903
 0.49649650   0.570952794987
 0.49749750   0.570577069569
 0.49849850   0.570203116984
 0.49949950   0.569830936567
 0.50050050   0.569460527660
 0.50150150   0.569091889606
 0.50250250   0.568725021754
 0.50350350   0.568359923453
 0.50450450   0.567996594058
 0.50550551   0.567635032925
 0.50650651   0.567275239417
 0.50750751   0.566917212897
 0.50850851   0.566560952732
 0.50950951   0.566206458293
 0.51051051   0.565853728955
 0.51151151   0.565502764095
 0.51251251   0.565153563094
 0.51351351   0.564806125335
 0.51451451   0.564460450208
 0.51551552   0.564116537101
 0.51651652   0.563774385410
 0.51751752   0.563433994532
 0.51851852   0.563095363867
 0.51951952   0.562758492820
 0.52052052   0.562423380798
 0.52152152   0.562090027211
 0.52252252   0.561758431474
 0.52352352   0.561428593004
 0.52452452   0.561100511220
 0.52552553   0.560774185548
 0.52652653   0.560449615414
 0.52752753   0.560126800248
 0.52852853   0.559805739484
 0.52952953   0.559486432558
 0.53053053   0.559168878911
 0.53153153   0.558853077986
 0.53253253   0.558539029230
 0.53353353   0.558226732092
 0.53453453   0.557916186026
 0.53553554   0.557607390488
 0.53653654   0.557300344936
 0.53753754   0.556995048835
 0.53853854   0.556691501650
 0.53953954   0.556389702851
 0.54054054   0.556089651908
 0.54154154   0.555791348300
 0.54254254   0.555494791503
 0.54354354   0.555199981001
 0.54454454   0.554906916278
 0.54554555   0.554615596823
 0.54654655   0.554326022127
 0.54754755   0.554038191686
 0.54854855   0.553752104998
 0.54954955   0.553467761562
 0.55055055   0.553185160885
 0.55155155   0.552904302474
 0.55255255   0.552625185839
 0.55355355   0.552347810494
 0.55455455   0.552072175956
 0.55555556   0.551798281746
 0.55655656   0.551526127386
 0.55755756   0.551255712405
 0.55855856   0.550987036330
 0.55955956   0.550720098695
 0.56056056   0.550454899037
 0.56156156   0.550191436894
 0.56256256   0.549929711808
 0.56356356   0.549669723325
 0.56456456   0.549411470993
 0.56556557   0.549154954365
 0.56656657   0.548900172995
 0.56756757   0.548647126441
 0.56856857   0.548395814264
 0.56956957   0.548146236027
 0.57057057   0.547898391300
 0.57157157   0.547652279651
 0.57257257   0.547407900655
 0.57357357   0.547165253888
 0.57457457   0.546924338929
 0.57557558   0.546685155363
 0.57657658   0.546447702773
 0.57757758   0.546211980751
 0.57857858   0.545977988887
 0.57957958   0.545745726777
 0.58058058   0.545515194019
 0.58158158   0.545286390214
 0.58258258   0.545059314968
 0.58358358   0.544833967887
 0.58458458   0.544610348583
 0.58558559   0.544388456668
 0.58658659   0.544168291759
 0.58758759   0.543949853478
 0.58858859   0.543733141445
 0.58958959   0.543518155288
 0.59059059   0.543304894634
 0.59159159   0.543093359118
 0.59259259   0.542883548372
 0.59359359   0.542675462036
 0.59459459   0.542469099751
 0.59559560   0.542264461160
 0.59659660   0.542061545913
 0.59759760   0.541860353657
 0.59859860   0.541660884048
 0.59959960   0.541463136741
 0.60060060   0.541267111396
 0.60160160   0.541072807676
 0.60260260   0.540880225245
 0.60360360   0.540689363773
 0.60460460   0.540500222931
 0.60560561   0.540312802394
 0.60660661   0.540127101838
 0.60760761   0.539943120946
 0.60860861   0.539760859400
 0.60960961   0.539580316887
 0.61061061   0.539401493097
 0.61161161   0.539224387722
 0.61261261   0.539049000459
 0.61361361   0.538875331006
 0.61461461   0.538703379064
 0.61561562   0.538533144338
 0.61661662   0.538364626536
 0.61761762   0.538197825369
 0.61861862   0.538032740550
 0.61961962   0.537869371797
 0.62062062   0.537707718828
 0.62162162   0.537547781366
 0.62262262   0.537389559137
 0.62362362   0.537233051870
 0.62462462   0.537078259296
 0.62562563   0.536925181150
 0.62662663   0.536773817170
 0.62762763   0.536624167095
 0.62862863   0.536476230670
 0.62962963   0.536330007641
 0.63063063   0.536185497757
 0.63163163   0.536042700772
 0.63263263   0.535901616439
 0.63363363   0.535762244519
 0.63463463   0.535624584772
 0.63563564   0.535488636962
 0.63663664   0.535354400856
 0.63763764   0.535221876226
 0.63863864   0.535091062844
 0.63963964   0.534961960486
 0.64064064   0.534834568932
 0.64164164   0.534708887963
 0.64264264   0.534584917365
 0.64364364   0.534462656925
 0.64464464   0.534342106434
 0.64564565   0.534223265687
 0.64664665   0.534106134480
 0.64764765   0.533990712613
 0.64864865   0.533876999889
 0.64964965   0.533764996113
 0.65065065   0.533654701094
 0.65165165   0.533546114643
 0.65265265   0.533439236575
 0.65365365   0.533334066707
 0.65465465   0.533230604860
 0.65565566   0.533128850858
 0.65665666   0.533028804525
 0.65765766   0.532930465692
 0.65865866   0.532833834190
 0.65965966   0.532738909855
 0.66066066   0.532645692524
 0.66166166   0.532554182038
 0.66266266   0.532464378242
 0.66366366   0.532376280981
 0.66466466   0.532289890106
 0.66566567   0.532205205470
 0.66666667   0.532122226927
 0.66766767   0.532040954336
 0.66866867   0.531961387558
 0.66966967   0.531883526458
 0.67067067   0.531807370903
 0.67167167   0.531732920764
 0.67267267   0.531660175912
 0.67367367   0.531589136224
 0.67467467   0.531519801579
 0.67567568   0.531452171859
 0.67667668   0.531386246949
 0.67767768   0.531322026735
 0.67867868   0.531259511109
 0.67967968   0.531198699964
 0.68068068   0.531139593196
 0.68168168   0.531082190705
 0.68268268   0.531026492392
 0.68368368   0.530972498164
 0.68468468   0.530920207927
 0.68568569   0.530869621593
 0.68668669   0.530820739075
 0.68768769   0.530773560291
 0.68868869   0.530728085160
 0.68968969   0.530684313604
 0.69069069   0.530642245549
 0.69169169   0.530601880923
 0.69269269   0.530563219658
 0.69369369   0.530526261687
 0.69469469   0.530491006948
 0.69569570   0.530457455380
 0.69669670   0.530425606927
 0.69769770   0.530395461534
 0.69869870   0.530367019150
 0.69969970   0.530340279726
 0.70070070   0.530315243217
 0.70170170   0.530291909581
 0.70270270   0.530270278776
 0.70370370   0.530250350768
 0.70470470   0.530232125521
 0.70570571   0.530215603006
 0.70670671   0.530200783192
 0.70770771   0.530187666056
 0.70870871   0.530176251575
 0.70970971   0.530166539730
 0.71071071   0.530158530504
 0.71171171   0.530152223883
 0.71271271   0.530147619857
 0.71371371   0.530144718417
 0.71471471   0.530143519560
 0.71571572   0.530144023282
 0.71671672   0.530146229585
 0.71771772   0.530150138473
 0.71871872   0.530155749951
 0.71971972   0.530163064031
 0.72072072   0.530172080723
 0.72172172   0.530182800044
 0.72272272   0.530195222012
 0.72372372   0.530209346647
 0.72472472   0.530225173975
 0.72572573   0.530242704021
 0.72672673   0.530261936816
 0.72772773   0.530282872393
 0.72872873   0.530305510787
 0.72972973   0.530329852036
 0.73073073   0.530355896183
 0.73173173   0.530383643271
 0.73273273   0.530413093348
 0.73373373   0.530444246463
 0.73473473   0.530477102671
 0.73573574   0.530511662026
 0.73673674   0.530547924589
 0.73773774   0.530585890419
 0.73873874   0.530625559583
 0.73973974   0.530666932148
 0.74074074   0.530710008184
 0.74174174   0.530754787765
 0.74274274   0.530801270966
 0.74374374   0.530849457868
 0.74474474   0.530899348552
 0.74574575   0.530950943103
 0.74674675   0.531004241609
 0.74774775   0.531059244161
 0.74874875   0.531115950852
 0.74974975   0.531174361780
 0.75075075   0.531234477044
 0.75175175   0.531296296746
 0.75275275   0.531359820992
 0.75375375   0.531425049890
 0.75475475   0.531491983551
 0.75575576   0.531560622089
 0.75675676   0.531630965622
 0.75775776   0.531703014269
 0.75875876   0.531776768153
 0.75975976   0.531852227399
 0.76076076   0.531929392138
 0.76176176   0.532008262499
 0.76276276   0.532088838618
 0.76376376   0.532171120632
 0.76476476   0.532255108682
 0.76576577   0.532340802911
 0.76676677   0.532428203465
 0.76776777   0.532517310492
 0.76876877   0.532608124146
 0.76976977   0.532700644582
 0.77077077   0.532794871956
 0.77177177   0.532890806430
 0.77277277   0.532988448168
 0.77377377   0.533087797337
 0.77477477   0.533188854106
 0.77577578   0.533291618647
 0.77677678   0.533396091137
 0.77777778   0.533502271753
 0.77877878   0.533610160677
 0.77977978   0.533719758094
 0.78078078   0.533831064190
 0.78178178   0.533944079156
 0.78278278   0.534058803184
 0.78378378   0.534175236472
 0.78478478   0.534293379218
 0.78578579   0.534413231624
 0.78678679   0.534534793895
 0.78778779   0.534658066239
 0.78878879   0.534783048866
 0.78978979   0.534909741990
 0.79079079   0.535038145829
 0.79179179   0.535168260602
 0.79279279   0.535300086530
 0.79379379   0.535433623841
 0.79479479   0.535568872763
 0.79579580   0.535705833526
 0.79679680   0.535844506366
 0.79779780   0.535984891520
 0.79879880   0.536126989229
 0.79979980   0.536270799735
 0.80080080   0.536416323285
 0.80180180   0.536563560129
 0.80280280   0.536712510518
 0.80380380   0.536863174708
 0.80480480   0.537015552957
 0.80580581   0.537169645527
 0.80680681   0.537325452681
 0.80780781   0.537482974686
 0.80880881   0.537642211814
 0.80980981   0.537803164337
 0.81081081   0.537965832530
 0.81181181   0.538130216674
 0.81281281   0.538296317050
 0.81381381   0.538464133944
 0.81481481   0.538633667643
 0.81581582   0.538804918439
 0.81681682   0.538977886625
 0.81781782   0.539152572499
 0.81881882   0.539328976360
 0.81981982   0.539507098513
 0.82082082   0.539686939263
 0.82182182   0.539868498918
 0.82282282   0.540051777792
 0.82382382   0.540236776199
 0.82482482   0.540423494458
 0.82582583   0.540611932889
 0.82682683   0.540802091817
 0.82782783   0.540993971569
 0.82882883   0.541187572475
 0.82982983   0.541382894869
 0.83083083   0.541579939086
 0.83183183   0.541778705467
 0.83283283   0.541979194353
 0.83383383   0.542181406089
 0.83483483   0.542385341025
 0.83583584   0.542590999512
 0.83683684   0.542798381903
 0.83783784   0.543007488557
 0.83883884   0.543218319835
 0.83983984   0.543430876099
 0.84084084   0.543645157718
 0.84184184   0.543861165059
 0.84284284   0.544078898497
 0.84384384   0.544298358406
 0.84484484   0.544519545167
 0.84584585   0.544742459161
 0.84684685   0.544967100772
 0.84784785   0.545193470390
 0.84884885   0.545421568405
 0.84984985   0.545651395212
 0.85085085   0.545882951208
 0.85185185   0.546116236794
 0.85285285   0.546351252372
 0.85385385   0.546587998351
 0.85485485   0.546826475138
 0.85585586   0.547066683148
 0.85685686   0.547308622796
 0.85785786   0.547552294501
 0.85885886   0.547797698685
 0.85985986   0.548044835773
 0.86086086   0.548293706195
 0.86186186   0.548544310380
 0.86286286   0.548796648764
 0.86386386   0.549050721785
 0.86486486   0.549306529882
 0.86586587   0.549564073501
 0.86686687   0.549823353088
 0.86786787   0.550084369093
 0.86886887   0.550347121969
 0.86986987   0.550611612174
 0.87087087   0.550877840166
 0.87187187   0.551145806408
 0.87287287   0.551415511366
 0.87387387   0.551686955510
 0.87487487   0.551960139310
 0.87587588   0.552235063243
 0.87687688   0.552511727788
 0.87787788   0.552790133424
 0.87887888   0.553070280639
 0.87987988   0.553352169918
 0.88088088   0.553635801755
 0.88188188   0.553921176642
 0.88288288   0.554208295077
 0.88388388   0.554497157562
 0.88488488   0.554787764600
 0.88588589   0.555080116697
 0.88688689   0.555374214365
 0.88788789   0.555670058116
 0.88888889   0.555967648468
 0.88988989   0.556266985939
 0.89089089   0.556568071054
 0.89189189   0.556870904339
 0.89289289   0.557175486322
 0.89389389   0.557481817537
 0.89489489   0.557789898520
 0.89589590   0.558099729809
 0.89689690   0.558411311948
 0.89789790   0.558724645481
 0.89889890   0.559039730958
 0.89989990   0.559356568930
 0.90090090   0.559675159954
 0.90190190   0.559995504587
 0.90290290   0.560317603392
 0.90390390   0.560641456933
 0.90490490   0.560967065780
 0.90590591   0.561294430502
 0.90690691   0.561623551677
 0.90790791   0.561954429881
 0.90890891   0.562287065696
 0.90990991   0.562621459707
 0.91091091   0.562957612502
 0.91191191   0.563295524673
 0.91291291   0.563635196813
 0.91391391   0.563976629521
 0.91491491   0.564319823398
 0.91591592   0.564664779048
 0.91691692   0.565011497080
 0.91791792   0.565359978104
 0.91891892   0.565710222736
 0.91991992   0.566062231592
 0.92092092   0.566416005294
 0.92192192   0.566771544466
 0.92292292   0.567128849737
 0.92392392   0.567487921736
 0.92492492   0.567848761100
 0.92592593   0.568211368466
 0.92692693   0.568575744474
 0.92792793   0.568941889770
 0.92892893   0.569309805001
 0.92992993   0.569679490819
 0.93093093   0.570050947878
 0.93193193   0.570424176837
 0.93293293   0.570799178357
 0.93393393   0.571175953102
 0.93493493   0.571554501741
 0.93593594   0.571934824946
 0.93693694   0.572316923392
 0.93793794   0.572700797757
 0.93893894   0.573086448722
 0.93993994   0.573473876974
 0.94094094   0.573863083201
 0.94194194   0.574254068095
 0.94294294   0.574646832351
 0.94394394   0.575041376670
 0.94494494   0.575437701752
 0.94594595   0.575835808304
 0.94694695   0.576235697036
 0.94794795   0.576637368659
 0.94894895   0.577040823892
 0.94994995   0.577446063452
 0.95095095   0.577853088064
 0.95195195   0.578261898454
 0.95295295   0.578672495352
 0.95395395   0.579084879493
 0.95495495   0.579499051612
 0.95595596   0.579915012451
 0.95695696   0.580332762755
 0.95795796   0.580752303270
 0.95895896   0.581173634748
 0.95995996   0.581596757945
 0.96096096   0.582021673617
 0.96196196   0.582448382526
 0.96296296   0.582876885440
 0.96396396   0.583307183125
 0.96496496   0.583739276355
 0.96596597   0.584173165905
 0.96696697   0.584608852555
 0.96796797   0.585046337089
 0.96896897   0.585485620293
 0.96996997   0.585926702957
 0.97097097   0.586369585875
 0.97197197   0.586814269845
 0.97297297   0.587260755668
 0.97397397   0.587709044148
 0.97497497   0.588159136094
 0.97597598   0.588611032317
 0.97697698   0.589064733634
 0.97797798   0.589520240863
 0.97897898   0.589977554827
 0.97997998   0.590436676352
 0.98098098   0.590897606269
 0.98198198   0.591360345412
 0.98298298   0.591824894617
 0.98398398   0.592291254726
 0.98498498   0.592759426584
 0.98598599   0.593229411038
 0.98698699   0.593701208942
 0.98798799   0.594174821151
 0.98898899   0.594650248523
 0.98998999   0.595127491924
 0.99099099   0.595606552218
 0.99199199   0.596087430278
 0.99299299   0.596570126977
 0.99399399   0.597054643193
 0.99499499   0.597540979809
 0.99599600   0.598029137709
 0.99699700   0.598519117783
 0.99799800   0.599010920925
 0.99899900   0.599504548030
 1.00000000   0.600000000000


# Solution for b = 0.70
 0.00000000   1.000000000000
 0.00100100   0.998646528218
 0.00200200   0.997295776479
 0.00300300   0.995947741112
 0.00400400   0.994602418458
 0.00500501   0.993259804870
 0.00600601   0.991919896712
 0.00700701   0.990582690363
 0.00800801   0.989248182211
 0.00900901   0.987916368659
 0.01001001   0.986587246120
 0.01101101   0.985260811020
 0.01201201   0.983937059796
 0.01301301   0.982615988898
 0.01401401   0.981297594787
 0.01501502   0.979981873938
 0.01601602   0.978668822834
 0.01701702   0.977358437972
 0.01801802   0.976050715862
 0.01901902   0.974745653023
 0.02002002   0.973443245986
 0.02102102   0.972143491296
 0.02202202   0.970846385507
 0.02302302   0.969551925185
 0.02402402   0.968260106909
 0.02502503   0.966970927266
 0.02602603   0.965684382859
 0.02702703   0.964400470298
 0.02802803   0.963119186207
 0.02902903   0.961840527220
 0.03003003   0.960564489982
 0.03103103   0.959291071151
 0.03203203   0.958020267394
 0.03303303   0.956752075390
 0.03403403   0.955486491828
 0.03503504   0.954223513411
 0.03603604   0.952963136849
 0.03703704   0.951705358865
 0.03803804   0.950450176193
 0.03903904   0.949197585577
 0.04004004   0.947947583773
 0.04104104   0.946700167547
 0.04204204   0.945455333675
 0.04304304   0.944213078945
 0.04404404   0.942973400154
 0.04504505   0.941736294112
 0.04604605   0.940501757638
 0.04704705   0.939269787561
 0.04804805   0.938040380721
 0.04904905   0.936813533970
 0.05005005   0.935589244168
 0.05105105   0.934367508186
 0.05205205   0.933148322908
 0.05305305   0.931931685224
 0.05405405   0.930717592037
 0.05505506   0.929506040259
 0.05605606   0.928297026815
 0.05705706   0.927090548635
 0.05805806   0.925886602665
 0.05905906   0.924685185856
 0.06006006   0.923486295172
 0.06106106   0.922289927587
 0.06206206   0.921096080083
 0.06306306   0.919904749653
 0.06406406   0.918715933302
 0.06506507   0.917529628041
 0.06606607   0.916345830894
 0.06706707   0.915164538894
 0.06806807   0.913985749082
 0.06906907   0.912809458511
 0.07007007   0.911635664243
 0.07107107   0.910464363350
 0.07207207   0.909295552912
 0.07307307   0.908129230021
 0.07407407   0.906965391776
 0.07507508   0.905804035289
 0.07607608   0.904645157677
 0.07707708   0.903488756071
 0.07807808   0.902334827609
 0.07907908   0.901183369438
 0.08008008   0.900034378716
 0.08108108   0.898887852609
 0.08208208   0.897743788293
 0.08308308   0.896602182953
 0.08408408   0.895463033784
 0.08508509   0.894326337989
 0.08608609   0.893192092781
 0.08708709   0.892060295383
 0.08808809   0.890930943025
 0.08908909   0.889804032947
 0.09009009   0.888679562399
 0.09109109   0.887557528640
 0.09209209   0.886437928936
 0.09309309   0.885320760564
 0.09409409   0.884206020809
 0.09509510   0.883093706966
 0.09609610   0.881983816338
 0.09709710   0.880876346236
 0.09809810   0.879771293981
 0.09909910   0.878668656903
 0.10010010   0.877568432341
 0.10110110   0.876470617642
 0.10210210   0.875375210161
 0.10310310   0.874282207263
 0.10410410   0.873191606321
 0.10510511   0.872103404718
 0.10610611   0.871017599843
 0.10710711   0.869934189095
 0.10810811   0.868853169883
 0.10910911   0.867774539622
 0.11011011   0.866698295736
 0.11111111   0.865624435660
 0.11211211   0.864552956834
 0.11311311   0.863483856709
 0.11411411   0.862417132742
 0.11511512   0.861352782400
 0.11611612   0.860290803158
 0.11711712   0.859231192500
 0.11811812   0.858173947917
 0.11911912   0.857119066909
 0.12012012   0.856066546984
 0.12112112   0.855016385658
 0.12212212   0.853968580455
 0.12312312   0.852923128908
 0.12412412   0.851880028558
 0.12512513   0.850839276954
 0.12612613   0.849800871651
 0.12712713   0.848764810216
 0.12812813   0.847731090221
 0.12912913   0.846699709246
 0.13013013   0.845670664881
 0.13113113   0.844643954722
 0.13213213   0.843619576375
 0.13313313   0.842597527451
 0.13413413   0.841577805571
 0.13513514   0.840560408363
 0.13613614   0.839545333464
 0.13713714   0.838532578517
 0.13813814   0.837522141174
 0.13913914   0.836514019094
 0.14014014   0.835508209945
 0.14114114   0.834504711401
 0.14214214   0.833503521144
 0.14314314   0.832504636866
 0.14414414   0.831508056262
 0.14514515   0.830513777040
 0.14614615   0.829521796912
 0.14714715   0.828532113598
 0.14814815   0.827544724826
 0.14914915   0.826559628332
 0.15015015   0.825576821859
 0.15115115   0.824596303157
 0.15215215   0.823618069984
 0.15315315   0.822642120106
 0.15415415   0.821668451295
 0.15515516   0.820697061331
 0.15615616   0.819727948001
 0.15715716   0.818761109102
 0.15815816   0.817796542433
 0.15915916   0.816834245806
 0.16016016   0.815874217036
 0.16116116   0.814916453947
 0.16216216   0.813960954370
 0.16316316   0.813007716144
 0.16416416   0.812056737114
 0.16516517   0.811108015132
 0.16616617   0.810161548059
 0.16716717   0.809217333761
 0.16816817   0.808275370112
 0.16916917   0.807335654992
 0.17017017   0.806398186291
 0.17117117   0.805462961902
 0.17217217   0.804529979729
 0.17317317   0.803599237679
 0.17417417   0.802670733670
 0.17517518   0.801744465623
 0.17617618   0.800820431470
 0.17717718   0.799898629146
 0.17817818   0.798979056595
 0.17917918   0.798061711768
 0.18018018   0.797146592622
 0.18118118   0.796233697121
 0.18218218   0.795323023236
 0.18318318   0.794414568946
 0.18418418   0.793508332233
 0.18518519   0.792604311091
 0.18618619   0.791702503516
 0.18718719   0.790802907514
 0.18818819   0.789905521095
 0.18918919   0.789010342279
 0.19019019   0.788117369088
 0.19119119   0.787226599556
 0.19219219   0.786338031719
 0.19319319   0.785451663623
 0.19419419   0.784567493318
 0.19519520   0.783685518862
 0.19619620   0.782805738318
 0.19719720   0.781928149759
 0.19819820   0.781052751261
 0.19919920   0.780179540907
 0.20020020   0.779308516789
 0.20120120   0.778439677001
 0.20220220   0.777573019648
 0.20320320   0.776708542839
 0.20420420   0.775846244689
 0.20520521   0.774986123321
 0.20620621   0.774128176863
 0.20720721   0.773272403450
 0.20820821   0.772418801223
 0.20920921   0.771567368330
 0.21021021   0.770718102924
 0.21121121   0.769871003166
 0.21221221   0.769026067221
 0.21321321   0.768183293262
 0.21421421   0.767342679469
 0.21521522   0.766504224025
 0.21621622   0.765667925121
 0.21721722   0.764833780956
 0.21821822   0.764001789733
 0.21921922   0.763171949660
 0.22022022   0.762344258954
 0.22122122   0.761518715836
 0.22222222   0.760695318534
 0.22322322   0.759874065282
 0.22422422   0.759054954321
 0.22522523   0.758237983894
 0.22622623   0.757423152256
 0.22722723   0.756610457664
 0.22822823   0.755799898381
 0.22922923   0.754991472678
 0.23023023   0.754185178830
 0.23123123   0.753381015120
 0.23223223   0.752578979834
 0.23323323   0.751779071267
 0.23423423   0.750981287718
 0.23523524   0.750185627493
 0.23623624   0.749392088902
 0.23723724   0.748600670263
 0.23823824   0.747811369898
 0.23923924   0.747024186137
 0.24024024   0.746239117314
 0.24124124   0.745456161769
 0.24224224   0.744675317848
 0.24324324   0.743896583902
 0.24424424   0.743119958291
 0.24524525   0.742345439376
 0.24624625   0.741573025527
 0.24724725   0.740802715118
 0.24824825   0.740034506529
 0.24924925   0.739268398148
 0.25025025   0.738504388364
 0.25125125   0.737742475576
 0.25225225   0.736982658187
 0.25325325   0.736224934604
 0.25425425   0.735469303242
 0.25525526   0.734715762521
 0.25625626   0.733964310866
 0.25725726   0.733214946707
 0.25825826   0.732467668481
 0.25925926   0.731722474630
 0.26026026   0.730979363601
 0.26126126   0.730238333846
 0.26226226   0.729499383825
 0.26326326   0.728762512000
 0.26426426   0.728027716842
 0.26526527   0.727294996824
 0.26626627   0.726564350427
 0.26726727   0.725835776136
 0.26826827   0.725109272442
 0.26926927   0.724384837841
 0.27027027   0.723662470835
 0.27127127   0.722942169932
 0.27227227   0.722223933642
 0.27327327   0.721507760484
 0.27427427   0.720793648981
 0.27527528   0.720081597661
 0.27627628   0.719371605058
 0.27727728   0.718663669710
 0.27827828   0.717957790162
 0.27927928   0.717253964963
 0.28028028   0.716552192668
 0.28128128   0.715852471836
 0.28228228   0.715154801032
 0.28328328   0.714459178827
 0.28428428   0.713765603797
 0.28528529   0.713074074521
 0.28628629   0.712384589586
 0.28728729   0.711697147582
 0.28828829   0.711011747106
 0.28928929   0.710328386758
 0.29029029   0.709647065146
 0.29129129   0.708967780881
 0.29229229   0.708290532578
 0.29329329   0.707615318861
 0.29429429   0.706942138354
 0.29529530   0.706270989691
 0.29629630   0.705601871508
 0.29729730   0.704934782447
 0.29829830   0.704269721154
 0.29929930   0.703606686282
 0.30030030   0.702945676487
 0.30130130   0.702286690431
 0.30230230   0.701629726781
 0.30330330   0.700974784210
 0.30430430   0.700321861392
 0.30530531   0.699670957011
 0.30630631   0.699022069753
 0.30730731   0.698375198309
 0.30830831   0.697730341376
 0.30930931   0.697087497655
 0.31031031   0.696446665852
 0.31131131   0.695807844679
 0.31231231   0.695171032852
 0.31331331   0.694536229091
 0.31431431   0.693903432122
 0.31531532   0.693272640675
 0.31631632   0.692643853486
 0.31731732   0.692017069295
 0.31831832   0.691392286847
 0.31931932   0.690769504892
 0.32032032   0.690148722184
 0.32132132   0.689529937483
 0.32232232   0.688913149552
 0.32332332   0.688298357160
 0.32432432   0.687685559081
 0.32532533   0.687074754094
 0.32632633   0.686465940980
 0.32732733   0.685859118528
 0.32832833   0.685254285530
 0.32932933   0.684651440784
 0.33033033   0.684050583091
 0.33133133   0.683451711257
 0.33233233   0.682854824093
 0.33333333   0.682259920416
 0.33433433   0.681666999045
 0.33533534   0.681076058806
 0.33633634   0.680487098528
 0.33733734   0.679900117046
 0.33833834   0.679315113198
 0.33933934   0.678732085827
 0.34034034   0.678151033782
 0.34134134   0.677571955916
 0.34234234   0.676994851085
 0.34334334   0.676419718150
 0.34434434   0.675846555979
 0.34534535   0.675275363443
 0.34634635   0.674706139415
 0.34734735   0.674138882776
 0.34834835   0.673573592411
 0.34934935   0.673010267208
 0.35035035   0.672448906061
 0.35135135   0.671889507867
 0.35235235   0.671332071528
 0.35335335   0.670776595951
 0.35435435   0.670223080048
 0.35535536   0.669671522734
 0.35635636   0.669121922929
 0.35735736   0.668574279557
 0.35835836   0.668028591547
 0.35935936   0.667484857833
 0.36036036   0.666943077351
 0.36136136   0.666403249046
 0.36236236   0.665865371862
 0.36336336   0.665329444750
 0.36436436   0.664795466666
 0.36536537   0.664263436569
 0.36636637   0.663733353424
 0.36736737   0.663205216198
 0.36836837   0.662679023863
 0.36936937   0.662154775398
 0.37037037   0.661632469782
 0.37137137   0.661112106002
 0.37237237   0.660593683048
 0.37337337   0.660077199912
 0.37437437   0.659562655595
 0.37537538   0.659050049098
 0.37637638   0.658539379428
 0.37737738   0.658030645597
 0.37837838   0.657523846619
 0.37937938   0.657018981515
 0.38038038   0.656516049309
 0.38138138   0.656015049028
 0.38238238   0.655515979705
 0.38338338   0.655018840377
 0.38438438   0.654523630084
 0.38538539   0.654030347871
 0.38638639   0.653538992788
 0.38738739   0.653049563887
 0.38838839   0.652562060227
 0.38938939   0.652076480868
 0.39039039   0.651592824877
 0.39139139   0.651111091324
 0.39239239   0.650631279283
 0.39339339   0.650153387831
 0.39439439   0.649677416053
 0.39539540   0.649203363033
 0.39639640   0.648731227862
 0.39739740   0.648261009636
 0.39839840   0.647792707453
 0.39939940   0.647326320416
 0.40040040   0.646861847632
 0.40140140   0.646399288213
 0.40240240   0.645938641272
 0.40340340   0.645479905930
 0.40440440   0.645023081310
 0.40540541   0.644568166540
 0.40640641   0.644115160749
 0.40740741   0.643664063075
 0.40840841   0.643214872656
 0.40940941   0.642767588635
 0.41041041   0.642322210162
 0.41141141   0.641878736386
 0.41241241   0.641437166463
 0.41341341   0.640997499553
 0.41441441   0.640559734820
 0.41541542   0.640123871430
 0.41641642   0.639689908556
 0.41741742   0.639257845372
 0.41841842   0.638827681059
 0.41941942   0.638399414798
 0.42042042   0.637973045779
 0.42142142   0.637548573192
 0.42242242   0.637125996231
 0.42342342   0.636705314097
 0.42442442   0.636286525993
 0.42542543   0.635869631125
 0.42642643   0.635454628704
 0.42742743   0.635041517944
 0.42842843   0.634630298066
 0.42942943   0.634220968291
 0.43043043   0.633813527846
 0.43143143   0.633407975960
 0.43243243   0.633004311869
 0.43343343   0.632602534811
 0.43443443   0.632202644027
 0.43543544   0.631804638764
 0.43643644   0.631408518270
 0.43743744   0.631014281800
 0.43843844   0.630621928611
 0.43943944   0.630231457964
 0.44044044   0.629842869125
 0.44144144   0.629456161361
 0.44244244   0.629071333947
 0.44344344   0.628688386158
 0.44444444   0.628307317274
 0.44544545   0.627928126581
 0.44644645   0.627550813365
 0.44744745   0.627175376919
 0.44844845   0.626801816538
 0.44944945   0.626430131521
 0.45045045   0.626060321172
 0.45145145   0.625692384797
 0.45245245   0.625326321708
 0.45345345   0.624962131217
 0.45445445   0.624599812644
 0.45545546   0.624239365310
 0.45645646   0.623880788542
 0.45745746   0.623524081668
 0.45845846   0.623169244021
 0.45945946   0.622816274939
 0.46046046   0.622465173761
 0.46146146   0.622115939833
 0.46246246   0.621768572502
 0.46346346   0.621423071120
 0.46446446   0.621079435042
 0.46546547   0.620737663628
 0.46646647   0.620397756240
 0.46746747   0.620059712245
 0.46846847   0.619723531013
 0.46946947   0.619389211918
 0.47047047   0.619056754337
 0.47147147   0.618726157652
 0.47247247   0.618397421248
 0.47347347   0.618070544512
 0.47447447   0.617745526838
 0.47547548   0.617422367621
 0.47647648   0.617101066261
 0.47747748   0.616781622161
 0.47847848   0.616464034728
 0.47947948   0.616148303372
 0.48048048   0.615834427507
 0.48148148   0.615522406550
 0.48248248   0.615212239924
 0.48348348   0.614903927054
 0.48448448   0.614597467367
 0.48548549   0.614292860296
 0.48648649   0.613990105276
 0.48748749   0.613689201748
 0.48848849   0.613390149153
 0.48948949   0.613092946939
 0.49049049   0.612797594556
 0.49149149   0.612504091457
 0.49249249   0.612212437100
 0.49349349   0.611922630945
 0.49449449   0.611634672458
 0.49549550   0.611348561105
 0.49649650   0.611064296359
 0.49749750   0.610781877695
 0.49849850   0.610501304592
 0.49949950   0.610222576531
 0.50050050   0.609945692999
 0.50150150   0.609670653485
 0.50250250   0.609397457482
 0.50350350   0.609126104486
 0.50450450   0.608856593997
 0.50550551   0.608588925519
 0.50650651   0.608323098559
 0.50750751   0.608059112627
 0.50850851   0.607796967237
 0.50950951   0.607536661907
 0.51051051   0.607278196158
 0.51151151   0.607021569515
 0.51251251   0.606766781505
 0.51351351   0.606513831661
 0.51451451   0.606262719517
 0.51551552   0.606013444612
 0.51651652   0.605766006488
 0.51751752   0.605520404691
 0.51851852   0.605276638769
 0.51951952   0.605034708275
 0.52052052   0.604794612766
 0.52152152   0.604556351800
 0.52252252   0.604319924941
 0.52352352   0.604085331755
 0.52452452   0.603852571812
 0.52552553   0.603621644685
 0.52652653   0.603392549952
 0.52752753   0.603165287191
 0.52852853   0.602939855988
 0.52952953   0.602716255929
 0.53053053   0.602494486604
 0.53153153   0.602274547609
 0.53253253   0.602056438540
 0.53353353   0.601840158998
 0.53453453   0.601625708587
 0.53553554   0.601413086916
 0.53653654   0.601202293596
 0.53753754   0.600993328241
 0.53853854   0.600786190469
 0.53953954   0.600580879902
 0.54054054   0.600377396164
 0.54154154   0.600175738885
 0.54254254   0.599975907695
 0.54354354   0.599777902230
 0.54454454   0.599581722128
 0.54554555   0.599387367032
 0.54654655   0.599194836586
 0.54754755   0.599004130439
 0.54854855   0.598815248245
 0.54954955   0.598628189657
 0.55055055   0.598442954334
 0.55155155   0.598259541941
 0.55255255   0.598077952141
 0.55355355   0.597898184604
 0.55455455   0.597720239002
 0.55555556   0.597544115011
 0.55655656   0.597369812311
 0.55755756   0.597197330584
 0.55855856   0.597026669516
 0.55955956   0.596857828796
 0.56056056   0.596690808118
 0.56156156   0.596525607176
 0.56256256   0.596362225670
 0.56356356   0.596200663303
 0.56456456   0.596040919782
 0.56556557   0.595882994816
 0.56656657   0.595726888117
 0.56756757   0.595572599401
 0.56856857   0.595420128389
 0.56956957   0.595269474803
 0.57057057   0.595120638370
 0.57157157   0.594973618818
 0.57257257   0.594828415881
 0.57357357   0.594685029296
 0.57457457   0.594543458800
 0.57557558   0.594403704139
 0.57657658   0.594265765057
 0.57757758   0.594129641305
 0.57857858   0.593995332634
 0.57957958   0.593862838803
 0.58058058   0.593732159569
 0.58158158   0.593603294696
 0.58258258   0.593476243951
 0.58358358   0.593351007102
 0.58458458   0.593227583923
 0.58558559   0.593105974189
 0.58658659   0.592986177681
 0.58758759   0.592868194180
 0.58858859   0.592752023474
 0.58958959   0.592637665351
 0.59059059   0.592525119604
 0.59159159   0.592414386030
 0.59259259   0.592305464427
 0.59359359   0.592198354599
 0.59459459   0.592093056350
 0.59559560   0.591989569491
 0.59659660   0.591887893835
 0.59759760   0.591788029196
 0.59859860   0.591689975394
 0.59959960   0.591593732251
 0.60060060   0.591499299594
 0.60160160   0.591406677251
 0.60260260   0.591315865055
 0.60360360   0.591226862840
 0.60460460   0.591139670447
 0.60560561   0.591054287718
 0.60660661   0.590970714497
 0.60760761   0.590888950633
 0.60860861   0.590808995980
 0.60960961   0.590730850391
 0.61061061   0.590654513726
 0.61161161   0.590579985847
 0.61261261   0.590507266618
 0.61361361   0.590436355909
 0.61461461   0.590367253591
 0.61561562   0.590299959538
 0.61661662   0.590234473630
 0.61761762   0.590170795748
 0.61861862   0.590108925777
 0.61961962   0.590048863605
 0.62062062   0.589990609123
 0.62162162   0.589934162227
 0.62262262   0.589879522813
 0.62362362   0.589826690784
 0.62462462   0.589775666044
 0.62562563   0.589726448500
 0.62662663   0.589679038064
 0.62762763   0.589633434650
 0.62862863   0.589589638175
 0.62962963   0.589547648561
 0.63063063   0.589507465732
 0.63163163   0.589469089615
 0.63263263   0.589432520140
 0.63363363   0.589397757242
 0.63463463   0.589364800857
 0.63563564   0.589333650927
 0.63663664   0.589304307395
 0.63763764   0.589276770208
 0.63863864   0.589251039316
 0.63963964   0.589227114673
 0.64064064   0.589204996236
 0.64164164   0.589184683964
 0.64264264   0.589166177821
 0.64364364   0.589149477773
 0.64464464   0.589134583791
 0.64564565   0.589121495847
 0.64664665   0.589110213918
 0.64764765   0.589100737984
 0.64864865   0.589093068026
 0.64964965   0.589087204033
 0.65065065   0.589083145992
 0.65165165   0.589080893896
 0.65265265   0.589080447742
 0.65365365   0.589081807529
 0.65465465   0.589084973259
 0.65565566   0.589089944938
 0.65665666   0.589096722574
 0.65765766   0.589105306181
 0.65865866   0.589115695773
 0.65965966   0.589127891369
 0.66066066   0.589141892992
 0.66166166   0.589157700667
 0.66266266   0.589175314421
 0.66366366   0.589194734288
 0.66466466   0.589215960302
 0.66566567   0.589238992501
 0.66666667   0.589263830927
 0.66766767   0.589290475625
 0.66866867   0.589318926643
 0.66966967   0.589349184032
 0.67067067   0.589381247847
 0.67167167   0.589415118147
 0.67267267   0.589450794991
 0.67367367   0.589488278446
 0.67467467   0.589527568577
 0.67567568   0.589568665457
 0.67667668   0.589611569159
 0.67767768   0.589656279762
 0.67867868   0.589702797345
 0.67967968   0.589751121993
 0.68068068   0.589801253794
 0.68168168   0.589853192837
 0.68268268   0.589906939217
 0.68368368   0.589962493031
 0.68468468   0.590019854380
 0.68568569   0.590079023366
 0.68668669   0.590140000097
 0.68768769   0.590202784684
 0.68868869   0.590267377239
 0.68968969   0.590333777879
 0.69069069   0.590401986725
 0.69169169   0.590472003900
 0.69269269   0.590543829531
 0.69369369   0.590617463746
 0.69469469   0.590692906681
 0.69569570   0.590770158470
 0.69669670   0.590849219254
 0.69769770   0.590930089176
 0.69869870   0.591012768382
 0.69969970   0.591097257022
 0.70070070   0.591183555248
 0.70170170   0.591271663217
 0.70270270   0.591361581088
 0.70370370   0.591453309024
 0.70470470   0.591546847191
 0.70570571   0.591642195759
 0.70670671   0.591739354899
 0.70770771   0.591838324789
 0.70870871   0.591939105606
 0.70970971   0.592041697534
 0.71071071   0.592146100759
 0.71171171   0.592252315469
 0.71271271   0.592360341857
 0.71371371   0.592470180119
 0.71471471   0.592581830453
 0.71571572   0.592695293062
 0.71671672   0.592810568153
 0.71771772   0.592927655932
 0.71871872   0.593046556614
 0.71971972   0.593167270413
 0.72072072   0.593289797548
 0.72172172   0.593414138242
 0.72272272   0.593540292720
 0.72372372   0.593668261211
 0.72472472   0.593798043947
 0.72572573   0.593929641163
 0.72672673   0.594063053099
 0.72772773   0.594198279996
 0.72872873   0.594335322100
 0.72972973   0.594474179659
 0.73073073   0.594614852927
 0.73173173   0.594757342157
 0.73273273   0.594901647610
 0.73373373   0.595047769546
 0.73473473   0.595195708232
 0.73573574   0.595345463936
 0.73673674   0.595497036931
 0.73773774   0.595650427492
 0.73873874   0.595805635897
 0.73973974   0.595962662429
 0.74074074   0.596121507374
 0.74174174   0.596282171020
 0.74274274   0.596444653660
 0.74374374   0.596608955588
 0.74474474   0.596775077105
 0.74574575   0.596943018511
 0.74674675   0.597112780114
 0.74774775   0.597284362222
 0.74874875   0.597457765147
 0.74974975   0.597632989206
 0.75075075   0.597810034716
 0.75175175   0.597988902002
 0.75275275   0.598169591388
 0.75375375   0.598352103204
 0.75475475   0.598536437783
 0.75575576   0.598722595460
 0.75675676   0.598910576575
 0.75775776   0.599100381472
 0.75875876   0.599292010495
 0.75975976   0.599485463995
 0.76076076   0.599680742324
 0.76176176   0.599877845839
 0.76276276   0.600076774901
 0.76376376   0.600277529871
 0.76476476   0.600480111117
 0.76576577   0.600684519008
 0.76676677   0.600890753918
 0.76776777   0.601098816225
 0.76876877   0.601308706307
 0.76976977   0.601520424549
 0.77077077   0.601733971338
 0.77177177   0.601949347064
 0.77277277   0.602166552122
 0.77377377   0.602385586908
 0.77477477   0.602606451824
 0.77577578   0.602829147273
 0.77677678   0.603053673665
 0.77777778   0.603280031408
 0.77877878   0.603508220919
 0.77977978   0.603738242615
 0.78078078   0.603970096918
 0.78178178   0.604203784253
 0.78278278   0.604439305047
 0.78378378   0.604676659734
 0.78478478   0.604915848748
 0.78578579   0.605156872528
 0.78678679   0.605399731517
 0.78778779   0.605644426159
 0.78878879   0.605890956905
 0.78978979   0.606139324207
 0.79079079   0.606389528521
 0.79179179   0.606641570307
 0.79279279   0.606895450029
 0.79379379   0.607151168152
 0.79479479   0.607408725147
 0.79579580   0.607668121488
 0.79679680   0.607929357651
 0.79779780   0.608192434118
 0.79879880   0.608457351373
 0.79979980   0.608724109903
 0.80080080   0.608992710200
 0.80180180   0.609263152759
 0.80280280   0.609535438077
 0.80380380   0.609809566657
 0.80480480   0.610085539003
 0.80580581   0.610363355626
 0.80680681   0.610643017037
 0.80780781   0.610924523752
 0.80880881   0.611207876291
 0.80980981   0.611493075176
 0.81081081   0.611780120936
 0.81181181   0.612069014099
 0.81281281   0.612359755200
 0.81381381   0.612652344775
 0.81481481   0.612946783366
 0.81581582   0.613243071518
 0.81681682   0.613541209778
 0.81781782   0.613841198698
 0.81881882   0.614143038834
 0.81981982   0.614446730743
 0.82082082   0.614752274990
 0.82182182   0.615059672139
 0.82282282   0.615368922760
 0.82382382   0.615680027427
 0.82482482   0.615992986717
 0.82582583   0.616307801209
 0.82682683   0.616624471489
 0.82782783   0.616942998144
 0.82882883   0.617263381765
 0.82982983   0.617585622948
 0.83083083   0.617909722290
 0.83183183   0.618235680395
 0.83283283   0.618563497868
 0.83383383   0.618893175320
 0.83483483   0.619224713362
 0.83583584   0.619558112613
 0.83683684   0.619893373693
 0.83783784   0.620230497226
 0.83883884   0.620569483840
 0.83983984   0.620910334167
 0.84084084   0.621253048842
 0.84184184   0.621597628505
 0.84284284   0.621944073797
 0.84384384   0.622292385366
 0.84484484   0.622642563862
 0.84584585   0.622994609937
 0.84684685   0.623348524251
 0.84784785   0.623704307465
 0.84884885   0.624061960243
 0.84984985   0.624421483254
 0.85085085   0.624782877170
 0.85185185   0.625146142669
 0.85285285   0.625511280430
 0.85385385   0.625878291136
 0.85485485   0.626247175476
 0.85585586   0.626617934140
 0.85685686   0.626990567824
 0.85785786   0.627365077226
 0.85885886   0.627741463049
 0.85985986   0.628119726000
 0.86086086   0.628499866788
 0.86186186   0.628881886128
 0.86286286   0.629265784737
 0.86386386   0.629651563337
 0.86486486   0.630039222653
 0.86586587   0.630428763415
 0.86686687   0.630820186355
 0.86786787   0.631213492211
 0.86886887   0.631608681724
 0.86986987   0.632005755636
 0.87087087   0.632404714698
 0.87187187   0.632805559662
 0.87287287   0.633208291283
 0.87387387   0.633612910321
 0.87487487   0.634019417540
 0.87587588   0.634427813709
 0.87687688   0.634838099598
 0.87787788   0.635250275983
 0.87887888   0.635664343644
 0.87987988   0.636080303363
 0.88088088   0.636498155929
 0.88188188   0.636917902131
 0.88288288   0.637339542766
 0.88388388   0.637763078631
 0.88488488   0.638188510530
 0.88588589   0.638615839270
 0.88688689   0.639045065661
 0.88788789   0.639476190519
 0.88888889   0.639909214661
 0.88988989   0.640344138910
 0.89089089   0.640780964094
 0.89189189   0.641219691042
 0.89289289   0.641660320589
 0.89389389   0.642102853573
 0.89489489   0.642547290838
 0.89589590   0.642993633229
 0.89689690   0.643441881597
 0.89789790   0.643892036797
 0.89889890   0.644344099687
 0.89989990   0.644798071131
 0.90090090   0.645253951993
 0.90190190   0.645711743146
 0.90290290   0.646171445463
 0.90390390   0.646633059824
 0.90490490   0.647096587112
 0.90590591   0.647562028213
 0.90690691   0.648029384018
 0.90790791   0.648498655423
 0.90890891   0.648969843326
 0.90990991   0.649442948631
 0.91091091   0.649917972245
 0.91191191   0.650394915079
 0.91291291   0.650873778050
 0.91391391   0.651354562077
 0.91491491   0.651837268083
 0.91591592   0.652321896997
 0.91691692   0.652808449750
 0.91791792   0.653296927280
 0.91891892   0.653787330527
 0.91991992   0.654279660434
 0.92092092   0.654773917951
 0.92192192   0.655270104031
 0.92292292   0.655768219632
 0.92392392   0.656268265713
 0.92492492   0.656770243242
 0.92592593   0.657274153187
 0.92692693   0.657779996523
 0.92792793   0.658287774228
 0.92892893   0.658797487285
 0.92992993   0.659309136680
 0.93093093   0.659822723404
 0.93193193   0.660338248452
 0.93293293   0.660855712825
 0.93393393   0.661375117525
 0.93493493   0.661896463561
 0.93593594   0.662419751945
 0.93693694   0.662944983694
 0.93793794   0.663472159829
 0.93893894   0.664001281375
 0.93993994   0.664532349362
 0.94094094   0.665065364823
 0.94194194   0.665600328798
 0.94294294   0.666137242328
 0.94394394   0.666676106461
 0.94494494   0.667216922248
 0.94594595   0.667759690746
 0.94694695   0.668304413013
 0.94794795   0.668851090115
 0.94894895   0.669399723120
 0.94994995   0.669950313103
 0.95095095   0.670502861140
 0.95195195   0.671057368314
 0.95295295   0.671613835712
 0.95395395   0.672172264424
 0.95495495   0.672732655547
 0.95595596   0.673295010180
 0.95695696   0.673859329428
 0.95795796   0.674425614400
 0.95895896   0.674993866208
 0.95995996   0.675564085973
 0.96096096   0.676136274815
 0.96196196   0.676710433861
 0.96296296   0.677286564244
 0.96396396   0.677864667100
 0.96496496   0.678444743568
 0.96596597   0.679026794794
 0.96696697   0.679610821929
 0.96796797   0.680196826125
 0.96896897   0.680784808543
 0.96996997   0.681374770345
 0.97097097   0.681966712700
 0.97197197   0.682560636781
 0.97297297   0.683156543764
 0.97397397   0.683754434832
 0.97497497   0.684354311171
 0.97597598   0.684956173974
 0.97697698   0.685560024434
 0.97797798   0.686165863754
 0.97897898   0.686773693139
 0.97997998   0.687383513798
 0.98098098   0.687995326946
 0.98198198   0.688609133803
 0.98298298   0.689224935592
 0.98398398   0.689842733544
 0.98498498   0.690462528890
 0.98598599   0.691084322870
 0.98698699   0.691708116726
 0.98798799   0.692333911708
 0.98898899   0.692961709066
 0.98998999   0.693591510059
 0.99099099   0.694223315950
 0.99199199   0.694857128004
 0.99299299   0.695492947495
 0.99399399   0.696130775698
 0.99499499   0.696770613896
 0.99599600   0.697412463375
 0.99699700   0.698056325426
 0.99799800   0.698702201345
 0.99899900   0.699350092435
 1.00000000   0.700000000000


# Solution for b = 0.80
 0.00000000   1.000000000000
 0.00100100   0.998719914143
 0.00200200   0.997442548529
 0.00300300   0.996167899686
 0.00400400   0.994895964153
 0.00500501   0.993626738480
 0.00600601   0.992360219232
 0.00700701   0.991096402981
 0.00800801   0.989835286315
 0.00900901   0.988576865830
 0.01001001   0.987321138137
 0.01101101   0.986068099855
 0.01201201   0.984817747618
 0.01301301   0.983570078067
 0.01401401   0.982325087860
 0.01501502   0.981082773661
 0.01601602   0.979843132149
 0.01701702   0.978606160011
 0.01801802   0.977371853950
 0.01901902   0.976140210675
 0.02002002   0.974911226909
 0.02102102   0.973684899386
 0.02202202   0.972461224850
 0.02302302   0.971240200056
 0.02402402   0.970021821773
 0.02502503   0.968806086775
 0.02602603   0.967592991854
 0.02702703   0.966382533806
 0.02802803   0.965174709444
 0.02902903   0.963969515587
 0.03003003   0.962766949067
 0.03103103   0.961567006727
 0.03203203   0.960369685419
 0.03303303   0.959174982007
 0.03403403   0.957982893366
 0.03503504   0.956793416381
 0.03603604   0.955606547945
 0.03703704   0.954422284967
 0.03803804   0.953240624361
 0.03903904   0.952061563054
 0.04004004   0.950885097984
 0.04104104   0.949711226098
 0.04204204   0.948539944354
 0.04304304   0.947371249719
 0.04404404   0.946205139172
 0.04504505   0.945041609701
 0.04604605   0.943880658305
 0.04704705   0.942722281993
 0.04804805   0.941566477783
 0.04904905   0.940413242704
 0.05005005   0.939262573795
 0.05105105   0.938114468106
 0.05205205   0.936968922694
 0.05305305   0.935825934629
 0.05405405   0.934685500989
 0.05505506   0.933547618863
 0.05605606   0.932412285349
 0.05705706   0.931279497555
 0.05805806   0.930149252600
 0.05905906   0.929021547610
 0.06006006   0.927896379723
 0.06106106   0.926773746086
 0.06206206   0.925653643855
 0.06306306   0.924536070197
 0.06406406   0.923421022287
 0.06506507   0.922308497311
 0.06606607   0.921198492464
 0.06706707   0.920091004948
 0.06806807   0.918986031979
 0.06906907   0.917883570779
 0.07007007   0.916783618580
 0.07107107   0.915686172625
 0.07207207   0.914591230164
 0.07307307   0.913498788458
 0.07407407   0.912408844776
 0.07507508   0.911321396397
 0.07607608   0.910236440609
 0.07707708   0.909153974708
 0.07807808   0.908073996002
 0.07907908   0.906996501806
 0.08008008   0.905921489444
 0.08108108   0.904848956249
 0.08208208   0.903778899564
 0.08308308   0.902711316740
 0.08408408   0.901646205138
 0.08508509   0.900583562127
 0.08608609   0.899523385085
 0.08708709   0.898465671399
 0.08808809   0.897410418465
 0.08908909   0.896357623688
 0.09009009   0.895307284480
 0.09109109   0.894259398265
 0.09209209   0.893213962473
 0.09309309   0.892170974543
 0.09409409   0.891130431925
 0.09509510   0.890092332074
 0.09609610   0.889056672456
 0.09709710   0.888023450546
 0.09809810   0.886992663826
 0.09909910   0.885964309786
 0.10010010   0.884938385928
 0.10110110   0.883914889758
 0.10210210   0.882893818793
 0.10310310   0.881875170559
 0.10410410   0.880858942588
 0.10510511   0.879845132422
 0.10610611   0.878833737612
 0.10710711   0.877824755716
 0.10810811   0.876818184300
 0.10910911   0.875814020939
 0.11011011   0.874812263216
 0.11111111   0.873812908724
 0.11211211   0.872815955060
 0.11311311   0.871821399834
 0.11411411   0.870829240660
 0.11511512   0.869839475163
 0.11611612   0.868852100974
 0.11711712   0.867867115734
 0.11811812   0.866884517091
 0.11911912   0.865904302700
 0.12012012   0.864926470227
 0.12112112   0.863951017342
 0.12212212   0.862977941727
 0.12312312   0.862007241068
 0.12412412   0.861038913061
 0.12512513   0.860072955411
 0.12612613   0.859109365828
 0.12712713   0.858148142032
 0.12812813   0.857189281749
 0.12912913   0.856232782716
 0.13013013   0.855278642673
 0.13113113   0.854326859372
 0.13213213   0.853377430570
 0.13313313   0.852430354034
 0.13413413   0.851485627535
 0.13513514   0.850543248856
 0.13613614   0.849603215785
 0.13713714   0.848665526117
 0.13813814   0.847730177657
 0.13913914   0.846797168215
 0.14014014   0.845866495611
 0.14114114   0.844938157670
 0.14214214   0.844012152226
 0.14314314   0.843088477121
 0.14414414   0.842167130202
 0.14514515   0.841248109326
 0.14614615   0.840331412356
 0.14714715   0.839417037163
 0.14814815   0.838504981624
 0.14914915   0.837595243625
 0.15015015   0.836687821058
 0.15115115   0.835782711824
 0.15215215   0.834879913830
 0.15315315   0.833979424989
 0.15415415   0.833081243224
 0.15515516   0.832185366463
 0.15615616   0.831291792642
 0.15715716   0.830400519705
 0.15815816   0.829511545601
 0.15915916   0.828624868287
 0.16016016   0.827740485729
 0.16116116   0.826858395897
 0.16216216   0.825978596770
 0.16316316   0.825101086334
 0.16416416   0.824225862581
 0.16516517   0.823352923510
 0.16616617   0.822482267129
 0.16716717   0.821613891450
 0.16816817   0.820747794494
 0.16916917   0.819883974288
 0.17017017   0.819022428867
 0.17117117   0.818163156270
 0.17217217   0.817306154547
 0.17317317   0.816451421752
 0.17417417   0.815598955946
 0.17517518   0.814748755198
 0.17617618   0.813900817582
 0.17717718   0.813055141181
 0.17817818   0.812211724083
 0.17917918   0.811370564383
 0.18018018   0.810531660184
 0.18118118   0.809695009593
 0.18218218   0.808860610727
 0.18318318   0.808028461707
 0.18418418   0.807198560662
 0.18518519   0.806370905727
 0.18618619   0.805545495043
 0.18718719   0.804722326760
 0.18818819   0.803901399031
 0.18918919   0.803082710019
 0.19019019   0.802266257891
 0.19119119   0.801452040822
 0.19219219   0.800640056992
 0.19319319   0.799830304589
 0.19419419   0.799022781808
 0.19519520   0.798217486847
 0.19619620   0.797414417914
 0.19719720   0.796613573222
 0.19819820   0.795814950990
 0.19919920   0.795018549445
 0.20020020   0.794224366817
 0.20120120   0.793432401346
 0.20220220   0.792642651277
 0.20320320   0.791855114860
 0.20420420   0.791069790353
 0.20520521   0.790286676020
 0.20620621   0.789505770130
 0.20720721   0.788727070960
 0.20820821   0.787950576791
 0.20920921   0.787176285912
 0.21021021   0.786404196619
 0.21121121   0.785634307211
 0.21221221   0.784866615996
 0.21321321   0.784101121286
 0.21421421   0.783337821402
 0.21521522   0.782576714669
 0.21621622   0.781817799417
 0.21721722   0.781061073984
 0.21821822   0.780306536714
 0.21921922   0.779554185957
 0.22022022   0.778804020067
 0.22122122   0.778056037408
 0.22222222   0.777310236345
 0.22322322   0.776566615253
 0.22422422   0.775825172512
 0.22522523   0.775085906506
 0.22622623   0.774348815627
 0.22722723   0.773613898273
 0.22822823   0.772881152847
 0.22922923   0.772150577757
 0.23023023   0.771422171420
 0.23123123   0.770695932254
 0.23223223   0.769971858689
 0.23323323   0.769249949155
 0.23423423   0.768530202091
 0.23523524   0.767812615942
 0.23623624   0.767097189157
 0.23723724   0.766383920192
 0.23823824   0.765672807508
 0.23923924   0.764963849572
 0.24024024   0.764257044858
 0.24124124   0.763552391845
 0.24224224   0.762849889015
 0.24324324   0.762149534860
 0.24424424   0.761451327876
 0.24524525   0.760755266562
 0.24624625   0.760061349427
 0.24724725   0.759369574984
 0.24824825   0.758679941749
 0.24924925   0.757992448248
 0.25025025   0.757307093010
 0.25125125   0.756623874569
 0.25225225   0.755942791467
 0.25325325   0.755263842249
 0.25425425   0.754587025467
 0.25525526   0.753912339678
 0.25625626   0.753239783446
 0.25725726   0.752569355338
 0.25825826   0.751901053928
 0.25925926   0.751234877795
 0.26026026   0.750570825524
 0.26126126   0.749908895706
 0.26226226   0.749249086934
 0.26326326   0.748591397812
 0.26426426   0.747935826944
 0.26526527   0.747282372943
 0.26626627   0.746631034426
 0.26726727   0.745981810016
 0.26826827   0.745334698339
 0.26926927   0.744689698031
 0.27027027   0.744046807729
 0.27127127   0.743406026077
 0.27227227   0.742767351724
 0.27327327   0.742130783325
 0.27427427   0.741496319540
 0.27527528   0.740863959034
 0.27627628   0.740233700478
 0.27727728   0.739605542546
 0.27827828   0.738979483920
 0.27927928   0.738355523287
 0.28028028   0.737733659336
 0.28128128   0.737113890766
 0.28228228   0.736496216277
 0.28328328   0.735880634576
 0.28428428   0.735267144377
 0.28528529   0.734655744395
 0.28628629   0.734046433354
 0.28728729   0.733439209980
 0.28828829   0.732834073008
 0.28928929   0.732231021174
 0.29029029   0.731630053221
 0.29129129   0.731031167898
 0.29229229   0.730434363957
 0.29329329   0.729839640157
 0.29429429   0.729246995261
 0.29529530   0.728656428038
 0.29629630   0.728067937260
 0.29729730   0.727481521706
 0.29829830   0.726897180160
 0.29929930   0.726314911409
 0.30030030   0.725734714248
 0.30130130   0.725156587475
 0.30230230   0.724580529893
 0.30330330   0.724006540310
 0.30430430   0.723434617541
 0.30530531   0.722864760402
 0.30630631   0.722296967718
 0.30730731   0.721731238316
 0.30830831   0.721167571030
 0.30930931   0.720605964698
 0.31031031   0.720046418162
 0.31131131   0.719488930270
 0.31231231   0.718933499875
 0.31331331   0.718380125834
 0.31431431   0.717828807010
 0.31531532   0.717279542270
 0.31631632   0.716732330486
 0.31731732   0.716187170536
 0.31831832   0.715644061299
 0.31931932   0.715103001665
 0.32032032   0.714563990522
 0.32132132   0.714027026769
 0.32232232   0.713492109305
 0.32332332   0.712959237036
 0.32432432   0.712428408873
 0.32532533   0.711899623731
 0.32632633   0.711372880531
 0.32732733   0.710848178195
 0.32832833   0.710325515655
 0.32932933   0.709804891845
 0.33033033   0.709286305702
 0.33133133   0.708769756171
 0.33233233   0.708255242200
 0.33333333   0.707742762742
 0.33433433   0.707232316755
 0.33533534   0.706723903200
 0.33633634   0.706217521045
 0.33733734   0.705713169262
 0.33833834   0.705210846826
 0.33933934   0.704710552718
 0.34034034   0.704212285925
 0.34134134   0.703716045435
 0.34234234   0.703221830245
 0.34334334   0.702729639352
 0.34434434   0.702239471761
 0.34534535   0.701751326481
 0.34634635   0.701265202525
 0.34734735   0.700781098909
 0.34834835   0.700299014657
 0.34934935   0.699818948795
 0.35035035   0.699340900355
 0.35135135   0.698864868371
 0.35235235   0.698390851885
 0.35335335   0.697918849942
 0.35435435   0.697448861590
 0.35535536   0.696980885883
 0.35635636   0.696514921881
 0.35735736   0.696050968645
 0.35835836   0.695589025243
 0.35935936   0.695129090747
 0.36036036   0.694671164233
 0.36136136   0.694215244782
 0.36236236   0.693761331479
 0.36336336   0.693309423414
 0.36436436   0.692859519679
 0.36536537   0.692411619375
 0.36636637   0.691965721604
 0.36736737   0.691521825473
 0.36836837   0.691079930094
 0.36936937   0.690640034582
 0.37037037   0.690202138059
 0.37137137   0.689766239649
 0.37237237   0.689332338482
 0.37337337   0.688900433690
 0.37437437   0.688470524412
 0.37537538   0.688042609791
 0.37637638   0.687616688972
 0.37737738   0.687192761107
 0.37837838   0.686770825352
 0.37937938   0.686350880865
 0.38038038   0.685932926811
 0.38138138   0.685516962357
 0.38238238   0.685102986678
 0.38338338   0.684690998949
 0.38438438   0.684280998351
 0.38538539   0.683872984070
 0.38638639   0.683466955296
 0.38738739   0.683062911223
 0.38838839   0.682660851049
 0.38938939   0.682260773976
 0.39039039   0.681862679212
 0.39139139   0.681466565967
 0.39239239   0.681072433456
 0.39339339   0.680680280899
 0.39439439   0.680290107520
 0.39539540   0.679901912547
 0.39639640   0.679515695211
 0.39739740   0.679131454750
 0.39839840   0.678749190403
 0.39939940   0.678368901416
 0.40040040   0.677990587037
 0.40140140   0.677614246519
 0.40240240   0.677239879121
 0.40340340   0.676867484102
 0.40440440   0.676497060730
 0.40540541   0.676128608273
 0.40640641   0.675762126005
 0.40740741   0.675397613206
 0.40840841   0.675035069156
 0.40940941   0.674674493143
 0.41041041   0.674315884456
 0.41141141   0.673959242391
 0.41241241   0.673604566246
 0.41341341   0.673251855324
 0.41441441   0.672901108932
 0.41541542   0.672552326381
 0.41641642   0.672205506986
 0.41741742   0.671860650067
 0.41841842   0.671517754947
 0.41941942   0.671176820953
 0.42042042   0.670837847416
 0.42142142   0.670500833673
 0.42242242   0.670165779063
 0.42342342   0.669832682930
 0.42442442   0.669501544621
 0.42542543   0.669172363488
 0.42642643   0.668845138887
 0.42742743   0.668519870178
 0.42842843   0.668196556725
 0.42942943   0.667875197896
 0.43043043   0.667555793062
 0.43143143   0.667238341601
 0.43243243   0.666922842890
 0.43343343   0.666609296316
 0.43443443   0.666297701265
 0.43543544   0.665988057130
 0.43643644   0.665680363307
 0.43743744   0.665374619196
 0.43843844   0.665070824200
 0.43943944   0.664768977728
 0.44044044   0.664469079192
 0.44144144   0.664171128007
 0.44244244   0.663875123593
 0.44344344   0.663581065375
 0.44444444   0.663288952779
 0.44544545   0.662998785239
 0.44644645   0.662710562189
 0.44744745   0.662424283069
 0.44844845   0.662139947322
 0.44944945   0.661857554397
 0.45045045   0.661577103744
 0.45145145   0.661298594819
 0.45245245   0.661022027082
 0.45345345   0.660747399995
 0.45445445   0.660474713025
 0.45545546   0.660203965644
 0.45645646   0.659935157327
 0.45745746   0.659668287552
 0.45845846   0.659403355802
 0.45945946   0.659140361563
 0.46046046   0.658879304327
 0.46146146   0.658620183588
 0.46246246   0.658362998843
 0.46346346   0.658107749596
 0.46446446   0.657854435351
 0.46546547   0.657603055620
 0.46646647   0.657353609915
 0.46746747   0.657106097755
 0.46846847   0.656860518660
 0.46946947   0.656616872157
 0.47047047   0.656375157774
 0.47147147   0.656135375045
 0.47247247   0.655897523505
 0.47347347   0.655661602697
 0.47447447   0.655427612164
 0.47547548   0.655195551456
 0.47647648   0.654965420123
 0.47747748   0.654737217723
 0.47847848   0.654510943814
 0.47947948   0.654286597962
 0.48048048   0.654064179732
 0.48148148   0.653843688697
 0.48248248   0.653625124432
 0.48348348   0.653408486516
 0.48448448   0.653193774531
 0.48548549   0.652980988063
 0.48648649   0.652770126704
 0.48748749   0.652561190047
 0.48848849   0.652354177690
 0.48948949   0.652149089235
 0.49049049   0.651945924288
 0.49149149   0.651744682457
 0.49249249   0.651545363355
 0.49349349   0.651347966600
 0.49449449   0.651152491812
 0.49549550   0.650958938616
 0.49649650   0.650767306639
 0.49749750   0.650577595513
 0.49849850   0.650389804873
 0.49949950   0.650203934361
 0.50050050   0.650019983617
 0.50150150   0.649837952291
 0.50250250   0.649657840031
 0.50350350   0.649479646492
 0.50450450   0.649303371333
 0.50550551   0.649129014215
 0.50650651   0.648956574804
 0.50750751   0.648786052770
 0.50850851   0.648617447784
 0.50950951   0.648450759525
 0.51051051   0.648285987673
 0.51151151   0.648123131912
 0.51251251   0.647962191929
 0.51351351   0.647803167417
 0.51451451   0.647646058072
 0.51551552   0.647490863591
 0.51651652   0.647337583679
 0.51751752   0.647186218041
 0.51851852   0.647036766388
 0.51951952   0.646889228433
 0.52052052   0.646743603896
 0.52152152   0.646599892496
 0.52252252   0.646458093959
 0.52352352   0.646318208014
 0.52452452   0.646180234393
 0.52552553   0.646044172832
 0.52652653   0.645910023072
 0.52752753   0.645777784855
 0.52852853   0.645647457930
 0.52952953   0.645519042046
 0.53053053   0.645392536959
 0.53153153   0.645267942427
 0.53253253   0.645145258212
 0.53353353   0.645024484079
 0.53453453   0.644905619798
 0.53553554   0.644788665142
 0.53653654   0.644673619887
 0.53753754   0.644560483814
 0.53853854   0.644449256707
 0.53953954   0.644339938353
 0.54054054   0.644232528545
 0.54154154   0.644127027076
 0.54254254   0.644023433745
 0.54354354   0.643921748356
 0.54454454   0.643821970713
 0.54554555   0.643724100627
 0.54654655   0.643628137911
 0.54754755   0.643534082382
 0.54854855   0.643441933860
 0.54954955   0.643351692170
 0.55055055   0.643263357140
 0.55155155   0.643176928601
 0.55255255   0.643092406388
 0.55355355   0.643009790341
 0.55455455   0.642929080302
 0.55555556   0.642850276116
 0.55655656   0.642773377635
 0.55755756   0.642698384711
 0.55855856   0.642625297201
 0.55955956   0.642554114967
 0.56056056   0.642484837872
 0.56156156   0.642417465785
 0.56256256   0.642351998577
 0.56356356   0.642288436124
 0.56456456   0.642226778304
 0.56556557   0.642167025000
 0.56656657   0.642109176098
 0.56756757   0.642053231489
 0.56856857   0.641999191065
 0.56956957   0.641947054723
 0.57057057   0.641896822366
 0.57157157   0.641848493895
 0.57257257   0.641802069221
 0.57357357   0.641757548254
 0.57457457   0.641714930910
 0.57557558   0.641674217107
 0.57657658   0.641635406768
 0.57757758   0.641598499819
 0.57857858   0.641563496190
 0.57957958   0.641530395814
 0.58058058   0.641499198629
 0.58158158   0.641469904574
 0.58258258   0.641442513595
 0.58358358   0.641417025638
 0.58458458   0.641393440656
 0.58558559   0.641371758604
 0.58658659   0.641351979440
 0.58758759   0.641334103127
 0.58858859   0.641318129630
 0.58958959   0.641304058920
 0.59059059   0.641291890969
 0.59159159   0.641281625755
 0.59259259   0.641273263257
 0.59359359   0.641266803461
 0.59459459   0.641262246353
 0.59559560   0.641259591925
 0.59659660   0.641258840172
 0.59759760   0.641259991092
 0.59859860   0.641263044688
 0.59959960   0.641268000966
 0.60060060   0.641274859934
 0.60160160   0.641283621607
 0.60260260   0.641294286000
 0.60360360   0.641306853134
 0.60460460   0.641321323033
 0.60560561   0.641337695724
 0.60660661   0.641355971239
 0.60760761   0.641376149612
 0.60860861   0.641398230882
 0.60960961   0.641422215091
 0.61061061   0.641448102284
 0.61161161   0.641475892511
 0.61261261   0.641505585824
 0.61361361   0.641537182280
 0.61461461   0.641570681939
 0.61561562   0.641606084866
 0.61661662   0.641643391126
 0.61761762   0.641682600792
 0.61861862   0.641723713938
 0.61961962   0.641766730642
 0.62062062   0.641811650986
 0.62162162   0.641858475056
 0.62262262   0.641907202940
 0.62362362   0.641957834732
 0.62462462   0.642010370528
 0.62562563   0.642064810428
 0.62662663   0.642121154535
 0.62762763   0.642179402958
 0.62862863   0.642239555806
 0.62962963   0.642301613194
 0.63063063   0.642365575242
 0.63163163   0.642431442069
 0.63263263   0.642499213803
 0.63363363   0.642568890571
 0.63463463   0.642640472507
 0.63563564   0.642713959748
 0.63663664   0.642789352432
 0.63763764   0.642866650704
 0.63863864   0.642945854711
 0.63963964   0.643026964605
 0.64064064   0.643109980539
 0.64164164   0.643194902672
 0.64264264   0.643281731165
 0.64364364   0.643370466185
 0.64464464   0.643461107901
 0.64564565   0.643553656484
 0.64664665   0.643648112113
 0.64764765   0.643744474966
 0.64864865   0.643842745228
 0.64964965   0.643942923087
 0.65065065   0.644045008732
 0.65165165   0.644149002360
 0.65265265   0.644254904168
 0.65365365   0.644362714359
 0.65465465   0.644472433138
 0.65565566   0.644584060715
 0.65665666   0.644697597302
 0.65765766   0.644813043118
 0.65865866   0.644930398381
 0.65965966   0.645049663316
 0.66066066   0.645170838152
 0.66166166   0.645293923118
 0.66266266   0.645418918451
 0.66366366   0.645545824390
 0.66466466   0.645674641176
 0.66566567   0.645805369056
 0.66666667   0.645938008279
 0.66766767   0.646072559100
 0.66866867   0.646209021776
 0.66966967   0.646347396567
 0.67067067   0.646487683738
 0.67167167   0.646629883557
 0.67267267   0.646773996297
 0.67367367   0.646920022232
 0.67467467   0.647067961644
 0.67567568   0.647217814813
 0.67667668   0.647369582028
 0.67767768   0.647523263579
 0.67867868   0.647678859760
 0.67967968   0.647836370869
 0.68068068   0.647995797207
 0.68168168   0.648157139081
 0.68268268   0.648320396798
 0.68368368   0.648485570673
 0.68468468   0.648652661021
 0.68568569   0.648821668162
 0.68668669   0.648992592422
 0.68768769   0.649165434126
 0.68868869   0.649340193607
 0.68968969   0.649516871201
 0.69069069   0.649695467245
 0.69169169   0.649875982083
 0.69269269   0.650058416061
 0.69369369   0.650242769528
 0.69469469   0.650429042840
 0.69569570   0.650617236354
 0.69669670   0.650807350430
 0.69769770   0.650999385435
 0.69869870   0.651193341737
 0.69969970   0.651389219709
 0.70070070   0.651587019727
 0.70170170   0.651786742171
 0.70270270   0.651988387426
 0.70370370   0.652191955879
 0.70470470   0.652397447922
 0.70570571   0.652604863950
 0.70670671   0.652814204363
 0.70770771   0.653025469562
 0.70870871   0.653238659955
 0.70970971   0.653453775953
 0.71071071   0.653670817969
 0.71171171   0.653889786421
 0.71271271   0.654110681733
 0.71371371   0.654333504328
 0.71471471   0.654558254637
 0.71571572   0.654784933093
 0.71671672   0.655013540133
 0.71771772   0.655244076198
 0.71871872   0.655476541733
 0.71971972   0.655710937186
 0.72072072   0.655947263010
 0.72172172   0.656185519661
 0.72272272   0.656425707599
 0.72372372   0.656667827288
 0.72472472   0.656911879196
 0.72572573   0.657157863795
 0.72672673   0.657405781559
 0.72772773   0.657655632969
 0.72872873   0.657907418507
 0.72972973   0.658161138660
 0.73073073   0.658416793920
 0.73173173   0.658674384781
 0.73273273   0.658933911742
 0.73373373   0.659195375306
 0.73473473   0.659458775978
 0.73573574   0.659724114269
 0.73673674   0.659991390693
 0.73773774   0.660260605769
 0.73873874   0.660531760018
 0.73973974   0.660804853967
 0.74074074   0.661079888144
 0.74174174   0.661356863084
 0.74274274   0.661635779325
 0.74374374   0.661916637407
 0.74474474   0.662199437877
 0.74574575   0.662484181283
 0.74674675   0.662770868180
 0.74774775   0.663059499124
 0.74874875   0.663350074676
 0.74974975   0.663642595402
 0.75075075   0.663937061871
 0.75175175   0.664233474655
 0.75275275   0.664531834332
 0.75375375   0.664832141483
 0.75475475   0.665134396693
 0.75575576   0.665438600550
 0.75675676   0.665744753647
 0.75775776   0.666052856582
 0.75875876   0.666362909955
 0.75975976   0.666674914371
 0.76076076   0.666988870439
 0.76176176   0.667304778771
 0.76276276   0.667622639985
 0.76376376   0.667942454701
 0.76476476   0.668264223544
 0.76576577   0.668587947143
 0.76676677   0.668913626132
 0.76776777   0.669241261146
 0.76876877   0.669570852827
 0.76976977   0.669902401819
 0.77077077   0.670235908773
 0.77177177   0.670571374341
 0.77277277   0.670908799179
 0.77377377   0.671248183951
 0.77477477   0.671589529319
 0.77577578   0.671932835955
 0.77677678   0.672278104532
 0.77777778   0.672625335726
 0.77877878   0.672974530220
 0.77977978   0.673325688699
 0.78078078   0.673678811853
 0.78178178   0.674033900376
 0.78278278   0.674390954966
 0.78378378   0.674749976326
 0.78478478   0.675110965160
 0.78578579   0.675473922180
 0.78678679   0.675838848100
 0.78778779   0.676205743640
 0.78878879   0.676574609520
 0.78978979   0.676945446469
 0.79079079   0.677318255218
 0.79179179   0.677693036502
 0.79279279   0.678069791060
 0.79379379   0.678448519635
 0.79479479   0.678829222977
 0.79579580   0.679211901835
 0.79679680   0.679596556968
 0.79779780   0.679983189134
 0.79879880   0.680371799099
 0.79979980   0.680762387631
 0.80080080   0.681154955504
 0.80180180   0.681549503494
 0.80280280   0.681946032382
 0.80380380   0.682344542955
 0.80480480   0.682745036003
 0.80580581   0.683147512319
 0.80680681   0.683551972701
 0.80780781   0.683958417953
 0.80880881   0.684366848882
 0.80980981   0.684777266298
 0.81081081   0.685189671017
 0.81181181   0.685604063859
 0.81281281   0.686020445647
 0.81381381   0.686438817211
 0.81481481   0.686859179382
 0.81581582   0.687281532999
 0.81681682   0.687705878901
 0.81781782   0.688132217935
 0.81881882   0.688560550950
 0.81981982   0.688990878801
 0.82082082   0.689423202346
 0.82182182   0.689857522449
 0.82282282   0.690293839977
 0.82382382   0.690732155801
 0.82482482   0.691172470797
 0.82582583   0.691614785846
 0.82682683   0.692059101834
 0.82782783   0.692505419648
 0.82882883   0.692953740183
 0.82982983   0.693404064336
 0.83083083   0.693856393011
 0.83183183   0.694310727114
 0.83283283   0.694767067557
 0.83383383   0.695225415255
 0.83483483   0.695685771128
 0.83583584   0.696148136102
 0.83683684   0.696612511104
 0.83783784   0.697078897070
 0.83883884   0.697547294937
 0.83983984   0.698017705648
 0.84084084   0.698490130149
 0.84184184   0.698964569393
 0.84284284   0.699441024335
 0.84384384   0.699919495936
 0.84484484   0.700399985161
 0.84584585   0.700882492981
 0.84684685   0.701367020368
 0.84784785   0.701853568302
 0.84884885   0.702342137767
 0.84984985   0.702832729749
 0.85085085   0.703325345243
 0.85185185   0.703819985243
 0.85285285   0.704316650754
 0.85385385   0.704815342779
 0.85485485   0.705316062331
 0.85585586   0.705818810425
 0.85685686   0.706323588081
 0.85785786   0.706830396324
 0.85885886   0.707339236183
 0.85985986   0.707850108692
 0.86086086   0.708363014889
 0.86186186   0.708877955819
 0.86286286   0.709394932530
 0.86386386   0.709913946073
 0.86486486   0.710434997506
 0.86586587   0.710958087892
 0.86686687   0.711483218298
 0.86786787   0.712010389794
 0.86886887   0.712539603457
 0.86986987   0.713070860369
 0.87087087   0.713604161614
 0.87187187   0.714139508284
 0.87287287   0.714676901474
 0.87387387   0.715216342284
 0.87487487   0.715757831819
 0.87587588   0.716301371188
 0.87687688   0.716846961506
 0.87787788   0.717394603892
 0.87887888   0.717944299470
 0.87987988   0.718496049370
 0.88088088   0.719049854724
 0.88188188   0.719605716673
 0.88288288   0.720163636358
 0.88388388   0.720723614929
 0.88488488   0.721285653539
 0.88588589   0.721849753346
 0.88688689   0.722415915513
 0.88788789   0.722984141207
 0.88888889   0.723554431603
 0.88988989   0.724126787877
 0.89089089   0.724701211213
 0.89189189   0.725277702797
 0.89289289   0.725856263824
 0.89389389   0.726436895490
 0.89489489   0.727019598998
 0.89589590   0.727604375556
 0.89689690   0.728191226376
 0.89789790   0.728780152676
 0.89889890   0.729371155678
 0.89989990   0.729964236611
 0.90090090   0.730559396707
 0.90190190   0.731156637204
 0.90290290   0.731755959344
 0.90390390   0.732357364377
 0.90490490   0.732960853554
 0.90590591   0.733566428133
 0.90690691   0.734174089379
 0.90790791   0.734783838560
 0.90890891   0.735395676948
 0.90990991   0.736009605823
 0.91091091   0.736625626469
 0.91191191   0.737243740174
 0.91291291   0.737863948232
 0.91391391   0.738486251944
 0.91491491   0.739110652613
 0.91591592   0.739737151549
 0.91691692   0.740365750067
 0.91791792   0.740996449488
 0.91891892   0.741629251136
 0.91991992   0.742264156343
 0.92092092   0.742901166445
 0.92192192   0.743540282782
 0.92292292   0.744181506702
 0.92392392   0.744824839556
 0.92492492   0.745470282701
 0.92592593   0.746117837501
 0.92692693   0.746767505322
 0.92792793   0.747419287538
 0.92892893   0.748073185527
 0.92992993   0.748729200675
 0.93093093   0.749387334369
 0.93193193   0.750047588004
 0.93293293   0.750709962982
 0.93393393   0.751374460707
 0.93493493   0.752041082590
 0.93593594   0.752709830048
 0.93693694   0.753380704503
 0.93793794   0.754053707382
 0.93893894   0.754728840119
 0.93993994   0.755406104151
 0.94094094   0.756085500922
 0.94194194   0.756767031883
 0.94294294   0.757450698487
 0.94394394   0.758136502196
 0.94494494   0.758824444476
 0.94594595   0.759514526798
 0.94694695   0.760206750640
 0.94794795   0.760901117485
 0.94894895   0.761597628821
 0.94994995   0.762296286143
 0.95095095   0.762997090949
 0.95195195   0.763700044747
 0.95295295   0.764405149046
 0.95395395   0.765112405364
 0.95495495   0.765821815223
 0.95595596   0.766533380152
 0.95695696   0.767247101685
 0.95795796   0.767962981361
 0.95895896   0.768681020726
 0.95995996   0.769401221332
 0.96096096   0.770123584734
 0.96196196   0.770848112497
 0.96296296   0.771574806189
 0.96396396   0.772303667384
 0.96496496   0.773034697664
 0.96596597   0.773767898613
 0.96696697   0.774503271824
 0.96796797   0.775240818896
 0.96896897   0.775980541432
 0.96996997   0.776722441042
 0.97097097   0.777466519342
 0.97197197   0.778212777953
 0.97297297   0.778961218503
 0.97397397   0.779711842626
 0.97497497   0.780464651962
 0.97597598   0.781219648155
 0.97697698   0.781976832859
 0.97797798   0.782736207730
 0.97897898   0.783497774433
 0.97997998   0.784261534637
 0.98098098   0.785027490018
 0.98198198   0.785795642258
 0.98298298   0.786565993046
 0.98398398   0.787338544075
 0.98498498   0.788113297047
 0.98598599   0.788890253667
 0.98698699   0.789669415649
 0.98798799   0.790450784711
 0.98898899   0.791234362580
 0.98998999   0.792020150985
 0.99099099   0.792808151666
 0.99199199   0.793598366366
 0.99299299   0.794390796834
 0.99399399   0.795185444829
 0.99499499   0.795982312112
 0.99599600   0.796781400453
 0.99699700   0.797582711627
 0.99799800   0.798386247416
 0.99899900   0.799192009609
 1.00000000   0.800000000000


# Solution for b = 0.90
 0.00000000   1.000000000000
 0.00100100   0.998792405518
 0.00200200   0.997587531476
 0.00300300   0.996385374599
 0.00400400   0.995185931621
 0.00500501   0.993989199291
 0.00600601   0.992795174365
 0.00700701   0.991603853614
 0.00800801   0.990415233817
 0.00900901   0.989229311765
 0.01001001   0.988046084262
 0.01101101   0.986865548122
 0.01201201   0.985687700168
 0.01301301   0.984512537236
 0.01401401   0.983340056173
 0.01501502   0.982170253837
 0.01601602   0.981003127095
 0.01701702   0.979838672826
 0.01801802   0.978676887921
 0.01901902   0.977517769280
 0.02002002   0.976361313814
 0.02102102   0.975207518445
 0.02202202   0.974056380106
 0.02302302   0.972907895739
 0.02402402   0.971762062300
 0.02502503   0.970618876751
 0.02602603   0.969478336067
 0.02702703   0.968340437234
 0.02802803   0.967205177248
 0.02902903   0.966072553113
 0.03003003   0.964942561847
 0.03103103   0.963815200476
 0.03203203   0.962690466036
 0.03303303   0.961568355575
 0.03403403   0.960448866151
 0.03503504   0.959331994830
 0.03603604   0.958217738689
 0.03703704   0.957106094818
 0.03803804   0.955997060313
 0.03903904   0.954890632281
 0.04004004   0.953786807842
 0.04104104   0.952685584122
 0.04204204   0.951586958259
 0.04304304   0.950490927401
 0.04404404   0.949397488705
 0.04504505   0.948306639338
 0.04604605   0.947218376477
 0.04704705   0.946132697308
 0.04804805   0.945049599029
 0.04904905   0.943969078845
 0.05005005   0.942891133973
 0.05105105   0.941815761637
 0.05205205   0.940742959073
 0.05305305   0.939672723525
 0.05405405   0.938605052248
 0.05505506   0.937539942505
 0.05605606   0.936477391569
 0.05705706   0.935417396723
 0.05805806   0.934359955259
 0.05905906   0.933305064479
 0.06006006   0.932252721692
 0.06106106   0.931202924219
 0.06206206   0.930155669390
 0.06306306   0.929110954542
 0.06406406   0.928068777024
 0.06506507   0.927029134193
 0.06606607   0.925992023415
 0.06706707   0.924957442066
 0.06806807   0.923925387529
 0.06906907   0.922895857199
 0.07007007   0.921868848477
 0.07107107   0.920844358776
 0.07207207   0.919822385516
 0.07307307   0.918802926127
 0.07407407   0.917785978047
 0.07507508   0.916771538724
 0.07607608   0.915759605613
 0.07707708   0.914750176181
 0.07807808   0.913743247901
 0.07907908   0.912738818256
 0.08008008   0.911736884737
 0.08108108   0.910737444845
 0.08208208   0.909740496089
 0.08308308   0.908746035986
 0.08408408   0.907754062063
 0.08508509   0.906764571855
 0.08608609   0.905777562905
 0.08708709   0.904793032766
 0.08808809   0.903810978998
 0.08908909   0.902831399171
 0.09009009   0.901854290863
 0.09109109   0.900879651658
 0.09209209   0.899907479154
 0.09309309   0.898937770951
 0.09409409   0.897970524662
 0.09509510   0.897005737908
 0.09609610   0.896043408315
 0.09709710   0.895083533520
 0.09809810   0.894126111170
 0.09909910   0.893171138915
 0.10010010   0.892218614418
 0.10110110   0.891268535349
 0.10210210   0.890320899385
 0.10310310   0.889375704211
 0.10410410   0.888432947523
 0.10510511   0.887492627023
 0.10610611   0.886554740419
 0.10710711   0.885619285432
 0.10810811   0.884686259787
 0.10910911   0.883755661218
 0.11011011   0.882827487469
 0.11111111   0.881901736289
 0.11211211   0.880978405437
 0.11311311   0.880057492680
 0.11411411   0.879138995790
 0.11511512   0.878222912551
 0.11611612   0.877309240752
 0.11711712   0.876397978191
 0.11811812   0.875489122674
 0.11911912   0.874582672014
 0.12012012   0.873678624031
 0.12112112   0.872776976556
 0.12212212   0.871877727423
 0.12312312   0.870980874479
 0.12412412   0.870086415574
 0.12512513   0.869194348568
 0.12612613   0.868304671328
 0.12712713   0.867417381730
 0.12812813   0.866532477656
 0.12912913   0.865649956994
 0.13013013   0.864769817645
 0.13113113   0.863892057511
 0.13213213   0.863016674506
 0.13313313   0.862143666549
 0.13413413   0.861273031569
 0.13513514   0.860404767500
 0.13613614   0.859538872284
 0.13713714   0.858675343871
 0.13813814   0.857814180218
 0.13913914   0.856955379290
 0.14014014   0.856098939059
 0.14114114   0.855244857502
 0.14214214   0.854393132608
 0.14314314   0.853543762369
 0.14414414   0.852696744786
 0.14514515   0.851852077868
 0.14614615   0.851009759629
 0.14714715   0.850169788092
 0.14814815   0.849332161288
 0.14914915   0.848496877251
 0.15015015   0.847663934028
 0.15115115   0.846833329668
 0.15215215   0.846005062230
 0.15315315   0.845179129779
 0.15415415   0.844355530387
 0.15515516   0.843534262134
 0.15615616   0.842715323105
 0.15715716   0.841898711395
 0.15815816   0.841084425103
 0.15915916   0.840272462336
 0.16016016   0.839462821209
 0.16116116   0.838655499843
 0.16216216   0.837850496366
 0.16316316   0.837047808912
 0.16416416   0.836247435624
 0.16516517   0.835449374649
 0.16616617   0.834653624144
 0.16716717   0.833860182270
 0.16816817   0.833069047196
 0.16916917   0.832280217099
 0.17017017   0.831493690160
 0.17117117   0.830709464569
 0.17217217   0.829927538521
 0.17317317   0.829147910220
 0.17417417   0.828370577874
 0.17517518   0.827595539700
 0.17617618   0.826822793920
 0.17717718   0.826052338764
 0.17817818   0.825284172467
 0.17917918   0.824518293272
 0.18018018   0.823754699427
 0.18118118   0.822993389189
 0.18218218   0.822234360819
 0.18318318   0.821477612587
 0.18418418   0.820723142767
 0.18518519   0.819970949641
 0.18618619   0.819221031497
 0.18718719   0.818473386629
 0.18818819   0.817728013340
 0.18918919   0.816984909935
 0.19019019   0.816244074730
 0.19119119   0.815505506044
 0.19219219   0.814769202204
 0.19319319   0.814035161543
 0.19419419   0.813303382400
 0.19519520   0.812573863121
 0.19619620   0.811846602058
 0.19719720   0.811121597569
 0.19819820   0.810398848019
 0.19919920   0.809678351779
 0.20020020   0.808960107225
 0.20120120   0.808244112741
 0.20220220   0.807530366717
 0.20320320   0.806818867549
 0.20420420   0.806109613637
 0.20520521   0.805402603391
 0.20620621   0.804697835224
 0.20720721   0.803995307558
 0.20820821   0.803295018818
 0.20920921   0.802596967437
 0.21021021   0.801901151854
 0.21121121   0.801207570514
 0.21221221   0.800516221868
 0.21321321   0.799827104372
 0.21421421   0.799140216490
 0.21521522   0.798455556691
 0.21621622   0.797773123450
 0.21721722   0.797092915247
 0.21821822   0.796414930570
 0.21921922   0.795739167912
 0.22022022   0.795065625772
 0.22122122   0.794394302654
 0.22222222   0.793725197070
 0.22322322   0.793058307536
 0.22422422   0.792393632574
 0.22522523   0.791731170714
 0.22622623   0.791070920490
 0.22722723   0.790412880442
 0.22822823   0.789757049116
 0.22922923   0.789103425064
 0.23023023   0.788452006844
 0.23123123   0.787802793019
 0.23223223   0.787155782158
 0.23323323   0.786510972838
 0.23423423   0.785868363638
 0.23523524   0.785227953145
 0.23623624   0.784589739952
 0.23723724   0.783953722656
 0.23823824   0.783319899862
 0.23923924   0.782688270180
 0.24024024   0.782058832223
 0.24124124   0.781431584614
 0.24224224   0.780806525978
 0.24324324   0.780183654948
 0.24424424   0.779562970162
 0.24524525   0.778944470263
 0.24624625   0.778328153901
 0.24724725   0.777714019729
 0.24824825   0.777102066408
 0.24924925   0.776492292605
 0.25025025   0.775884696989
 0.25125125   0.775279278239
 0.25225225   0.774676035037
 0.25325325   0.774074966071
 0.25425425   0.773476070034
 0.25525526   0.772879345625
 0.25625626   0.772284791549
 0.25725726   0.771692406516
 0.25825826   0.771102189242
 0.25925926   0.770514138446
 0.26026026   0.769928252857
 0.26126126   0.769344531205
 0.26226226   0.768762972227
 0.26326326   0.768183574667
 0.26426426   0.767606337272
 0.26526527   0.767031258796
 0.26626627   0.766458337998
 0.26726727   0.765887573641
 0.26826827   0.765318964496
 0.26926927   0.764752509337
 0.27027027   0.764188206944
 0.27127127   0.763626056104
 0.27227227   0.763066055606
 0.27327327   0.762508204247
 0.27427427   0.761952500828
 0.27527528   0.761398944157
 0.27627628   0.760847533044
 0.27727728   0.760298266308
 0.27827828   0.759751142771
 0.27927928   0.759206161260
 0.28028028   0.758663320608
 0.28128128   0.758122619654
 0.28228228   0.757584057242
 0.28328328   0.757047632218
 0.28428428   0.756513343438
 0.28528529   0.755981189761
 0.28628629   0.755451170050
 0.28728729   0.754923283174
 0.28828829   0.754397528008
 0.28928929   0.753873903432
 0.29029029   0.753352408330
 0.29129129   0.752833041592
 0.29229229   0.752315802113
 0.29329329   0.751800688793
 0.29429429   0.751287700537
 0.29529530   0.750776836255
 0.29629630   0.750268094862
 0.29729730   0.749761475279
 0.29829830   0.749256976431
 0.29929930   0.748754597248
 0.30030030   0.748254336665
 0.30130130   0.747756193624
 0.30230230   0.747260167069
 0.30330330   0.746766255951
 0.30430430   0.746274459225
 0.30530531   0.745784775852
 0.30630631   0.745297204797
 0.30730731   0.744811745031
 0.30830831   0.744328395528
 0.30930931   0.743847155269
 0.31031031   0.743368023240
 0.31131131   0.742890998430
 0.31231231   0.742416079834
 0.31331331   0.741943266452
 0.31431431   0.741472557290
 0.31531532   0.741003951357
 0.31631632   0.740537447667
 0.31731732   0.740073045240
 0.31831832   0.739610743101
 0.31931932   0.739150540279
 0.32032032   0.738692435807
 0.32132132   0.738236428725
 0.32232232   0.737782518077
 0.32332332   0.737330702911
 0.32432432   0.736880982281
 0.32532533   0.736433355245
 0.32632633   0.735987820865
 0.32732733   0.735544378211
 0.32832833   0.735103026354
 0.32932933   0.734663764372
 0.33033033   0.734226591347
 0.33133133   0.733791506366
 0.33233233   0.733358508521
 0.33333333   0.732927596908
 0.33433433   0.732498770629
 0.33533534   0.732072028789
 0.33633634   0.731647370500
 0.33733734   0.731224794875
 0.33833834   0.730804301037
 0.33933934   0.730385888108
 0.34034034   0.729969555220
 0.34134134   0.729555301506
 0.34234234   0.729143126104
 0.34334334   0.728733028160
 0.34434434   0.728325006819
 0.34534535   0.727919061237
 0.34634635   0.727515190570
 0.34734735   0.727113393980
 0.34834835   0.726713670634
 0.34934935   0.726316019703
 0.35035035   0.725920440364
 0.35135135   0.725526931798
 0.35235235   0.725135493189
 0.35335335   0.724746123728
 0.35435435   0.724358822608
 0.35535536   0.723973589030
 0.35635636   0.723590422196
 0.35735736   0.723209321315
 0.35835836   0.722830285600
 0.35935936   0.722453314269
 0.36036036   0.722078406542
 0.36136136   0.721705561647
 0.36236236   0.721334778814
 0.36336336   0.720966057280
 0.36436436   0.720599396284
 0.36536537   0.720234795071
 0.36636637   0.719872252890
 0.36736737   0.719511768994
 0.36836837   0.719153342643
 0.36936937   0.718796973097
 0.37037037   0.718442659626
 0.37137137   0.718090401500
 0.37237237   0.717740197995
 0.37337337   0.717392048392
 0.37437437   0.717045951976
 0.37537538   0.716701908036
 0.37637638   0.716359915867
 0.37737738   0.716019974768
 0.37837838   0.715682084039
 0.37937938   0.715346242990
 0.38038038   0.715012450932
 0.38138138   0.714680707181
 0.38238238   0.714351011058
 0.38338338   0.714023361887
 0.38438438   0.713697758999
 0.38538539   0.713374201726
 0.38638639   0.713052689408
 0.38738739   0.712733221386
 0.38838839   0.712415797008
 0.38938939   0.712100415626
 0.39039039   0.711787076594
 0.39139139   0.711475779274
 0.39239239   0.711166523029
 0.39339339   0.710859307229
 0.39439439   0.710554131246
 0.39539540   0.710250994459
 0.39639640   0.709949896250
 0.39739740   0.709650836003
 0.39839840   0.709353813112
 0.39939940   0.709058826969
 0.40040040   0.708765876975
 0.40140140   0.708474962532
 0.40240240   0.708186083050
 0.40340340   0.707899237940
 0.40440440   0.707614426618
 0.40540541   0.707331648507
 0.40640641   0.707050903029
 0.40740741   0.706772189616
 0.40840841   0.706495507701
 0.40940941   0.706220856722
 0.41041041   0.705948236120
 0.41141141   0.705677645344
 0.41241241   0.705409083843
 0.41341341   0.705142551072
 0.41441441   0.704878046491
 0.41541542   0.704615569564
 0.41641642   0.704355119758
 0.41741742   0.704096696546
 0.41841842   0.703840299403
 0.41941942   0.703585927811
 0.42042042   0.703333581255
 0.42142142   0.703083259222
 0.42242242   0.702834961207
 0.42342342   0.702588686707
 0.42442442   0.702344435224
 0.42542543   0.702102206264
 0.42642643   0.701861999336
 0.42742743   0.701623813956
 0.42842843   0.701387649641
 0.42942943   0.701153505915
 0.43043043   0.700921382305
 0.43143143   0.700691278341
 0.43243243   0.700463193559
 0.43343343   0.700237127499
 0.43443443   0.700013079703
 0.43543544   0.699791049721
 0.43643644   0.699571037104
 0.43743744   0.699353041408
 0.43843844   0.699137062193
 0.43943944   0.698923099025
 0.44044044   0.698711151472
 0.44144144   0.698501219106
 0.44244244   0.698293301505
 0.44344344   0.698087398249
 0.44444444   0.697883508925
 0.44544545   0.697681633121
 0.44644645   0.697481770432
 0.44744745   0.697283920454
 0.44844845   0.697088082789
 0.44944945   0.696894257044
 0.45045045   0.696702442829
 0.45145145   0.696512639757
 0.45245245   0.696324847448
 0.45345345   0.696139065523
 0.45445445   0.695955293610
 0.45545546   0.695773531338
 0.45645646   0.695593778342
 0.45745746   0.695416034262
 0.45845846   0.695240298740
 0.45945946   0.695066571423
 0.46046046   0.694894851964
 0.46146146   0.694725140015
 0.46246246   0.694557435238
 0.46346346   0.694391737295
 0.46446446   0.694228045855
 0.46546547   0.694066360588
 0.46646647   0.693906681170
 0.46746747   0.693749007281
 0.46846847   0.693593338605
 0.46946947   0.693439674830
 0.47047047   0.693288015647
 0.47147147   0.693138360752
 0.47247247   0.692990709847
 0.47347347   0.692845062634
 0.47447447   0.692701418822
 0.47547548   0.692559778124
 0.47647648   0.692420140255
 0.47747748   0.692282504936
 0.47847848   0.692146871891
 0.47947948   0.692013240849
 0.48048048   0.691881611542
 0.48148148   0.691751983707
 0.48248248   0.691624357084
 0.48348348   0.691498731418
 0.48448448   0.691375106457
 0.48548549   0.691253481955
 0.48648649   0.691133857668
 0.48748749   0.691016233357
 0.48848849   0.690900608786
 0.48948949   0.690786983724
 0.49049049   0.690675357944
 0.49149149   0.690565731223
 0.49249249   0.690458103342
 0.49349349   0.690352474086
 0.49449449   0.690248843243
 0.49549550   0.690147210607
 0.49649650   0.690047575974
 0.49749750   0.689949939145
 0.49849850   0.689854299926
 0.49949950   0.689760658125
 0.50050050   0.689669013555
 0.50150150   0.689579366033
 0.50250250   0.689491715381
 0.50350350   0.689406061422
 0.50450450   0.689322403987
 0.50550551   0.689240742908
 0.50650651   0.689161078022
 0.50750751   0.689083409170
 0.50850851   0.689007736197
 0.50950951   0.688934058952
 0.51051051   0.688862377288
 0.51151151   0.688792691062
 0.51251251   0.688725000135
 0.51351351   0.688659304371
 0.51451451   0.688595603641
 0.51551552   0.688533897816
 0.51651652   0.688474186774
 0.51751752   0.688416470395
 0.51851852   0.688360748564
 0.51951952   0.688307021171
 0.52052052   0.688255288108
 0.52152152   0.688205549272
 0.52252252   0.688157804563
 0.52352352   0.688112053887
 0.52452452   0.688068297152
 0.52552553   0.688026534271
 0.52652653   0.687986765161
 0.52752753   0.687948989743
 0.52852853   0.687913207941
 0.52952953   0.687879419683
 0.53053053   0.687847624903
 0.53153153   0.687817823537
 0.53253253   0.687790015526
 0.53353353   0.687764200814
 0.53453453   0.687740379349
 0.53553554   0.687718551086
 0.53653654   0.687698715978
 0.53753754   0.687680873989
 0.53853854   0.687665025080
 0.53953954   0.687651169222
 0.54054054   0.687639306387
 0.54154154   0.687629436550
 0.54254254   0.687621559693
 0.54354354   0.687615675799
 0.54454454   0.687611784857
 0.54554555   0.687609886859
 0.54654655   0.687609981801
 0.54754755   0.687612069683
 0.54854855   0.687616150511
 0.54954955   0.687622224290
 0.55055055   0.687630291035
 0.55155155   0.687640350761
 0.55255255   0.687652403487
 0.55355355   0.687666449239
 0.55455455   0.687682488043
 0.55555556   0.687700519932
 0.55655656   0.687720544943
 0.55755756   0.687742563114
 0.55855856   0.687766574489
 0.55955956   0.687792579118
 0.56056056   0.687820577050
 0.56156156   0.687850568343
 0.56256256   0.687882553056
 0.56356356   0.687916531252
 0.56456456   0.687952503000
 0.56556557   0.687990468371
 0.56656657   0.688030427441
 0.56756757   0.688072380289
 0.56856857   0.688116327000
 0.56956957   0.688162267660
 0.57057057   0.688210202362
 0.57157157   0.688260131201
 0.57257257   0.688312054276
 0.57357357   0.688365971692
 0.57457457   0.688421883555
 0.57557558   0.688479789977
 0.57657658   0.688539691074
 0.57757758   0.688601586965
 0.57857858   0.688665477774
 0.57957958   0.688731363628
 0.58058058   0.688799244658
 0.58158158   0.688869121000
 0.58258258   0.688940992794
 0.58358358   0.689014860182
 0.58458458   0.689090723313
 0.58558559   0.689168582337
 0.58658659   0.689248437411
 0.58758759   0.689330288692
 0.58858859   0.689414136346
 0.58958959   0.689499980539
 0.59059059   0.689587821442
 0.59159159   0.689677659232
 0.59259259   0.689769494087
 0.59359359   0.689863326191
 0.59459459   0.689959155731
 0.59559560   0.690056982899
 0.59659660   0.690156807890
 0.59759760   0.690258630904
 0.59859860   0.690362452143
 0.59959960   0.690468271816
 0.60060060   0.690576090134
 0.60160160   0.690685907313
 0.60260260   0.690797723571
 0.60360360   0.690911539133
 0.60460460   0.691027354227
 0.60560561   0.691145169083
 0.60660661   0.691264983937
 0.60760761   0.691386799029
 0.60860861   0.691510614603
 0.60960961   0.691636430906
 0.61061061   0.691764248190
 0.61161161   0.691894066711
 0.61261261   0.692025886729
 0.61361361   0.692159708507
 0.61461461   0.692295532314
 0.61561562   0.692433358421
 0.61661662   0.692573187104
 0.61761762   0.692715018644
 0.61861862   0.692858853324
 0.61961962   0.693004691433
 0.62062062   0.693152533263
 0.62162162   0.693302379110
 0.62262262   0.693454229274
 0.62362362   0.693608084060
 0.62462462   0.693763943776
 0.62562563   0.693921808735
 0.62662663   0.694081679253
 0.62762763   0.694243555651
 0.62862863   0.694407438254
 0.62962963   0.694573327390
 0.63063063   0.694741223393
 0.63163163   0.694911126599
 0.63263263   0.695083037350
 0.63363363   0.695256955990
 0.63463463   0.695432882869
 0.63563564   0.695610818340
 0.63663664   0.695790762760
 0.63763764   0.695972716492
 0.63863864   0.696156679901
 0.63963964   0.696342653356
 0.64064064   0.696530637231
 0.64164164   0.696720631905
 0.64264264   0.696912637759
 0.64364364   0.697106655179
 0.64464464   0.697302684557
 0.64564565   0.697500726286
 0.64664665   0.697700780764
 0.64764765   0.697902848396
 0.64864865   0.698106929586
 0.64964965   0.698313024748
 0.65065065   0.698521134294
 0.65165165   0.698731258646
 0.65265265   0.698943398225
 0.65365365   0.699157553461
 0.65465465   0.699373724784
 0.65565566   0.699591912630
 0.65665666   0.699812117439
 0.65765766   0.700034339656
 0.65865866   0.700258579729
 0.65965966   0.700484838111
 0.66066066   0.700713115257
 0.66166166   0.700943411630
 0.66266266   0.701175727693
 0.66366366   0.701410063918
 0.66466466   0.701646420775
 0.66566567   0.701884798745
 0.66666667   0.702125198307
 0.66766767   0.702367619949
 0.66866867   0.702612064161
 0.66966967   0.702858531437
 0.67067067   0.703107022275
 0.67167167   0.703357537180
 0.67267267   0.703610076657
 0.67367367   0.703864641218
 0.67467467   0.704121231379
 0.67567568   0.704379847659
 0.67667668   0.704640490583
 0.67767768   0.704903160679
 0.67867868   0.705167858479
 0.67967968   0.705434584521
 0.68068068   0.705703339345
 0.68168168   0.705974123496
 0.68268268   0.706246937525
 0.68368368   0.706521781984
 0.68468468   0.706798657433
 0.68568569   0.707077564434
 0.68668669   0.707358503553
 0.68768769   0.707641475361
 0.68868869   0.707926480433
 0.68968969   0.708213519350
 0.69069069   0.708502592695
 0.69169169   0.708793701056
 0.69269269   0.709086845025
 0.69369369   0.709382025201
 0.69469469   0.709679242182
 0.69569570   0.709978496576
 0.69669670   0.710279788992
 0.69769770   0.710583120044
 0.69869870   0.710888490350
 0.69969970   0.711195900533
 0.70070070   0.711505351221
 0.70170170   0.711816843045
 0.70270270   0.712130376641
 0.70370370   0.712445952650
 0.70470470   0.712763571715
 0.70570571   0.713083234485
 0.70670671   0.713404941615
 0.70770771   0.713728693763
 0.70870871   0.714054491589
 0.70970971   0.714382335761
 0.71071071   0.714712226950
 0.71171171   0.715044165831
 0.71271271   0.715378153085
 0.71371371   0.715714189394
 0.71471471   0.716052275449
 0.71571572   0.716392411941
 0.71671672   0.716734599569
 0.71771772   0.717078839035
 0.71871872   0.717425131045
 0.71971972   0.717773476309
 0.72072072   0.718123875544
 0.72172172   0.718476329469
 0.72272272   0.718830838809
 0.72372372   0.719187404292
 0.72472472   0.719546026651
 0.72572573   0.719906706625
 0.72672673   0.720269444955
 0.72772773   0.720634242389
 0.72872873   0.721001099677
 0.72972973   0.721370017576
 0.73073073   0.721740996846
 0.73173173   0.722114038251
 0.73273273   0.722489142561
 0.73373373   0.722866310551
 0.73473473   0.723245542998
 0.73573574   0.723626840685
 0.73673674   0.724010204401
 0.73773774   0.724395634937
 0.73873874   0.724783133090
 0.73973974   0.725172699662
 0.74074074   0.725564335458
 0.74174174   0.725958041290
 0.74274274   0.726353817971
 0.74374374   0.726751666323
 0.74474474   0.727151587168
 0.74574575   0.727553581337
 0.74674675   0.727957649663
 0.74774775   0.728363792984
 0.74874875   0.728772012143
 0.74974975   0.729182307988
 0.75075075   0.729594681371
 0.75175175   0.730009133149
 0.75275275   0.730425664183
 0.75375375   0.730844275339
 0.75475475   0.731264967489
 0.75575576   0.731687741509
 0.75675676   0.732112598278
 0.75775776   0.732539538681
 0.75875876   0.732968563609
 0.75975976   0.733399673956
 0.76076076   0.733832870622
 0.76176176   0.734268154509
 0.76276276   0.734705526527
 0.76376376   0.735144987589
 0.76476476   0.735586538614
 0.76576577   0.736030180525
 0.76676677   0.736475914249
 0.76776777   0.736923740720
 0.76876877   0.737373660873
 0.76976977   0.737825675653
 0.77077077   0.738279786005
 0.77177177   0.738735992881
 0.77277277   0.739194297239
 0.77377377   0.739654700039
 0.77477477   0.740117202249
 0.77577578   0.740581804838
 0.77677678   0.741048508784
 0.77777778   0.741517315068
 0.77877878   0.741988224674
 0.77977978   0.742461238594
 0.78078078   0.742936357823
 0.78178178   0.743413583363
 0.78278278   0.743892916218
 0.78378378   0.744374357398
 0.78478478   0.744857907919
 0.78578579   0.745343568802
 0.78678679   0.745831341071
 0.78778779   0.746321225756
 0.78878879   0.746813223893
 0.78978979   0.747307336521
 0.79079079   0.747803564686
 0.79179179   0.748301909438
 0.79279279   0.748802371832
 0.79379379   0.749304952928
 0.79479479   0.749809653790
 0.79579580   0.750316475490
 0.79679680   0.750825419101
 0.79779780   0.751336485706
 0.79879880   0.751849676388
 0.79979980   0.752364992238
 0.80080080   0.752882434351
 0.80180180   0.753402003828
 0.80280280   0.753923701775
 0.80380380   0.754447529303
 0.80480480   0.754973487526
 0.80580581   0.755501577566
 0.80680681   0.756031800550
 0.80780781   0.756564157608
 0.80880881   0.757098649876
 0.80980981   0.757635278497
 0.81081081   0.758174044617
 0.81181181   0.758714949388
 0.81281281   0.759257993967
 0.81381381   0.759803179517
 0.81481481   0.760350507204
 0.81581582   0.760899978203
 0.81681682   0.761451593690
 0.81781782   0.762005354849
 0.81881882   0.762561262868
 0.81981982   0.763119318942
 0.82082082   0.763679524269
 0.82182182   0.764241880054
 0.82282282   0.764806387507
 0.82382382   0.765373047842
 0.82482482   0.765941862279
 0.82582583   0.766512832045
 0.82682683   0.767085958370
 0.82782783   0.767661242491
 0.82882883   0.768238685649
 0.82982983   0.768818289092
 0.83083083   0.769400054071
 0.83183183   0.769983981846
 0.83283283   0.770570073678
 0.83383383   0.771158330837
 0.83483483   0.771748754597
 0.83583584   0.772341346238
 0.83683684   0.772936107044
 0.83783784   0.773533038306
 0.83883884   0.774132141320
 0.83983984   0.774733417388
 0.84084084   0.775336867816
 0.84184184   0.775942493918
 0.84284284   0.776550297011
 0.84384384   0.777160278418
 0.84484484   0.777772439469
 0.84584585   0.778386781499
 0.84684685   0.779003305847
 0.84784785   0.779622013861
 0.84884885   0.780242906890
 0.84984985   0.780865986293
 0.85085085   0.781491253431
 0.85185185   0.782118709674
 0.85285285   0.782748356396
 0.85385385   0.783380194975
 0.85485485   0.784014226797
 0.85585586   0.784650453254
 0.85685686   0.785288875742
 0.85785786   0.785929495664
 0.85885886   0.786572314427
 0.85985986   0.787217333445
 0.86086086   0.787864554139
 0.86186186   0.788513977934
 0.86286286   0.789165606261
 0.86386386   0.789819440556
 0.86486486   0.790475482263
 0.86586587   0.791133732831
 0.86686687   0.791794193713
 0.86786787   0.792456866371
 0.86886887   0.793121752270
 0.86986987   0.793788852882
 0.87087087   0.794458169685
 0.87187187   0.795129704163
 0.87287287   0.795803457807
 0.87387387   0.796479432111
 0.87487487   0.797157628577
 0.87587588   0.797838048712
 0.87687688   0.798520694031
 0.87787788   0.799205566053
 0.87887888   0.799892666303
 0.87987988   0.800581996313
 0.88088088   0.801273557620
 0.88188188   0.801967351768
 0.88288288   0.802663380308
 0.88388388   0.803361644793
 0.88488488   0.804062146787
 0.88588589   0.804764887857
 0.88688689   0.805469869577
 0.88788789   0.806177093528
 0.88888889   0.806886561295
 0.88988989   0.807598274472
 0.89089089   0.808312234656
 0.89189189   0.809028443454
 0.89289289   0.809746902475
 0.89389389   0.810467613337
 0.89489489   0.811190577664
 0.89589590   0.811915797085
 0.89689690   0.812643273236
 0.89789790   0.813373007761
 0.89889890   0.814105002306
 0.89989990   0.814839258528
 0.90090090   0.815575778087
 0.90190190   0.816314562651
 0.90290290   0.817055613895
 0.90390390   0.817798933497
 0.90490490   0.818544523146
 0.90590591   0.819292384535
 0.90690691   0.820042519362
 0.90790791   0.820794929334
 0.90890891   0.821549616164
 0.90990991   0.822306581570
 0.91091091   0.823065827277
 0.91191191   0.823827355019
 0.91291291   0.824591166533
 0.91391391   0.825357263564
 0.91491491   0.826125647864
 0.91591592   0.826896321192
 0.91691692   0.827669285311
 0.91791792   0.828444541993
 0.91891892   0.829222093017
 0.91991992   0.830001940167
 0.92092092   0.830784085234
 0.92192192   0.831568530016
 0.92292292   0.832355276318
 0.92392392   0.833144325952
 0.92492492   0.833935680735
 0.92592593   0.834729342493
 0.92692693   0.835525313057
 0.92792793   0.836323594266
 0.92892893   0.837124187964
 0.92992993   0.837927096005
 0.93093093   0.838732320246
 0.93193193   0.839539862555
 0.93293293   0.840349724803
 0.93393393   0.841161908870
 0.93493493   0.841976416643
 0.93593594   0.842793250014
 0.93693694   0.843612410885
 0.93793794   0.844433901164
 0.93893894   0.845257722763
 0.93993994   0.846083877605
 0.94094094   0.846912367618
 0.94194194   0.847743194737
 0.94294294   0.848576360905
 0.94394394   0.849411868072
 0.94494494   0.850249718195
 0.94594595   0.851089913236
 0.94694695   0.851932455168
 0.94794795   0.852777345969
 0.94894895   0.853624587623
 0.94994995   0.854474182124
 0.95095095   0.855326131471
 0.95195195   0.856180437671
 0.95295295   0.857037102739
 0.95395395   0.857896128696
 0.95495495   0.858757517572
 0.95595596   0.859621271402
 0.95695696   0.860487392230
 0.95795796   0.861355882107
 0.95895896   0.862226743092
 0.95995996   0.863099977250
 0.96096096   0.863975586654
 0.96196196   0.864853573386
 0.96296296   0.865733939533
 0.96396396   0.866616687191
 0.96496496   0.867501818464
 0.96596597   0.868389335462
 0.96696697   0.869279240303
 0.96796797   0.870171535113
 0.96896897   0.871066222026
 0.96996997   0.871963303183
 0.97097097   0.872862780733
 0.97197197   0.873764656831
 0.97297297   0.874668933644
 0.97397397   0.875575613341
 0.97497497   0.876484698103
 0.97597598   0.877396190118
 0.97697698   0.878310091580
 0.97797798   0.879226404693
 0.97897898   0.880145131667
 0.97997998   0.881066274721
 0.98098098   0.881989836081
 0.98198198   0.882915817983
 0.98298298   0.883844222668
 0.98398398   0.884775052387
 0.98498498   0.885708309399
 0.98598599   0.886643995969
 0.98698699   0.887582114371
 0.98798799   0.888522666890
 0.98898899   0.889465655814
 0.98998999   0.890411083442
 0.99099099   0.891358952082
 0.99199199   0.892309264047
 0.99299299   0.893262021662
 0.99399399   0.894217227257
 0.99499499   0.895174883172
 0.99599600   0.896134991754
 0.99699700   0.897097555359
 0.99799800   0.898062576352
 0.99899900   0.899030057106
 1.00000000   0.900000000000


# Solution for b = 1.00
 0.00000000   1.000000000000
 0.00100100   0.998863977475
 0.00200200   0.997730675585
 0.00300300   0.996600091248
 0.00400400   0.995472221395
 0.00500501   0.994347062964
 0.00600601   0.993224612907
 0.00700701   0.992104868185
 0.00800801   0.990987825771
 0.00900901   0.989873482649
 0.01001001   0.988761835811
 0.01101101   0.987652882262
 0.01201201   0.986546619018
 0.01301301   0.985443043102
 0.01401401   0.984342151553
 0.01501502   0.983243941415
 0.01601602   0.982148409746
 0.01701702   0.981055553613
 0.01801802   0.979965370093
 0.01901902   0.978877856275
 0.02002002   0.977793009257
 0.02102102   0.976710826147
 0.02202202   0.975631304064
 0.02302302   0.974554440137
 0.02402402   0.973480231505
 0.02502503   0.972408675318
 0.02602603   0.971339768733
 0.02702703   0.970273508922
 0.02802803   0.969209893063
 0.02902903   0.968148918345
 0.03003003   0.967090581968
 0.03103103   0.966034881141
 0.03203203   0.964981813083
 0.03303303   0.963931375023
 0.03403403   0.962883564200
 0.03503504   0.961838377863
 0.03603604   0.960795813269
 0.03703704   0.959755867688
 0.03803804   0.958718538396
 0.03903904   0.957683822681
 0.04004004   0.956651717841
 0.04104104   0.955622221181
 0.04204204   0.954595330019
 0.04304304   0.953571041680
 0.04404404   0.952549353499
 0.04504505   0.951530262821
 0.04604605   0.950513767001
 0.04704705   0.949499863402
 0.04804805   0.948488549396
 0.04904905   0.947479822368
 0.05005005   0.946473679708
 0.05105105   0.945470118817
 0.05205205   0.944469137106
 0.05305305   0.943470731994
 0.05405405   0.942474900911
 0.05505506   0.941481641293
 0.05605606   0.940490950589
 0.05705706   0.939502826254
 0.05805806   0.938517265754
 0.05905906   0.937534266563
 0.06006006   0.936553826165
 0.06106106   0.935575942053
 0.06206206   0.934600611727
 0.06306306   0.933627832698
 0.06406406   0.932657602485
 0.06506507   0.931689918617
 0.06606607   0.930724778632
 0.06706707   0.929762180074
 0.06806807   0.928802120498
 0.06906907   0.927844597469
 0.07007007   0.926889608559
 0.07107107   0.925937151348
 0.07207207   0.924987223426
 0.07307307   0.924039822393
 0.07407407   0.923094945855
 0.07507508   0.922152591428
 0.07607608   0.921212756736
 0.07707708   0.920275439413
 0.07807808   0.919340637099
 0.07907908   0.918408347445
 0.08008008   0.917478568110
 0.08108108   0.916551296760
 0.08208208   0.915626531071
 0.08308308   0.914704268728
 0.08408408   0.913784507421
 0.08508509   0.912867244853
 0.08608609   0.911952478731
 0.08708709   0.911040206774
 0.08808809   0.910130426707
 0.08908909   0.909223136264
 0.09009009   0.908318333187
 0.09109109   0.907416015227
 0.09209209   0.906516180142
 0.09309309   0.905618825699
 0.09409409   0.904723949673
 0.09509510   0.903831549848
 0.09609610   0.902941624014
 0.09709710   0.902054169971
 0.09809810   0.901169185526
 0.09909910   0.900286668495
 0.10010010   0.899406616700
 0.10110110   0.898529027974
 0.10210210   0.897653900156
 0.10310310   0.896781231093
 0.10410410   0.895911018640
 0.10510511   0.895043260661
 0.10610611   0.894177955026
 0.10710711   0.893315099615
 0.10810811   0.892454692313
 0.10910911   0.891596731017
 0.11011011   0.890741213628
 0.11111111   0.889888138055
 0.11211211   0.889037502218
 0.11311311   0.888189304041
 0.11411411   0.887343541458
 0.11511512   0.886500212410
 0.11611612   0.885659314844
 0.11711712   0.884820846719
 0.11811812   0.883984805997
 0.11911912   0.883151190649
 0.12012012   0.882319998655
 0.12112112   0.881491228002
 0.12212212   0.880664876683
 0.12312312   0.879840942700
 0.12412412   0.879019424063
 0.12512513   0.878200318787
 0.12612613   0.877383624897
 0.12712713   0.876569340424
 0.12812813   0.875757463407
 0.12912913   0.874947991892
 0.13013013   0.874140923933
 0.13113113   0.873336257591
 0.13213213   0.872533990934
 0.13313313   0.871734122038
 0.13413413   0.870936648985
 0.13513514   0.870141569866
 0.13613614   0.869348882778
 0.13713714   0.868558585826
 0.13813814   0.867770677121
 0.13913914   0.866985154783
 0.14014014   0.866202016937
 0.14114114   0.865421261718
 0.14214214   0.864642887265
 0.14314314   0.863866891726
 0.14414414   0.863093273256
 0.14514515   0.862322030016
 0.14614615   0.861553160176
 0.14714715   0.860786661911
 0.14814815   0.860022533405
 0.14914915   0.859260772846
 0.15015015   0.858501378433
 0.15115115   0.857744348368
 0.15215215   0.856989680863
 0.15315315   0.856237374135
 0.15415415   0.855487426409
 0.15515516   0.854739835916
 0.15615616   0.853994600895
 0.15715716   0.853251719592
 0.15815816   0.852511190257
 0.15915916   0.851773011151
 0.16016016   0.851037180539
 0.16116116   0.850303696694
 0.16216216   0.849572557894
 0.16316316   0.848843762426
 0.16416416   0.848117308583
 0.16516517   0.847393194664
 0.16616617   0.846671418975
 0.16716717   0.845951979830
 0.16816817   0.845234875548
 0.16916917   0.844520104455
 0.17017017   0.843807664884
 0.17117117   0.843097555175
 0.17217217   0.842389773674
 0.17317317   0.841684318733
 0.17417417   0.840981188712
 0.17517518   0.840280381977
 0.17617618   0.839581896900
 0.17717718   0.838885731860
 0.17817818   0.838191885242
 0.17917918   0.837500355439
 0.18018018   0.836811140848
 0.18118118   0.836124239875
 0.18218218   0.835439650931
 0.18318318   0.834757372434
 0.18418418   0.834077402807
 0.18518519   0.833399740482
 0.18618619   0.832724383896
 0.18718719   0.832051331491
 0.18818819   0.831380581717
 0.18918919   0.830712133031
 0.19019019   0.830045983895
 0.19119119   0.829382132777
 0.19219219   0.828720578153
 0.19319319   0.828061318503
 0.19419419   0.827404352316
 0.19519520   0.826749678084
 0.19619620   0.826097294309
 0.19719720   0.825447199495
 0.19819820   0.824799392157
 0.19919920   0.824153870811
 0.20020020   0.823510633984
 0.20120120   0.822869680205
 0.20220220   0.822231008013
 0.20320320   0.821594615950
 0.20420420   0.820960502567
 0.20520521   0.820328666417
 0.20620621   0.819699106064
 0.20720721   0.819071820074
 0.20820821   0.818446807022
 0.20920921   0.817824065487
 0.21021021   0.817203594056
 0.21121121   0.816585391319
 0.21221221   0.815969455876
 0.21321321   0.815355786329
 0.21421421   0.814744381289
 0.21521522   0.814135239372
 0.21621622   0.813528359200
 0.21721722   0.812923739400
 0.21821822   0.812321378606
 0.21921922   0.811721275458
 0.22022022   0.811123428601
 0.22122122   0.810527836687
 0.22222222   0.809934498374
 0.22322322   0.809343412324
 0.22422422   0.808754577206
 0.22522523   0.808167991697
 0.22622623   0.807583654475
 0.22722723   0.807001564229
 0.22822823   0.806421719650
 0.22922923   0.805844119437
 0.23023023   0.805268762293
 0.23123123   0.804695646929
 0.23223223   0.804124772060
 0.23323323   0.803556136407
 0.23423423   0.802989738698
 0.23523524   0.802425577666
 0.23623624   0.801863652048
 0.23723724   0.801303960588
 0.23823824   0.800746502038
 0.23923924   0.800191275153
 0.24024024   0.799638278693
 0.24124124   0.799087511425
 0.24224224   0.798538972123
 0.24324324   0.797992659565
 0.24424424   0.797448572534
 0.24524525   0.796906709819
 0.24624625   0.796367070216
 0.24724725   0.795829652526
 0.24824825   0.795294455554
 0.24924925   0.794761478113
 0.25025025   0.794230719020
 0.25125125   0.793702177097
 0.25225225   0.793175851174
 0.25325325   0.792651740083
 0.25425425   0.792129842665
 0.25525526   0.791610157765
 0.25625626   0.791092684233
 0.25725726   0.790577420925
 0.25825826   0.790064366702
 0.25925926   0.789553520432
 0.26026026   0.789044880987
 0.26126126   0.788538447244
 0.26226226   0.788034218087
 0.26326326   0.787532192404
 0.26426426   0.787032369090
 0.26526527   0.786534747044
 0.26626627   0.786039325171
 0.26726727   0.785546102381
 0.26826827   0.785055077590
 0.26926927   0.784566249719
 0.27027027   0.784079617694
 0.27127127   0.783595180446
 0.27227227   0.783112936914
 0.27327327   0.782632886039
 0.27427427   0.782155026768
 0.27527528   0.781679358056
 0.27627628   0.781205878859
 0.27727728   0.780734588142
 0.27827828   0.780265484874
 0.27927928   0.779798568028
 0.28028028   0.779333836584
 0.28128128   0.778871289527
 0.28228228   0.778410925846
 0.28328328   0.777952744537
 0.28428428   0.777496744599
 0.28528529   0.777042925039
 0.28628629   0.776591284866
 0.28728729   0.776141823098
 0.28828829   0.775694538755
 0.28928929   0.775249430863
 0.29029029   0.774806498454
 0.29129129   0.774365740565
 0.29229229   0.773927156236
 0.29329329   0.773490744516
 0.29429429   0.773056504456
 0.29529530   0.772624435114
 0.29629630   0.772194535551
 0.29729730   0.771766804835
 0.29829830   0.771341242039
 0.29929930   0.770917846240
 0.30030030   0.770496616521
 0.30130130   0.770077551969
 0.30230230   0.769660651678
 0.30330330   0.769245914746
 0.30430430   0.768833340275
 0.30530531   0.768422927373
 0.30630631   0.768014675154
 0.30730731   0.767608582735
 0.30830831   0.767204649240
 0.30930931   0.766802873797
 0.31031031   0.766403255539
 0.31131131   0.766005793603
 0.31231231   0.765610487134
 0.31331331   0.765217335279
 0.31431431   0.764826337191
 0.31531532   0.764437492028
 0.31631632   0.764050798954
 0.31731732   0.763666257136
 0.31831832   0.763283865747
 0.31931932   0.762903623966
 0.32032032   0.762525530974
 0.32132132   0.762149585959
 0.32232232   0.761775788115
 0.32332332   0.761404136639
 0.32432432   0.761034630733
 0.32532533   0.760667269604
 0.32632633   0.760302052465
 0.32732733   0.759938978533
 0.32832833   0.759578047030
 0.32932933   0.759219257182
 0.33033033   0.758862608222
 0.33133133   0.758508099386
 0.33233233   0.758155729915
 0.33333333   0.757805499057
 0.33433433   0.757457406061
 0.33533534   0.757111450184
 0.33633634   0.756767630687
 0.33733734   0.756425946834
 0.33833834   0.756086397898
 0.33933934   0.755748983152
 0.34034034   0.755413701878
 0.34134134   0.755080553359
 0.34234234   0.754749536885
 0.34334334   0.754420651751
 0.34434434   0.754093897255
 0.34534535   0.753769272703
 0.34634635   0.753446777402
 0.34734735   0.753126410665
 0.34834835   0.752808171812
 0.34934935   0.752492060164
 0.35035035   0.752178075051
 0.35135135   0.751866215803
 0.35235235   0.751556481758
 0.35335335   0.751248872259
 0.35435435   0.750943386651
 0.35535536   0.750640024285
 0.35635636   0.750338784519
 0.35735736   0.750039666712
 0.35835836   0.749742670230
 0.35935936   0.749447794444
 0.36036036   0.749155038726
 0.36136136   0.748864402458
 0.36236236   0.748575885024
 0.36336336   0.748289485811
 0.36436436   0.748005204214
 0.36536537   0.747723039630
 0.36636637   0.747442991463
 0.36736737   0.747165059119
 0.36836837   0.746889242011
 0.36936937   0.746615539555
 0.37037037   0.746343951173
 0.37137137   0.746074476290
 0.37237237   0.745807114338
 0.37337337   0.745541864751
 0.37437437   0.745278726968
 0.37537538   0.745017700436
 0.37637638   0.744758784601
 0.37737738   0.744501978919
 0.37837838   0.744247282847
 0.37937938   0.743994695847
 0.38038038   0.743744217388
 0.38138138   0.743495846941
 0.38238238   0.743249583983
 0.38338338   0.743005427994
 0.38438438   0.742763378461
 0.38538539   0.742523434874
 0.38638639   0.742285596726
 0.38738739   0.742049863518
 0.38838839   0.741816234754
 0.38938939   0.741584709942
 0.39039039   0.741355288594
 0.39139139   0.741127970229
 0.39239239   0.740902754368
 0.39339339   0.740679640537
 0.39439439   0.740458628269
 0.39539540   0.740239717098
 0.39639640   0.740022906565
 0.39739740   0.739808196214
 0.39839840   0.739595585594
 0.39939940   0.739385074259
 0.40040040   0.739176661767
 0.40140140   0.738970347680
 0.40240240   0.738766131567
 0.40340340   0.738564012998
 0.40440440   0.738363991549
 0.40540541   0.738166066801
 0.40640641   0.737970238340
 0.40740741   0.737776505753
 0.40840841   0.737584868637
 0.40940941   0.737395326589
 0.41041041   0.737207879211
 0.41141141   0.737022526112
 0.41241241   0.736839266904
 0.41341341   0.736658101202
 0.41441441   0.736479028627
 0.41541542   0.736302048805
 0.41641642   0.736127161365
 0.41741742   0.735954365941
 0.41841842   0.735783662172
 0.41941942   0.735615049701
 0.42042042   0.735448528175
 0.42142142   0.735284097246
 0.42242242   0.735121756571
 0.42342342   0.734961505810
 0.42442442   0.734803344627
 0.42542543   0.734647272694
 0.42642643   0.734493289683
 0.42742743   0.734341395273
 0.42842843   0.734191589147
 0.42942943   0.734043870992
 0.43043043   0.733898240499
 0.43143143   0.733754697365
 0.43243243   0.733613241290
 0.43343343   0.733473871979
 0.43443443   0.733336589140
 0.43543544   0.733201392488
 0.43643644   0.733068281741
 0.43743744   0.732937256620
 0.43843844   0.732808316853
 0.43943944   0.732681462171
 0.44044044   0.732556692309
 0.44144144   0.732434007007
 0.44244244   0.732313406010
 0.44344344   0.732194889065
 0.44444444   0.732078455927
 0.44544545   0.731964106352
 0.44644645   0.731851840103
 0.44744745   0.731741656944
 0.44844845   0.731633556648
 0.44944945   0.731527538988
 0.45045045   0.731423603744
 0.45145145   0.731321750700
 0.45245245   0.731221979643
 0.45345345   0.731124290366
 0.45445445   0.731028682665
 0.45545546   0.730935156341
 0.45645646   0.730843711200
 0.45745746   0.730754347052
 0.45845846   0.730667063710
 0.45945946   0.730581860993
 0.46046046   0.730498738723
 0.46146146   0.730417696728
 0.46246246   0.730338734839
 0.46346346   0.730261852892
 0.46446446   0.730187050726
 0.46546547   0.730114328187
 0.46646647   0.730043685123
 0.46746747   0.729975121387
 0.46846847   0.729908636837
 0.46946947   0.729844231335
 0.47047047   0.729781904745
 0.47147147   0.729721656940
 0.47247247   0.729663487794
 0.47347347   0.729607397185
 0.47447447   0.729553384997
 0.47547548   0.729501451119
 0.47647648   0.729451595441
 0.47747748   0.729403817861
 0.47847848   0.729358118279
 0.47947948   0.729314496600
 0.48048048   0.729272952734
 0.48148148   0.729233486593
 0.48248248   0.729196098097
 0.48348348   0.729160787168
 0.48448448   0.729127553732
 0.48548549   0.729096397720
 0.48648649   0.729067319067
 0.48748749   0.729040317713
 0.48848849   0.729015393602
 0.48948949   0.728992546683
 0.49049049   0.728971776907
 0.49149149   0.728953084231
 0.49249249   0.728936468618
 0.49349349   0.728921930031
 0.49449449   0.728909468442
 0.49549550   0.728899083823
 0.49649650   0.728890776155
 0.49749750   0.728884545418
 0.49849850   0.728880391601
 0.49949950   0.728878314694
 0.50050050   0.728878314694
 0.50150150   0.728880391601
 0.50250250   0.728884545418
 0.50350350   0.728890776155
 0.50450450   0.728899083823
 0.50550551   0.728909468442
 0.50650651   0.728921930031
 0.50750751   0.728936468618
 0.50850851   0.728953084231
 0.50950951   0.728971776907
 0.51051051   0.728992546683
 0.51151151   0.729015393602
 0.51251251   0.729040317713
 0.51351351   0.729067319067
 0.51451451   0.729096397720
 0.51551552   0.729127553732
 0.51651652   0.729160787168
 0.51751752   0.729196098097
 0.51851852   0.729233486593
 0.51951952   0.729272952734
 0.52052052   0.729314496600
 0.52152152   0.729358118279
 0.52252252   0.729403817861
 0.52352352   0.729451595441
 0.52452452   0.729501451119
 0.52552553   0.729553384997
 0.52652653   0.729607397185
 0.52752753   0.729663487794
 0.52852853   0.729721656940
 0.52952953   0.729781904745
 0.53053053   0.729844231335
 0.53153153   0.729908636837
 0.53253253   0.729975121387
 0.53353353   0.730043685123
 0.53453453   0.730114328187
 0.53553554   0.730187050726
 0.53653654   0.730261852892
 0.53753754   0.730338734839
 0.53853854   0.730417696728
 0.53953954   0.730498738723
 0.54054054   0.730581860993
 0.54154154   0.730667063710
 0.54254254   0.730754347052
 0.54354354   0.730843711200
 0.54454454   0.730935156341
 0.54554555   0.731028682665
 0.54654655   0.731124290366
 0.54754755   0.731221979643
 0.54854855   0.731321750700
 0.54954955   0.731423603744
 0.55055055   0.731527538988
 0.55155155   0.731633556648
 0.55255255   0.731741656944
 0.55355355   0.731851840103
 0.55455455   0.731964106352
 0.55555556   0.732078455927
 0.55655656   0.732194889065
 0.55755756   0.732313406010
 0.55855856   0.732434007007
 0.55955956   0.732556692309
 0.56056056   0.732681462171
 0.56156156   0.732808316853
 0.56256256   0.732937256620
 0.56356356   0.733068281741
 0.56456456   0.733201392488
 0.56556557   0.733336589140
 0.56656657   0.733473871979
 0.56756757   0.733613241290
 0.56856857   0.733754697365
 0.56956957   0.733898240499
 0.57057057   0.734043870992
 0.57157157   0.734191589147
 0.57257257   0.734341395273
 0.57357357   0.734493289683
 0.57457457   0.734647272694
 0.57557558   0.734803344627
 0.57657658   0.734961505810
 0.57757758   0.735121756571
 0.57857858   0.735284097246
 0.57957958   0.735448528175
 0.58058058   0.735615049701
 0.58158158   0.735783662172
 0.58258258   0.735954365941
 0.58358358   0.736127161365
 0.58458458   0.736302048805
 0.58558559   0.736479028627
 0.58658659   0.736658101202
 0.58758759   0.736839266904
 0.58858859   0.737022526112
 0.58958959   0.737207879211
 0.59059059   0.737395326589
 0.59159159   0.737584868637
 0.59259259   0.737776505753
 0.59359359   0.737970238340
 0.59459459   0.738166066801
 0.59559560   0.738363991549
 0.59659660   0.738564012998
 0.59759760   0.738766131567
 0.59859860   0.738970347680
 0.59959960   0.739176661767
 0.60060060   0.739385074259
 0.60160160   0.739595585594
 0.60260260   0.739808196214
 0.60360360   0.740022906565
 0.60460460   0.740239717098
 0.60560561   0.740458628269
 0.60660661   0.740679640537
 0.60760761   0.740902754368
 0.60860861   0.741127970229
 0.60960961   0.741355288594
 0.61061061   0.741584709942
 0.61161161   0.741816234754
 0.61261261   0.742049863518
 0.61361361   0.742285596726
 0.61461461   0.742523434874
 0.61561562   0.742763378461
 0.61661662   0.743005427994
 0.61761762   0.743249583983
 0.61861862   0.743495846941
 0.61961962   0.743744217388
 0.62062062   0.743994695847
 0.62162162   0.744247282847
 0.62262262   0.744501978919
 0.62362362   0.744758784601
 0.62462462   0.745017700436
 0.62562563   0.745278726968
 0.62662663   0.745541864751
 0.62762763   0.745807114338
 0.62862863   0.746074476290
 0.62962963   0.746343951173
 0.63063063   0.746615539555
 0.63163163   0.746889242011
 0.63263263   0.747165059119
 0.63363363   0.747442991463
 0.63463463   0.747723039630
 0.63563564   0.748005204214
 0.63663664   0.748289485811
 0.63763764   0.748575885024
 0.63863864   0.748864402458
 0.63963964   0.749155038726
 0.64064064   0.749447794444
 0.64164164   0.749742670230
 0.64264264   0.750039666712
 0.64364364   0.750338784519
 0.64464464   0.750640024285
 0.64564565   0.750943386651
 0.64664665   0.751248872259
 0.64764765   0.751556481758
 0.64864865   0.751866215803
 0.64964965   0.752178075051
 0.65065065   0.752492060164
 0.65165165   0.752808171812
 0.65265265   0.753126410665
 0.65365365   0.753446777402
 0.65465465   0.753769272703
 0.65565566   0.754093897255
 0.65665666   0.754420651751
 0.65765766   0.754749536885
 0.65865866   0.755080553359
 0.65965966   0.755413701878
 0.66066066   0.755748983152
 0.66166166   0.756086397898
 0.66266266   0.756425946834
 0.66366366   0.756767630687
 0.66466466   0.757111450184
 0.66566567   0.757457406061
 0.66666667   0.757805499057
 0.66766767   0.758155729915
 0.66866867   0.758508099386
 0.66966967   0.758862608222
 0.67067067   0.759219257182
 0.67167167   0.759578047030
 0.67267267   0.759938978533
 0.67367367   0.760302052465
 0.67467467   0.760667269604
 0.67567568   0.761034630733
 0.67667668   0.761404136639
 0.67767768   0.761775788115
 0.67867868   0.762149585959
 0.67967968   0.762525530974
 0.68068068   0.762903623966
 0.68168168   0.763283865747
 0.68268268   0.763666257136
 0.68368368   0.764050798954
 0.68468468   0.764437492028
 0.68568569   0.764826337191
 0.68668669   0.765217335279
 0.68768769   0.765610487134
 0.68868869   0.766005793603
 0.68968969   0.766403255539
 0.69069069   0.766802873797
 0.69169169   0.767204649240
 0.69269269   0.767608582735
 0.69369369   0.768014675154
 0.69469469   0.768422927373
 0.69569570   0.768833340275
 0.69669670   0.769245914746
 0.69769770   0.769660651678
 0.69869870   0.770077551969
 0.69969970   0.770496616521
 0.70070070   0.770917846240
 0.70170170   0.771341242039
 0.70270270   0.771766804835
 0.70370370   0.772194535551
 0.70470470   0.772624435114
 0.70570571   0.773056504456
 0.70670671   0.773490744516
 0.70770771   0.773927156236
 0.70870871   0.774365740565
 0.70970971   0.774806498454
 0.71071071   0.775249430863
 0.71171171   0.775694538755
 0.71271271   0.776141823098
 0.71371371   0.776591284866
 0.71471471   0.777042925039
 0.71571572   0.777496744599
 0.71671672   0.777952744537
 0.71771772   0.778410925846
 0.71871872   0.778871289527
 0.71971972   0.779333836584
 0.72072072   0.779798568028
 0.72172172   0.780265484874
 0.72272272   0.780734588142
 0.72372372   0.781205878859
 0.72472472   0.781679358056
 0.72572573   0.782155026768
 0.72672673   0.782632886039
 0.72772773   0.783112936914
 0.72872873   0.783595180446
 0.72972973   0.784079617694
 0.73073073   0.784566249719
 0.73173173   0.785055077590
 0.73273273   0.785546102381
 0.73373373   0.786039325171
 0.73473473   0.786534747044
 0.73573574   0.787032369090
 0.73673674   0.787532192404
 0.73773774   0.788034218087
 0.73873874   0.788538447244
 0.73973974   0.789044880987
 0.74074074   0.789553520432
 0.74174174   0.790064366702
 0.74274274   0.790577420925
 0.74374374   0.791092684233
 0.74474474   0.791610157765
 0.74574575   0.792129842665
 0.74674675   0.792651740083
 0.74774775   0.793175851174
 0.74874875   0.793702177097
 0.74974975   0.794230719020
 0.75075075   0.794761478113
 0.75175175   0.795294455554
 0.75275275   0.795829652526
 0.75375375   0.796367070216
 0.75475475   0.796906709819
 0.75575576   0.797448572534
 0.75675676   0.797992659565
 0.75775776   0.798538972123
 0.75875876   0.799087511425
 0.75975976   0.799638278693
 0.76076076   0.800191275153
 0.76176176   0.800746502038
 0.76276276   0.801303960588
 0.76376376   0.801863652048
 0.76476476   0.802425577666
 0.76576577   0.802989738698
 0.76676677   0.803556136407
 0.76776777   0.804124772060
 0.76876877   0.804695646929
 0.76976977   0.805268762293
 0.77077077   0.805844119437
 0.77177177   0.806421719650
 0.77277277   0.807001564229
 0.77377377   0.807583654475
 0.77477477   0.808167991697
 0.77577578   0.808754577206
 0.77677678   0.809343412324
 0.77777778   0.809934498374
 0.77877878   0.810527836687
 0.77977978   0.811123428601
 0.78078078   0.811721275458
 0.78178178   0.812321378606
 0.78278278   0.812923739400
 0.78378378   0.813528359200
 0.78478478   0.814135239372
 0.78578579   0.814744381289
 0.78678679   0.815355786329
 0.78778779   0.815969455876
 0.78878879   0.816585391319
 0.78978979   0.817203594056
 0.79079079   0.817824065487
 0.79179179   0.818446807022
 0.79279279   0.819071820074
 0.79379379   0.819699106064
 0.79479479   0.820328666417
 0.79579580   0.820960502567
 0.79679680   0.821594615950
 0.79779780   0.822231008013
 0.79879880   0.822869680205
 0.79979980   0.823510633984
 0.80080080   0.824153870811
 0.80180180   0.824799392157
 0.80280280   0.825447199495
 0.80380380   0.826097294309
 0.80480480   0.826749678084
 0.80580581   0.827404352316
 0.80680681   0.828061318503
 0.80780781   0.828720578153
 0.80880881   0.829382132777
 0.80980981   0.830045983895
 0.81081081   0.830712133031
 0.81181181   0.831380581717
 0.81281281   0.832051331491
 0.81381381   0.832724383896
 0.81481481   0.833399740482
 0.81581582   0.834077402807
 0.81681682   0.834757372434
 0.81781782   0.835439650931
 0.81881882   0.836124239875
 0.81981982   0.836811140848
 0.82082082   0.837500355439
 0.82182182   0.838191885242
 0.82282282   0.838885731860
 0.82382382   0.839581896900
 0.82482482   0.840280381977
 0.82582583   0.840981188712
 0.82682683   0.841684318733
 0.82782783   0.842389773674
 0.82882883   0.843097555175
 0.82982983   0.843807664884
 0.83083083   0.844520104455
 0.83183183   0.845234875548
 0.83283283   0.845951979830
 0.83383383   0.846671418975
 0.83483483   0.847393194664
 0.83583584   0.848117308583
 0.83683684   0.848843762426
 0.83783784   0.849572557894
 0.83883884   0.850303696694
 0.83983984   0.851037180539
 0.84084084   0.851773011151
 0.84184184   0.852511190257
 0.84284284   0.853251719592
 0.84384384   0.853994600895
 0.84484484   0.854739835916
 0.84584585   0.855487426409
 0.84684685   0.856237374135
 0.84784785   0.856989680863
 0.84884885   0.857744348368
 0.84984985   0.858501378433
 0.85085085   0.859260772846
 0.85185185   0.860022533405
 0.85285285   0.860786661911
 0.85385385   0.861553160176
 0.85485485   0.862322030016
 0.85585586   0.863093273256
 0.85685686   0.863866891726
 0.85785786   0.864642887265
 0.85885886   0.865421261718
 0.85985986   0.866202016937
 0.86086086   0.866985154783
 0.86186186   0.867770677121
 0.86286286   0.868558585826
 0.86386386   0.869348882778
 0.86486486   0.870141569866
 0.86586587   0.870936648985
 0.86686687   0.871734122038
 0.86786787   0.872533990934
 0.86886887   0.873336257591
 0.86986987   0.874140923933
 0.87087087   0.874947991892
 0.87187187   0.875757463407
 0.87287287   0.876569340424
 0.87387387   0.877383624897
 0.87487487   0.878200318787
 0.87587588   0.879019424063
 0.87687688   0.879840942700
 0.87787788   0.880664876683
 0.87887888   0.881491228002
 0.87987988   0.882319998655
 0.88088088   0.883151190649
 0.88188188   0.883984805997
 0.88288288   0.884820846719
 0.88388388   0.885659314844
 0.88488488   0.886500212410
 0.88588589   0.887343541458
 0.88688689   0.888189304041
 0.88788789   0.889037502218
 0.88888889   0.889888138055
 0.88988989   0.890741213628
 0.89089089   0.891596731017
 0.89189189   0.892454692313
 0.89289289   0.893315099615
 0.89389389   0.894177955026
 0.89489489   0.895043260661
 0.89589590   0.895911018640
 0.89689690   0.896781231093
 0.89789790   0.897653900156
 0.89889890   0.898529027974
 0.89989990   0.899406616700
 0.90090090   0.900286668495
 0.90190190   0.901169185526
 0.90290290   0.902054169971
 0.90390390   0.902941624014
 0.90490490   0.903831549848
 0.90590591   0.904723949673
 0.90690691   0.905618825699
 0.90790791   0.906516180142
 0.90890891   0.907416015227
 0.90990991   0.908318333187
 0.91091091   0.909223136264
 0.91191191   0.910130426707
 0.91291291   0.911040206774
 0.91391391   0.911952478731
 0.91491491   0.912867244853
 0.91591592   0.913784507421
 0.91691692   0.914704268728
 0.91791792   0.915626531071
 0.91891892   0.916551296760
 0.91991992   0.917478568110
 0.92092092   0.918408347445
 0.92192192   0.919340637099
 0.92292292   0.920275439413
 0.92392392   0.921212756736
 0.92492492   0.922152591428
 0.92592593   0.923094945855
 0.92692693   0.924039822393
 0.92792793   0.924987223426
 0.92892893   0.925937151348
 0.92992993   0.926889608559
 0.93093093   0.927844597469
 0.93193193   0.928802120498
 0.93293293   0.929762180074
 0.93393393   0.930724778632
 0.93493493   0.931689918617
 0.93593594   0.932657602485
 0.93693694   0.933627832698
 0.93793794   0.934600611727
 0.93893894   0.935575942053
 0.93993994   0.936553826165
 0.94094094   0.937534266563
 0.94194194   0.938517265754
 0.94294294   0.939502826254
 0.94394394   0.940490950589
 0.94494494   0.941481641293
 0.94594595   0.942474900911
 0.94694695   0.943470731994
 0.94794795   0.944469137106
 0.94894895   0.945470118817
 0.94994995   0.946473679708
 0.95095095   0.947479822368
 0.95195195   0.948488549396
 0.95295295   0.949499863402
 0.95395395   0.950513767001
 0.95495495   0.951530262821
 0.95595596   0.952549353499
 0.95695696   0.953571041680
 0.95795796   0.954595330019
 0.95895896   0.955622221181
 0.95995996   0.956651717841
 0.96096096   0.957683822681
 0.96196196   0.958718538396
 0.96296296   0.959755867688
 0.96396396   0.960795813269
 0.96496496   0.961838377863
 0.96596597   0.962883564200
 0.96696697   0.963931375023
 0.96796797   0.964981813083
 0.96896897   0.966034881141
 0.96996997   0.967090581968
 0.97097097   0.968148918345
 0.97197197   0.969209893063
 0.97297297   0.970273508922
 0.97397397   0.971339768733
 0.97497497   0.972408675318
 0.97597598   0.973480231505
 0.97697698   0.974554440137
 0.97797798   0.975631304064
 0.97897898   0.976710826147
 0.97997998   0.977793009257
 0.98098098   0.978877856275
 0.98198198   0.979965370093
 0.98298298   0.981055553613
 0.98398398   0.982148409746
 0.98498498   0.983243941415
 0.98598599   0.984342151553
 0.98698699   0.985443043102
 0.98798799   0.986546619018
 0.98898899   0.987652882262
 0.98998999   0.988761835811
 0.99099099   0.989873482649
 0.99199199   0.990987825771
 0.99299299   0.992104868185
 0.99399399   0.993224612907
 0.99499499   0.994347062964
 0.99599600   0.995472221395
 0.99699700   0.996600091248
 0.99799800   0.997730675585
 0.99899900   0.998863977475
 1.00000000   1.000000000000


