# Solution for b = 0.00
 0.00000000   1.000000000000
 0.00100000   0.998111754965
 0.00200000   0.996226223086
 0.00300000   0.994343399251
 0.00400000   0.992463278366
 0.00500000   0.990585855355
 0.00600000   0.988711125156
 0.00700000   0.986839082727
 0.00800000   0.984969723041
 0.00900000   0.983103041087
 0.01000000   0.981239031871
 0.01100000   0.979377690416
 0.01200000   0.977519011761
 0.01300000   0.975662990962
 0.01400000   0.973809623089
 0.01500000   0.971958903231
 0.01600000   0.970110826491
 0.01700000   0.968265387989
 0.01800000   0.966422582862
 0.01900000   0.964582406260
 0.02000000   0.962744853351
 0.02100000   0.960909919318
 0.02200000   0.959077599361
 0.02300000   0.957247888693
 0.02400000   0.955420782545
 0.02500000   0.953596276164
 0.02600000   0.951774364808
 0.02700000   0.949955043756
 0.02800000   0.948138308298
 0.02900000   0.946324153742
 0.03000000   0.944512575410
 0.03100000   0.942703568638
 0.03200000   0.940897128780
 0.03300000   0.939093251202
 0.03400000   0.937291931286
 0.03500000   0.935493164430
 0.03600000   0.933696946045
 0.03700000   0.931903271558
 0.03800000   0.930112136409
 0.03900000   0.928323536055
 0.04000000   0.926537465966
 0.04100000   0.924753921627
 0.04200000   0.922972898537
 0.04300000   0.921194392209
 0.04400000   0.919418398172
 0.04500000   0.917644911967
 0.04600000   0.915873929152
 0.04700000   0.914105445295
 0.04800000   0.912339455983
 0.04900000   0.910575956813
 0.05000000   0.908814943398
 0.05100000   0.907056411364
 0.05200000   0.905300356352
 0.05300000   0.903546774016
 0.05400000   0.901795660023
 0.05500000   0.900047010055
 0.05600000   0.898300819806
 0.05700000   0.896557084987
 0.05800000   0.894815801317
 0.05900000   0.893076964534
 0.06000000   0.891340570386
 0.06100000   0.889606614636
 0.06200000   0.887875093058
 0.06300000   0.886146001442
 0.06400000   0.884419335591
 0.06500000   0.882695091318
 0.06600000   0.880973264452
 0.06700000   0.879253850834
 0.06800000   0.877536846319
 0.06900000   0.875822246774
 0.07000000   0.874110048079
 0.07100000   0.872400246126
 0.07200000   0.870692836820
 0.07300000   0.868987816081
 0.07400000   0.867285179840
 0.07500000   0.865584924038
 0.07600000   0.863887044634
 0.07700000   0.862191537595
 0.07800000   0.860498398902
 0.07900000   0.858807624549
 0.08000000   0.857119210542
 0.08100000   0.855433152898
 0.08200000   0.853749447649
 0.08300000   0.852068090836
 0.08400000   0.850389078515
 0.08500000   0.848712406752
 0.08600000   0.847038071626
 0.08700000   0.845366069229
 0.08800000   0.843696395663
 0.08900000   0.842029047042
 0.09000000   0.840364019495
 0.09100000   0.838701309159
 0.09200000   0.837040912184
 0.09300000   0.835382824733
 0.09400000   0.833727042980
 0.09500000   0.832073563110
 0.09600000   0.830422381320
 0.09700000   0.828773493818
 0.09800000   0.827126896825
 0.09900000   0.825482586572
 0.10000000   0.823840559302
 0.10100000   0.822200811270
 0.10200000   0.820563338741
 0.10300000   0.818928137992
 0.10400000   0.817295205312
 0.10500000   0.815664537000
 0.10600000   0.814036129366
 0.10700000   0.812409978732
 0.10800000   0.810786081430
 0.10900000   0.809164433806
 0.11000000   0.807545032213
 0.11100000   0.805927873017
 0.11200000   0.804312952595
 0.11300000   0.802700267334
 0.11400000   0.801089813632
 0.11500000   0.799481587899
 0.11600000   0.797875586554
 0.11700000   0.796271806029
 0.11800000   0.794670242763
 0.11900000   0.793070893209
 0.12000000   0.791473753829
 0.12100000   0.789878821096
 0.12200000   0.788286091494
 0.12300000   0.786695561515
 0.12400000   0.785107227665
 0.12500000   0.783521086458
 0.12600000   0.781937134418
 0.12700000   0.780355368082
 0.12800000   0.778775783994
 0.12900000   0.777198378710
 0.13000000   0.775623148797
 0.13100000   0.774050090829
 0.13200000   0.772479201393
 0.13300000   0.770910477086
 0.13400000   0.769343914512
 0.13500000   0.767779510290
 0.13600000   0.766217261044
 0.13700000   0.764657163411
 0.13800000   0.763099214036
 0.13900000   0.761543409576
 0.14000000   0.759989746695
 0.14100000   0.758438222070
 0.14200000   0.756888832385
 0.14300000   0.755341574334
 0.14400000   0.753796444623
 0.14500000   0.752253439965
 0.14600000   0.750712557084
 0.14700000   0.749173792712
 0.14800000   0.747637143593
 0.14900000   0.746102606478
 0.15000000   0.744570178130
 0.15100000   0.743039855318
 0.15200000   0.741511634824
 0.15300000   0.739985513437
 0.15400000   0.738461487956
 0.15500000   0.736939555189
 0.15600000   0.735419711953
 0.15700000   0.733901955076
 0.15800000   0.732386281393
 0.15900000   0.730872687749
 0.16000000   0.729361170998
 0.16100000   0.727851728003
 0.16200000   0.726344355636
 0.16300000   0.724839050779
 0.16400000   0.723335810321
 0.16500000   0.721834631162
 0.16600000   0.720335510209
 0.16700000   0.718838444380
 0.16800000   0.717343430600
 0.16900000   0.715850465803
 0.17000000   0.714359546933
 0.17100000   0.712870670941
 0.17200000   0.711383834789
 0.17300000   0.709899035446
 0.17400000   0.708416269889
 0.17500000   0.706935535105
 0.17600000   0.705456828090
 0.17700000   0.703980145847
 0.17800000   0.702505485388
 0.17900000   0.701032843734
 0.18000000   0.699562217915
 0.18100000   0.698093604968
 0.18200000   0.696627001939
 0.18300000   0.695162405882
 0.18400000   0.693699813861
 0.18500000   0.692239222946
 0.18600000   0.690780630216
 0.18700000   0.689324032760
 0.18800000   0.687869427672
 0.18900000   0.686416812058
 0.19000000   0.684966183028
 0.19100000   0.683517537705
 0.19200000   0.682070873215
 0.19300000   0.680626186695
 0.19400000   0.679183475290
 0.19500000   0.677742736152
 0.19600000   0.676303966442
 0.19700000   0.674867163329
 0.19800000   0.673432323988
 0.19900000   0.671999445605
 0.20000000   0.670568525370
 0.20100000   0.669139560485
 0.20200000   0.667712548158
 0.20300000   0.666287485603
 0.20400000   0.664864370044
 0.20500000   0.663443198713
 0.20600000   0.662023968848
 0.20700000   0.660606677696
 0.20800000   0.659191322511
 0.20900000   0.657777900555
 0.21000000   0.656366409098
 0.21100000   0.654956845416
 0.21200000   0.653549206794
 0.21300000   0.652143490524
 0.21400000   0.650739693906
 0.21500000   0.649337814247
 0.21600000   0.647937848861
 0.21700000   0.646539795071
 0.21800000   0.645143650206
 0.21900000   0.643749411602
 0.22000000   0.642357076603
 0.22100000   0.640966642562
 0.22200000   0.639578106836
 0.22300000   0.638191466791
 0.22400000   0.636806719801
 0.22500000   0.635423863247
 0.22600000   0.634042894515
 0.22700000   0.632663811001
 0.22800000   0.631286610106
 0.22900000   0.629911289239
 0.23000000   0.628537845817
 0.23100000   0.627166277263
 0.23200000   0.625796581007
 0.23300000   0.624428754487
 0.23400000   0.623062795146
 0.23500000   0.621698700436
 0.23600000   0.620336467815
 0.23700000   0.618976094748
 0.23800000   0.617617578707
 0.23900000   0.616260917172
 0.24000000   0.614906107627
 0.24100000   0.613553147566
 0.24200000   0.612202034488
 0.24300000   0.610852765899
 0.24400000   0.609505339312
 0.24500000   0.608159752247
 0.24600000   0.606816002230
 0.24700000   0.605474086794
 0.24800000   0.604134003480
 0.24900000   0.602795749833
 0.25000000   0.601459323407
 0.25100000   0.600124721761
 0.25200000   0.598791942462
 0.25300000   0.597460983082
 0.25400000   0.596131841201
 0.25500000   0.594804514405
 0.25600000   0.593479000286
 0.25700000   0.592155296443
 0.25800000   0.590833400481
 0.25900000   0.589513310012
 0.26000000   0.588195022654
 0.26100000   0.586878536032
 0.26200000   0.585563847777
 0.26300000   0.584250955525
 0.26400000   0.582939856921
 0.26500000   0.581630549615
 0.26600000   0.580323031262
 0.26700000   0.579017299525
 0.26800000   0.577713352072
 0.26900000   0.576411186580
 0.27000000   0.575110800728
 0.27100000   0.573812192203
 0.27200000   0.572515358701
 0.27300000   0.571220297919
 0.27400000   0.569927007564
 0.27500000   0.568635485347
 0.27600000   0.567345728987
 0.27700000   0.566057736207
 0.27800000   0.564771504737
 0.27900000   0.563487032314
 0.28000000   0.562204316679
 0.28100000   0.560923355581
 0.28200000   0.559644146772
 0.28300000   0.558366688014
 0.28400000   0.557090977071
 0.28500000   0.555817011717
 0.28600000   0.554544789727
 0.28700000   0.553274308886
 0.28800000   0.552005566983
 0.28900000   0.550738561814
 0.29000000   0.549473291178
 0.29100000   0.548209752883
 0.29200000   0.546947944742
 0.29300000   0.545687864572
 0.29400000   0.544429510198
 0.29500000   0.543172879449
 0.29600000   0.541917970161
 0.29700000   0.540664780174
 0.29800000   0.539413307336
 0.29900000   0.538163549498
 0.30000000   0.536915504520
 0.30100000   0.535669170264
 0.30200000   0.534424544600
 0.30300000   0.533181625402
 0.30400000   0.531940410551
 0.30500000   0.530700897932
 0.30600000   0.529463085438
 0.30700000   0.528226970964
 0.30800000   0.526992552413
 0.30900000   0.525759827694
 0.31000000   0.524528794719
 0.31100000   0.523299451406
 0.31200000   0.522071795681
 0.31300000   0.520845825472
 0.31400000   0.519621538715
 0.31500000   0.518398933349
 0.31600000   0.517178007320
 0.31700000   0.515958758580
 0.31800000   0.514741185084
 0.31900000   0.513525284793
 0.32000000   0.512311055676
 0.32100000   0.511098495703
 0.32200000   0.509887602851
 0.32300000   0.508678375105
 0.32400000   0.507470810450
 0.32500000   0.506264906881
 0.32600000   0.505060662395
 0.32700000   0.503858074995
 0.32800000   0.502657142691
 0.32900000   0.501457863494
 0.33000000   0.500260235425
 0.33100000   0.499064256507
 0.33200000   0.497869924768
 0.33300000   0.496677238242
 0.33400000   0.495486194970
 0.33500000   0.494296792993
 0.33600000   0.493109030362
 0.33700000   0.491922905131
 0.33800000   0.490738415358
 0.33900000   0.489555559107
 0.34000000   0.488374334448
 0.34100000   0.487194739454
 0.34200000   0.486016772203
 0.34300000   0.484840430781
 0.34400000   0.483665713275
 0.34500000   0.482492617778
 0.34600000   0.481321142390
 0.34700000   0.480151285213
 0.34800000   0.478983044355
 0.34900000   0.477816417929
 0.35000000   0.476651404054
 0.35100000   0.475488000850
 0.35200000   0.474326206446
 0.35300000   0.473166018974
 0.35400000   0.472007436569
 0.35500000   0.470850457375
 0.35600000   0.469695079536
 0.35700000   0.468541301204
 0.35800000   0.467389120534
 0.35900000   0.466238535687
 0.36000000   0.465089544828
 0.36100000   0.463942146126
 0.36200000   0.462796337755
 0.36300000   0.461652117894
 0.36400000   0.460509484727
 0.36500000   0.459368436442
 0.36600000   0.458228971230
 0.36700000   0.457091087291
 0.36800000   0.455954782824
 0.36900000   0.454820056037
 0.37000000   0.453686905139
 0.37100000   0.452555328348
 0.37200000   0.451425323881
 0.37300000   0.450296889964
 0.37400000   0.449170024826
 0.37500000   0.448044726698
 0.37600000   0.446920993820
 0.37700000   0.445798824433
 0.37800000   0.444678216784
 0.37900000   0.443559169123
 0.38000000   0.442441679705
 0.38100000   0.441325746792
 0.38200000   0.440211368645
 0.38300000   0.439098543535
 0.38400000   0.437987269733
 0.38500000   0.436877545516
 0.38600000   0.435769369167
 0.38700000   0.434662738970
 0.38800000   0.433557653215
 0.38900000   0.432454110197
 0.39000000   0.431352108214
 0.39100000   0.430251645569
 0.39200000   0.429152720569
 0.39300000   0.428055331525
 0.39400000   0.426959476752
 0.39500000   0.425865154570
 0.39600000   0.424772363302
 0.39700000   0.423681101278
 0.39800000   0.422591366828
 0.39900000   0.421503158288
 0.40000000   0.420416474001
 0.40100000   0.419331312309
 0.40200000   0.418247671561
 0.40300000   0.417165550111
 0.40400000   0.416084946315
 0.40500000   0.415005858534
 0.40600000   0.413928285133
 0.40700000   0.412852224481
 0.40800000   0.411777674951
 0.40900000   0.410704634920
 0.41000000   0.409633102770
 0.41100000   0.408563076884
 0.41200000   0.407494555654
 0.41300000   0.406427537470
 0.41400000   0.405362020732
 0.41500000   0.404298003839
 0.41600000   0.403235485197
 0.41700000   0.402174463214
 0.41800000   0.401114936304
 0.41900000   0.400056902884
 0.42000000   0.399000361373
 0.42100000   0.397945310196
 0.42200000   0.396891747783
 0.42300000   0.395839672564
 0.42400000   0.394789082978
 0.42500000   0.393739977462
 0.42600000   0.392692354462
 0.42700000   0.391646212425
 0.42800000   0.390601549803
 0.42900000   0.389558365050
 0.43000000   0.388516656627
 0.43100000   0.387476422995
 0.43200000   0.386437662622
 0.43300000   0.385400373977
 0.43400000   0.384364555536
 0.43500000   0.383330205776
 0.43600000   0.382297323179
 0.43700000   0.381265906230
 0.43800000   0.380235953418
 0.43900000   0.379207463236
 0.44000000   0.378180434180
 0.44100000   0.377154864751
 0.44200000   0.376130753452
 0.44300000   0.375108098792
 0.44400000   0.374086899280
 0.44500000   0.373067153432
 0.44600000   0.372048859766
 0.44700000   0.371032016804
 0.44800000   0.370016623073
 0.44900000   0.369002677100
 0.45000000   0.367990177419
 0.45100000   0.366979122566
 0.45200000   0.365969511081
 0.45300000   0.364961341507
 0.45400000   0.363954612393
 0.45500000   0.362949322287
 0.45600000   0.361945469745
 0.45700000   0.360943053324
 0.45800000   0.359942071584
 0.45900000   0.358942523092
 0.46000000   0.357944406414
 0.46100000   0.356947720123
 0.46200000   0.355952462793
 0.46300000   0.354958633003
 0.46400000   0.353966229335
 0.46500000   0.352975250374
 0.46600000   0.351985694710
 0.46700000   0.350997560934
 0.46800000   0.350010847642
 0.46900000   0.349025553433
 0.47000000   0.348041676910
 0.47100000   0.347059216679
 0.47200000   0.346078171348
 0.47300000   0.345098539531
 0.47400000   0.344120319843
 0.47500000   0.343143510904
 0.47600000   0.342168111336
 0.47700000   0.341194119766
 0.47800000   0.340221534822
 0.47900000   0.339250355137
 0.48000000   0.338280579347
 0.48100000   0.337312206091
 0.48200000   0.336345234012
 0.48300000   0.335379661756
 0.48400000   0.334415487971
 0.48500000   0.333452711309
 0.48600000   0.332491330427
 0.48700000   0.331531343984
 0.48800000   0.330572750640
 0.48900000   0.329615549062
 0.49000000   0.328659737917
 0.49100000   0.327705315878
 0.49200000   0.326752281618
 0.49300000   0.325800633818
 0.49400000   0.324850371156
 0.49500000   0.323901492319
 0.49600000   0.322953995993
 0.49700000   0.322007880868
 0.49800000   0.321063145640
 0.49900000   0.320119789005
 0.50000000   0.319177809663
 0.50100000   0.318237206317
 0.50200000   0.317297977673
 0.50300000   0.316360122442
 0.50400000   0.315423639335
 0.50500000   0.314488527068
 0.50600000   0.313554784360
 0.50700000   0.312622409933
 0.50800000   0.311691402511
 0.50900000   0.310761760823
 0.51000000   0.309833483599
 0.51100000   0.308906569574
 0.51200000   0.307981017484
 0.51300000   0.307056826069
 0.51400000   0.306133994073
 0.51500000   0.305212520241
 0.51600000   0.304292403323
 0.51700000   0.303373642070
 0.51800000   0.302456235239
 0.51900000   0.301540181585
 0.52000000   0.300625479872
 0.52100000   0.299712128862
 0.52200000   0.298800127323
 0.52300000   0.297889474024
 0.52400000   0.296980167738
 0.52500000   0.296072207241
 0.52600000   0.295165591312
 0.52700000   0.294260318732
 0.52800000   0.293356388285
 0.52900000   0.292453798759
 0.53000000   0.291552548944
 0.53100000   0.290652637633
 0.53200000   0.289754063622
 0.53300000   0.288856825711
 0.53400000   0.287960922700
 0.53500000   0.287066353395
 0.53600000   0.286173116603
 0.53700000   0.285281211133
 0.53800000   0.284390635800
 0.53900000   0.283501389420
 0.54000000   0.282613470810
 0.54100000   0.281726878793
 0.54200000   0.280841612192
 0.54300000   0.279957669836
 0.54400000   0.279075050554
 0.54500000   0.278193753178
 0.54600000   0.277313776545
 0.54700000   0.276435119493
 0.54800000   0.275557780862
 0.54900000   0.274681759496
 0.55000000   0.273807054243
 0.55100000   0.272933663950
 0.55200000   0.272061587472
 0.55300000   0.271190823661
 0.55400000   0.270321371375
 0.55500000   0.269453229476
 0.55600000   0.268586396825
 0.55700000   0.267720872288
 0.55800000   0.266856654734
 0.55900000   0.265993743033
 0.56000000   0.265132136060
 0.56100000   0.264271832689
 0.56200000   0.263412831802
 0.56300000   0.262555132278
 0.56400000   0.261698733003
 0.56500000   0.260843632863
 0.56600000   0.259989830748
 0.56700000   0.259137325550
 0.56800000   0.258286116164
 0.56900000   0.257436201487
 0.57000000   0.256587580420
 0.57100000   0.255740251865
 0.57200000   0.254894214727
 0.57300000   0.254049467915
 0.57400000   0.253206010339
 0.57500000   0.252363840911
 0.57600000   0.251522958548
 0.57700000   0.250683362168
 0.57800000   0.249845050691
 0.57900000   0.249008023041
 0.58000000   0.248172278143
 0.58100000   0.247337814926
 0.58200000   0.246504632321
 0.58300000   0.245672729261
 0.58400000   0.244842104683
 0.58500000   0.244012757524
 0.58600000   0.243184686726
 0.58700000   0.242357891233
 0.58800000   0.241532369990
 0.58900000   0.240708121946
 0.59000000   0.239885146051
 0.59100000   0.239063441260
 0.59200000   0.238243006529
 0.59300000   0.237423840815
 0.59400000   0.236605943080
 0.59500000   0.235789312286
 0.59600000   0.234973947401
 0.59700000   0.234159847391
 0.59800000   0.233347011228
 0.59900000   0.232535437885
 0.60000000   0.231725126338
 0.60100000   0.230916075564
 0.60200000   0.230108284543
 0.60300000   0.229301752259
 0.60400000   0.228496477697
 0.60500000   0.227692459843
 0.60600000   0.226889697690
 0.60700000   0.226088190228
 0.60800000   0.225287936452
 0.60900000   0.224488935360
 0.61000000   0.223691185951
 0.61100000   0.222894687226
 0.61200000   0.222099438191
 0.61300000   0.221305437852
 0.61400000   0.220512685218
 0.61500000   0.219721179299
 0.61600000   0.218930919110
 0.61700000   0.218141903666
 0.61800000   0.217354131986
 0.61900000   0.216567603091
 0.62000000   0.215782316002
 0.62100000   0.214998269746
 0.62200000   0.214215463350
 0.62300000   0.213433895844
 0.62400000   0.212653566260
 0.62500000   0.211874473632
 0.62600000   0.211096616996
 0.62700000   0.210319995393
 0.62800000   0.209544607863
 0.62900000   0.208770453449
 0.63000000   0.207997531198
 0.63100000   0.207225840157
 0.63200000   0.206455379376
 0.63300000   0.205686147909
 0.63400000   0.204918144809
 0.63500000   0.204151369134
 0.63600000   0.203385819943
 0.63700000   0.202621496298
 0.63800000   0.201858397261
 0.63900000   0.201096521900
 0.64000000   0.200335869281
 0.64100000   0.199576438476
 0.64200000   0.198818228556
 0.64300000   0.198061238597
 0.64400000   0.197305467675
 0.64500000   0.196550914869
 0.64600000   0.195797579261
 0.64700000   0.195045459934
 0.64800000   0.194294555973
 0.64900000   0.193544866466
 0.65000000   0.192796390503
 0.65100000   0.192049127176
 0.65200000   0.191303075580
 0.65300000   0.190558234810
 0.65400000   0.189814603965
 0.65500000   0.189072182145
 0.65600000   0.188330968454
 0.65700000   0.187590961996
 0.65800000   0.186852161878
 0.65900000   0.186114567210
 0.66000000   0.185378177102
 0.66100000   0.184642990667
 0.66200000   0.183909007022
 0.66300000   0.183176225284
 0.66400000   0.182444644571
 0.66500000   0.181714264007
 0.66600000   0.180985082714
 0.66700000   0.180257099819
 0.66800000   0.179530314449
 0.66900000   0.178804725734
 0.67000000   0.178080332807
 0.67100000   0.177357134801
 0.67200000   0.176635130853
 0.67300000   0.175914320100
 0.67400000   0.175194701684
 0.67500000   0.174476274746
 0.67600000   0.173759038431
 0.67700000   0.173042991885
 0.67800000   0.172328134256
 0.67900000   0.171614464695
 0.68000000   0.170901982354
 0.68100000   0.170190686388
 0.68200000   0.169480575953
 0.68300000   0.168771650207
 0.68400000   0.168063908311
 0.68500000   0.167357349428
 0.68600000   0.166651972721
 0.68700000   0.165947777358
 0.68800000   0.165244762506
 0.68900000   0.164542927336
 0.69000000   0.163842271021
 0.69100000   0.163142792734
 0.69200000   0.162444491652
 0.69300000   0.161747366954
 0.69400000   0.161051417819
 0.69500000   0.160356643429
 0.69600000   0.159663042969
 0.69700000   0.158970615624
 0.69800000   0.158279360584
 0.69900000   0.157589277037
 0.70000000   0.156900364175
 0.70100000   0.156212621192
 0.70200000   0.155526047285
 0.70300000   0.154840641650
 0.70400000   0.154156403487
 0.70500000   0.153473331997
 0.70600000   0.152791426384
 0.70700000   0.152110685854
 0.70800000   0.151431109612
 0.70900000   0.150752696869
 0.71000000   0.150075446836
 0.71100000   0.149399358724
 0.71200000   0.148724431749
 0.71300000   0.148050665127
 0.71400000   0.147378058078
 0.71500000   0.146706609820
 0.71600000   0.146036319577
 0.71700000   0.145367186572
 0.71800000   0.144699210031
 0.71900000   0.144032389182
 0.72000000   0.143366723255
 0.72100000   0.142702211481
 0.72200000   0.142038853094
 0.72300000   0.141376647328
 0.72400000   0.140715593421
 0.72500000   0.140055690611
 0.72600000   0.139396938139
 0.72700000   0.138739335248
 0.72800000   0.138082881181
 0.72900000   0.137427575185
 0.73000000   0.136773416508
 0.73100000   0.136120404400
 0.73200000   0.135468538111
 0.73300000   0.134817816896
 0.73400000   0.134168240009
 0.73500000   0.133519806708
 0.73600000   0.132872516250
 0.73700000   0.132226367897
 0.73800000   0.131581360911
 0.73900000   0.130937494556
 0.74000000   0.130294768097
 0.74100000   0.129653180803
 0.74200000   0.129012731943
 0.74300000   0.128373420787
 0.74400000   0.127735246608
 0.74500000   0.127098208682
 0.74600000   0.126462306285
 0.74700000   0.125827538695
 0.74800000   0.125193905191
 0.74900000   0.124561405056
 0.75000000   0.123930037572
 0.75100000   0.123299802025
 0.75200000   0.122670697702
 0.75300000   0.122042723891
 0.75400000   0.121415879882
 0.75500000   0.120790164968
 0.75600000   0.120165578443
 0.75700000   0.119542119601
 0.75800000   0.118919787740
 0.75900000   0.118298582158
 0.76000000   0.117678502157
 0.76100000   0.117059547038
 0.76200000   0.116441716106
 0.76300000   0.115825008666
 0.76400000   0.115209424026
 0.76500000   0.114594961494
 0.76600000   0.113981620382
 0.76700000   0.113369400001
 0.76800000   0.112758299665
 0.76900000   0.112148318692
 0.77000000   0.111539456397
 0.77100000   0.110931712100
 0.77200000   0.110325085122
 0.77300000   0.109719574785
 0.77400000   0.109115180414
 0.77500000   0.108511901333
 0.77600000   0.107909736870
 0.77700000   0.107308686355
 0.77800000   0.106708749118
 0.77900000   0.106109924491
 0.78000000   0.105512211809
 0.78100000   0.104915610406
 0.78200000   0.104320119620
 0.78300000   0.103725738790
 0.78400000   0.103132467257
 0.78500000   0.102540304362
 0.78600000   0.101949249449
 0.78700000   0.101359301863
 0.78800000   0.100770460952
 0.78900000   0.100182726063
 0.79000000   0.099596096548
 0.79100000   0.099010571757
 0.79200000   0.098426151044
 0.79300000   0.097842833765
 0.79400000   0.097260619275
 0.79500000   0.096679506933
 0.79600000   0.096099496098
 0.79700000   0.095520586132
 0.79800000   0.094942776397
 0.79900000   0.094366066259
 0.80000000   0.093790455082
 0.80100000   0.093215942236
 0.80200000   0.092642527088
 0.80300000   0.092070209010
 0.80400000   0.091498987373
 0.80500000   0.090928861553
 0.80600000   0.090359830924
 0.80700000   0.089791894863
 0.80800000   0.089225052749
 0.80900000   0.088659303961
 0.81000000   0.088094647882
 0.81100000   0.087531083895
 0.81200000   0.086968611384
 0.81300000   0.086407229735
 0.81400000   0.085846938337
 0.81500000   0.085287736578
 0.81600000   0.084729623850
 0.81700000   0.084172599545
 0.81800000   0.083616663057
 0.81900000   0.083061813781
 0.82000000   0.082508051114
 0.82100000   0.081955374454
 0.82200000   0.081403783202
 0.82300000   0.080853276759
 0.82400000   0.080303854528
 0.82500000   0.079755515913
 0.82600000   0.079208260320
 0.82700000   0.078662087158
 0.82800000   0.078116995834
 0.82900000   0.077572985760
 0.83000000   0.077030056347
 0.83100000   0.076488207008
 0.83200000   0.075947437159
 0.83300000   0.075407746216
 0.83400000   0.074869133597
 0.83500000   0.074331598721
 0.83600000   0.073795141009
 0.83700000   0.073259759884
 0.83800000   0.072725454768
 0.83900000   0.072192225088
 0.84000000   0.071660070270
 0.84100000   0.071128989743
 0.84200000   0.070598982935
 0.84300000   0.070070049278
 0.84400000   0.069542188204
 0.84500000   0.069015399148
 0.84600000   0.068489681545
 0.84700000   0.067965034831
 0.84800000   0.067441458446
 0.84900000   0.066918951828
 0.85000000   0.066397514419
 0.85100000   0.065877145662
 0.85200000   0.065357845000
 0.85300000   0.064839611879
 0.85400000   0.064322445747
 0.85500000   0.063806346050
 0.85600000   0.063291312240
 0.85700000   0.062777343767
 0.85800000   0.062264440084
 0.85900000   0.061752600645
 0.86000000   0.061241824905
 0.86100000   0.060732112321
 0.86200000   0.060223462351
 0.86300000   0.059715874455
 0.86400000   0.059209348095
 0.86500000   0.058703882732
 0.86600000   0.058199477830
 0.86700000   0.057696132855
 0.86800000   0.057193847272
 0.86900000   0.056692620551
 0.87000000   0.056192452161
 0.87100000   0.055693341572
 0.87200000   0.055195288256
 0.87300000   0.054698291688
 0.87400000   0.054202351341
 0.87500000   0.053707466693
 0.87600000   0.053213637221
 0.87700000   0.052720862404
 0.87800000   0.052229141722
 0.87900000   0.051738474658
 0.88000000   0.051248860694
 0.88100000   0.050760299315
 0.88200000   0.050272790006
 0.88300000   0.049786332256
 0.88400000   0.049300925552
 0.88500000   0.048816569385
 0.88600000   0.048333263246
 0.88700000   0.047851006627
 0.88800000   0.047369799023
 0.88900000   0.046889639928
 0.89000000   0.046410528840
 0.89100000   0.045932465257
 0.89200000   0.045455448677
 0.89300000   0.044979478602
 0.89400000   0.044504554533
 0.89500000   0.044030675974
 0.89600000   0.043557842429
 0.89700000   0.043086053406
 0.89800000   0.042615308409
 0.89900000   0.042145606950
 0.90000000   0.041676948537
 0.90100000   0.041209332681
 0.90200000   0.040742758896
 0.90300000   0.040277226695
 0.90400000   0.039812735594
 0.90500000   0.039349285109
 0.90600000   0.038886874757
 0.90700000   0.038425504059
 0.90800000   0.037965172534
 0.90900000   0.037505879704
 0.91000000   0.037047625092
 0.91100000   0.036590408223
 0.91200000   0.036134228622
 0.91300000   0.035679085816
 0.91400000   0.035224979333
 0.91500000   0.034771908703
 0.91600000   0.034319873457
 0.91700000   0.033868873127
 0.91800000   0.033418907245
 0.91900000   0.032969975348
 0.92000000   0.032522076970
 0.92100000   0.032075211648
 0.92200000   0.031629378923
 0.92300000   0.031184578332
 0.92400000   0.030740809417
 0.92500000   0.030298071720
 0.92600000   0.029856364785
 0.92700000   0.029415688157
 0.92800000   0.028976041381
 0.92900000   0.028537424006
 0.93000000   0.028099835579
 0.93100000   0.027663275651
 0.93200000   0.027227743772
 0.93300000   0.026793239495
 0.93400000   0.026359762374
 0.93500000   0.025927311963
 0.93600000   0.025495887818
 0.93700000   0.025065489498
 0.93800000   0.024636116559
 0.93900000   0.024207768563
 0.94000000   0.023780445070
 0.94100000   0.023354145643
 0.94200000   0.022928869844
 0.94300000   0.022504617240
 0.94400000   0.022081387395
 0.94500000   0.021659179878
 0.94600000   0.021237994256
 0.94700000   0.020817830099
 0.94800000   0.020398686979
 0.94900000   0.019980564466
 0.95000000   0.019563462136
 0.95100000   0.019147379561
 0.95200000   0.018732316319
 0.95300000   0.018318271985
 0.95400000   0.017905246139
 0.95500000   0.017493238359
 0.95600000   0.017082248226
 0.95700000   0.016672275323
 0.95800000   0.016263319232
 0.95900000   0.015855379537
 0.96000000   0.015448455824
 0.96100000   0.015042547679
 0.96200000   0.014637654691
 0.96300000   0.014233776448
 0.96400000   0.013830912541
 0.96500000   0.013429062561
 0.96600000   0.013028226100
 0.96700000   0.012628402753
 0.96800000   0.012229592115
 0.96900000   0.011831793782
 0.97000000   0.011435007351
 0.97100000   0.011039232420
 0.97200000   0.010644468590
 0.97300000   0.010250715461
 0.97400000   0.009857972636
 0.97500000   0.009466239718
 0.97600000   0.009075516311
 0.97700000   0.008685802021
 0.97800000   0.008297096455
 0.97900000   0.007909399220
 0.98000000   0.007522709926
 0.98100000   0.007137028184
 0.98200000   0.006752353604
 0.98300000   0.006368685799
 0.98400000   0.005986024384
 0.98500000   0.005604368972
 0.98600000   0.005223719181
 0.98700000   0.004844074627
 0.98800000   0.004465434929
 0.98900000   0.004087799707
 0.99000000   0.003711168581
 0.99100000   0.003335541173
 0.99200000   0.002960917106
 0.99300000   0.002587296005
 0.99400000   0.002214677495
 0.99500000   0.001843061201
 0.99600000   0.001472446753
 0.99700000   0.001102833778
 0.99800000   0.000734221907
 0.99900000   0.000366610770
 1.00000000   0.000000000000


# Solution for b = 0.10
 0.00000000   1.000000000000
 0.00100000   0.998190630092
 0.00200000   0.996383973553
 0.00300000   0.994580025485
 0.00400000   0.992778781007
 0.00500000   0.990980235254
 0.00600000   0.989184383377
 0.00700000   0.987391220540
 0.00800000   0.985600741928
 0.00900000   0.983812942739
 0.01000000   0.982027818185
 0.01100000   0.980245363498
 0.01200000   0.978465573922
 0.01300000   0.976688444718
 0.01400000   0.974913971163
 0.01500000   0.973142148549
 0.01600000   0.971372972182
 0.01700000   0.969606437385
 0.01800000   0.967842539495
 0.01900000   0.966081273867
 0.02000000   0.964322635867
 0.02100000   0.962566620878
 0.02200000   0.960813224299
 0.02300000   0.959062441543
 0.02400000   0.957314268036
 0.02500000   0.955568699223
 0.02600000   0.953825730559
 0.02700000   0.952085357518
 0.02800000   0.950347575585
 0.02900000   0.948612380262
 0.03000000   0.946879767065
 0.03100000   0.945149731523
 0.03200000   0.943422269180
 0.03300000   0.941697375596
 0.03400000   0.939975046344
 0.03500000   0.938255277011
 0.03600000   0.936538063197
 0.03700000   0.934823400519
 0.03800000   0.933111284606
 0.03900000   0.931401711101
 0.04000000   0.929694675661
 0.04100000   0.927990173958
 0.04200000   0.926288201677
 0.04300000   0.924588754515
 0.04400000   0.922891828187
 0.04500000   0.921197418416
 0.04600000   0.919505520944
 0.04700000   0.917816131523
 0.04800000   0.916129245919
 0.04900000   0.914444859912
 0.05000000   0.912762969297
 0.05100000   0.911083569878
 0.05200000   0.909406657477
 0.05300000   0.907732227925
 0.05400000   0.906060277070
 0.05500000   0.904390800770
 0.05600000   0.902723794898
 0.05700000   0.901059255338
 0.05800000   0.899397177989
 0.05900000   0.897737558763
 0.06000000   0.896080393582
 0.06100000   0.894425678383
 0.06200000   0.892773409116
 0.06300000   0.891123581743
 0.06400000   0.889476192238
 0.06500000   0.887831236588
 0.06600000   0.886188710794
 0.06700000   0.884548610867
 0.06800000   0.882910932832
 0.06900000   0.881275672726
 0.07000000   0.879642826598
 0.07100000   0.878012390510
 0.07200000   0.876384360536
 0.07300000   0.874758732761
 0.07400000   0.873135503283
 0.07500000   0.871514668213
 0.07600000   0.869896223674
 0.07700000   0.868280165798
 0.07800000   0.866666490733
 0.07900000   0.865055194636
 0.08000000   0.863446273677
 0.08100000   0.861839724038
 0.08200000   0.860235541913
 0.08300000   0.858633723505
 0.08400000   0.857034265033
 0.08500000   0.855437162724
 0.08600000   0.853842412819
 0.08700000   0.852250011569
 0.08800000   0.850659955237
 0.08900000   0.849072240097
 0.09000000   0.847486862435
 0.09100000   0.845903818549
 0.09200000   0.844323104746
 0.09300000   0.842744717347
 0.09400000   0.841168652683
 0.09500000   0.839594907094
 0.09600000   0.838023476936
 0.09700000   0.836454358572
 0.09800000   0.834887548377
 0.09900000   0.833323042738
 0.10000000   0.831760838052
 0.10100000   0.830200930727
 0.10200000   0.828643317183
 0.10300000   0.827087993849
 0.10400000   0.825534957166
 0.10500000   0.823984203587
 0.10600000   0.822435729572
 0.10700000   0.820889531595
 0.10800000   0.819345606139
 0.10900000   0.817803949698
 0.11000000   0.816264558778
 0.11100000   0.814727429893
 0.11200000   0.813192559568
 0.11300000   0.811659944341
 0.11400000   0.810129580757
 0.11500000   0.808601465373
 0.11600000   0.807075594756
 0.11700000   0.805551965484
 0.11800000   0.804030574145
 0.11900000   0.802511417335
 0.12000000   0.800994491663
 0.12100000   0.799479793748
 0.12200000   0.797967320217
 0.12300000   0.796457067708
 0.12400000   0.794949032870
 0.12500000   0.793443212361
 0.12600000   0.791939602850
 0.12700000   0.790438201013
 0.12800000   0.788939003539
 0.12900000   0.787442007126
 0.13000000   0.785947208482
 0.13100000   0.784454604322
 0.13200000   0.782964191375
 0.13300000   0.781475966377
 0.13400000   0.779989926074
 0.13500000   0.778506067222
 0.13600000   0.777024386587
 0.13700000   0.775544880943
 0.13800000   0.774067547075
 0.13900000   0.772592381777
 0.14000000   0.771119381853
 0.14100000   0.769648544114
 0.14200000   0.768179865383
 0.14300000   0.766713342492
 0.14400000   0.765248972281
 0.14500000   0.763786751601
 0.14600000   0.762326677310
 0.14700000   0.760868746276
 0.14800000   0.759412955379
 0.14900000   0.757959301503
 0.15000000   0.756507781545
 0.15100000   0.755058392410
 0.15200000   0.753611131011
 0.15300000   0.752165994272
 0.15400000   0.750722979123
 0.15500000   0.749282082507
 0.15600000   0.747843301372
 0.15700000   0.746406632677
 0.15800000   0.744972073389
 0.15900000   0.743539620485
 0.16000000   0.742109270949
 0.16100000   0.740681021774
 0.16200000   0.739254869964
 0.16300000   0.737830812529
 0.16400000   0.736408846488
 0.16500000   0.734988968871
 0.16600000   0.733571176713
 0.16700000   0.732155467060
 0.16800000   0.730741836966
 0.16900000   0.729330283493
 0.17000000   0.727920803712
 0.17100000   0.726513394703
 0.17200000   0.725108053552
 0.17300000   0.723704777357
 0.17400000   0.722303563221
 0.17500000   0.720904408256
 0.17600000   0.719507309584
 0.17700000   0.718112264335
 0.17800000   0.716719269644
 0.17900000   0.715328322659
 0.18000000   0.713939420532
 0.18100000   0.712552560426
 0.18200000   0.711167739510
 0.18300000   0.709784954962
 0.18400000   0.708404203969
 0.18500000   0.707025483725
 0.18600000   0.705648791432
 0.18700000   0.704274124299
 0.18800000   0.702901479545
 0.18900000   0.701530854396
 0.19000000   0.700162246086
 0.19100000   0.698795651855
 0.19200000   0.697431068954
 0.19300000   0.696068494640
 0.19400000   0.694707926178
 0.19500000   0.693349360840
 0.19600000   0.691992795907
 0.19700000   0.690638228668
 0.19800000   0.689285656417
 0.19900000   0.687935076459
 0.20000000   0.686586486105
 0.20100000   0.685239882673
 0.20200000   0.683895263489
 0.20300000   0.682552625887
 0.20400000   0.681211967209
 0.20500000   0.679873284802
 0.20600000   0.678536576024
 0.20700000   0.677201838238
 0.20800000   0.675869068815
 0.20900000   0.674538265132
 0.21000000   0.673209424577
 0.21100000   0.671882544542
 0.21200000   0.670557622427
 0.21300000   0.669234655640
 0.21400000   0.667913641596
 0.21500000   0.666594577717
 0.21600000   0.665277461432
 0.21700000   0.663962290178
 0.21800000   0.662649061398
 0.21900000   0.661337772543
 0.22000000   0.660028421071
 0.22100000   0.658721004447
 0.22200000   0.657415520143
 0.22300000   0.656111965638
 0.22400000   0.654810338418
 0.22500000   0.653510635976
 0.22600000   0.652212855812
 0.22700000   0.650916995432
 0.22800000   0.649623052352
 0.22900000   0.648331024091
 0.23000000   0.647040908177
 0.23100000   0.645752702145
 0.23200000   0.644466403535
 0.23300000   0.643182009897
 0.23400000   0.641899518783
 0.23500000   0.640618927758
 0.23600000   0.639340234387
 0.23700000   0.638063436248
 0.23800000   0.636788530921
 0.23900000   0.635515515994
 0.24000000   0.634244389063
 0.24100000   0.632975147730
 0.24200000   0.631707789602
 0.24300000   0.630442312294
 0.24400000   0.629178713429
 0.24500000   0.627916990633
 0.24600000   0.626657141541
 0.24700000   0.625399163794
 0.24800000   0.624143055040
 0.24900000   0.622888812932
 0.25000000   0.621636435130
 0.25100000   0.620385919301
 0.25200000   0.619137263119
 0.25300000   0.617890464262
 0.25400000   0.616645520416
 0.25500000   0.615402429273
 0.25600000   0.614161188532
 0.25700000   0.612921795897
 0.25800000   0.611684249080
 0.25900000   0.610448545797
 0.26000000   0.609214683771
 0.26100000   0.607982660732
 0.26200000   0.606752474417
 0.26300000   0.605524122566
 0.26400000   0.604297602928
 0.26500000   0.603072913257
 0.26600000   0.601850051313
 0.26700000   0.600629014862
 0.26800000   0.599409801677
 0.26900000   0.598192409536
 0.27000000   0.596976836224
 0.27100000   0.595763079532
 0.27200000   0.594551137254
 0.27300000   0.593341007194
 0.27400000   0.592132687161
 0.27500000   0.590926174968
 0.27600000   0.589721468435
 0.27700000   0.588518565389
 0.27800000   0.587317463661
 0.27900000   0.586118161089
 0.28000000   0.584920655517
 0.28100000   0.583724944795
 0.28200000   0.582531026776
 0.28300000   0.581338899322
 0.28400000   0.580148560300
 0.28500000   0.578960007583
 0.28600000   0.577773239048
 0.28700000   0.576588252579
 0.28800000   0.575405046066
 0.28900000   0.574223617404
 0.29000000   0.573043964494
 0.29100000   0.571866085242
 0.29200000   0.570689977560
 0.29300000   0.569515639366
 0.29400000   0.568343068584
 0.29500000   0.567172263141
 0.29600000   0.566003220973
 0.29700000   0.564835940020
 0.29800000   0.563670418225
 0.29900000   0.562506653542
 0.30000000   0.561344643925
 0.30100000   0.560184387336
 0.30200000   0.559025881744
 0.30300000   0.557869125120
 0.30400000   0.556714115442
 0.30500000   0.555560850694
 0.30600000   0.554409328865
 0.30700000   0.553259547949
 0.30800000   0.552111505945
 0.30900000   0.550965200858
 0.31000000   0.549820630698
 0.31100000   0.548677793481
 0.31200000   0.547536687227
 0.31300000   0.546397309962
 0.31400000   0.545259659718
 0.31500000   0.544123734530
 0.31600000   0.542989532441
 0.31700000   0.541857051496
 0.31800000   0.540726289749
 0.31900000   0.539597245256
 0.32000000   0.538469916079
 0.32100000   0.537344300285
 0.32200000   0.536220395948
 0.32300000   0.535098201144
 0.32400000   0.533977713957
 0.32500000   0.532858932474
 0.32600000   0.531741854787
 0.32700000   0.530626478996
 0.32800000   0.529512803201
 0.32900000   0.528400825512
 0.33000000   0.527290544041
 0.33100000   0.526181956905
 0.33200000   0.525075062229
 0.33300000   0.523969858138
 0.33400000   0.522866342766
 0.33500000   0.521764514250
 0.33600000   0.520664370733
 0.33700000   0.519565910362
 0.33800000   0.518469131289
 0.33900000   0.517374031670
 0.34000000   0.516280609669
 0.34100000   0.515188863452
 0.34200000   0.514098791189
 0.34300000   0.513010391058
 0.34400000   0.511923661239
 0.34500000   0.510838599918
 0.34600000   0.509755205286
 0.34700000   0.508673475537
 0.34800000   0.507593408873
 0.34900000   0.506515003498
 0.35000000   0.505438257620
 0.35100000   0.504363169455
 0.35200000   0.503289737221
 0.35300000   0.502217959142
 0.35400000   0.501147833444
 0.35500000   0.500079358363
 0.35600000   0.499012532133
 0.35700000   0.497947352998
 0.35800000   0.496883819204
 0.35900000   0.495821929002
 0.36000000   0.494761680647
 0.36100000   0.493703072400
 0.36200000   0.492646102526
 0.36300000   0.491590769293
 0.36400000   0.490537070975
 0.36500000   0.489485005851
 0.36600000   0.488434572203
 0.36700000   0.487385768318
 0.36800000   0.486338592488
 0.36900000   0.485293043010
 0.37000000   0.484249118182
 0.37100000   0.483206816311
 0.37200000   0.482166135705
 0.37300000   0.481127074679
 0.37400000   0.480089631550
 0.37500000   0.479053804640
 0.37600000   0.478019592277
 0.37700000   0.476986992791
 0.37800000   0.475956004518
 0.37900000   0.474926625798
 0.38000000   0.473898854974
 0.38100000   0.472872690395
 0.38200000   0.471848130414
 0.38300000   0.470825173387
 0.38400000   0.469803817675
 0.38500000   0.468784061644
 0.38600000   0.467765903663
 0.38700000   0.466749342106
 0.38800000   0.465734375351
 0.38900000   0.464721001780
 0.39000000   0.463709219780
 0.39100000   0.462699027740
 0.39200000   0.461690424056
 0.39300000   0.460683407127
 0.39400000   0.459677975354
 0.39500000   0.458674127146
 0.39600000   0.457671860914
 0.39700000   0.456671175072
 0.39800000   0.455672068040
 0.39900000   0.454674538241
 0.40000000   0.453678584104
 0.40100000   0.452684204058
 0.40200000   0.451691396541
 0.40300000   0.450700159990
 0.40400000   0.449710492851
 0.40500000   0.448722393571
 0.40600000   0.447735860600
 0.40700000   0.446750892395
 0.40800000   0.445767487415
 0.40900000   0.444785644124
 0.41000000   0.443805360989
 0.41100000   0.442826636482
 0.41200000   0.441849469077
 0.41300000   0.440873857254
 0.41400000   0.439899799496
 0.41500000   0.438927294290
 0.41600000   0.437956340126
 0.41700000   0.436986935501
 0.41800000   0.436019078911
 0.41900000   0.435052768860
 0.42000000   0.434088003854
 0.42100000   0.433124782403
 0.42200000   0.432163103021
 0.42300000   0.431202964226
 0.42400000   0.430244364539
 0.42500000   0.429287302485
 0.42600000   0.428331776595
 0.42700000   0.427377785399
 0.42800000   0.426425327436
 0.42900000   0.425474401245
 0.43000000   0.424525005370
 0.43100000   0.423577138360
 0.43200000   0.422630798766
 0.43300000   0.421685985143
 0.43400000   0.420742696050
 0.43500000   0.419800930050
 0.43600000   0.418860685709
 0.43700000   0.417921961596
 0.43800000   0.416984756286
 0.43900000   0.416049068355
 0.44000000   0.415114896386
 0.44100000   0.414182238961
 0.44200000   0.413251094669
 0.44300000   0.412321462102
 0.44400000   0.411393339855
 0.44500000   0.410466726528
 0.44600000   0.409541620722
 0.44700000   0.408618021043
 0.44800000   0.407695926102
 0.44900000   0.406775334511
 0.45000000   0.405856244886
 0.45100000   0.404938655849
 0.45200000   0.404022566023
 0.45300000   0.403107974035
 0.45400000   0.402194878515
 0.45500000   0.401283278099
 0.45600000   0.400373171423
 0.45700000   0.399464557129
 0.45800000   0.398557433861
 0.45900000   0.397651800268
 0.46000000   0.396747655001
 0.46100000   0.395844996714
 0.46200000   0.394943824067
 0.46300000   0.394044135721
 0.46400000   0.393145930342
 0.46500000   0.392249206597
 0.46600000   0.391353963159
 0.46700000   0.390460198703
 0.46800000   0.389567911909
 0.46900000   0.388677101457
 0.47000000   0.387787766034
 0.47100000   0.386899904328
 0.47200000   0.386013515031
 0.47300000   0.385128596839
 0.47400000   0.384245148451
 0.47500000   0.383363168569
 0.47600000   0.382482655897
 0.47700000   0.381603609145
 0.47800000   0.380726027025
 0.47900000   0.379849908252
 0.48000000   0.378975251544
 0.48100000   0.378102055624
 0.48200000   0.377230319215
 0.48300000   0.376360041047
 0.48400000   0.375491219851
 0.48500000   0.374623854362
 0.48600000   0.373757943316
 0.48700000   0.372893485457
 0.48800000   0.372030479527
 0.48900000   0.371168924275
 0.49000000   0.370308818451
 0.49100000   0.369450160810
 0.49200000   0.368592950107
 0.49300000   0.367737185103
 0.49400000   0.366882864562
 0.49500000   0.366029987251
 0.49600000   0.365178551938
 0.49700000   0.364328557396
 0.49800000   0.363480002402
 0.49900000   0.362632885734
 0.50000000   0.361787206175
 0.50100000   0.360942962509
 0.50200000   0.360100153525
 0.50300000   0.359258778014
 0.50400000   0.358418834771
 0.50500000   0.357580322593
 0.50600000   0.356743240281
 0.50700000   0.355907586638
 0.50800000   0.355073360471
 0.50900000   0.354240560590
 0.51000000   0.353409185806
 0.51100000   0.352579234937
 0.51200000   0.351750706800
 0.51300000   0.350923600218
 0.51400000   0.350097914014
 0.51500000   0.349273647018
 0.51600000   0.348450798059
 0.51700000   0.347629365971
 0.51800000   0.346809349590
 0.51900000   0.345990747757
 0.52000000   0.345173559314
 0.52100000   0.344357783105
 0.52200000   0.343543417981
 0.52300000   0.342730462791
 0.52400000   0.341918916391
 0.52500000   0.341108777637
 0.52600000   0.340300045390
 0.52700000   0.339492718512
 0.52800000   0.338686795869
 0.52900000   0.337882276331
 0.53000000   0.337079158768
 0.53100000   0.336277442055
 0.53200000   0.335477125070
 0.53300000   0.334678206693
 0.53400000   0.333880685806
 0.53500000   0.333084561296
 0.53600000   0.332289832052
 0.53700000   0.331496496965
 0.53800000   0.330704554929
 0.53900000   0.329914004842
 0.54000000   0.329124845604
 0.54100000   0.328337076117
 0.54200000   0.327550695288
 0.54300000   0.326765702024
 0.54400000   0.325982095237
 0.54500000   0.325199873841
 0.54600000   0.324419036752
 0.54700000   0.323639582891
 0.54800000   0.322861511179
 0.54900000   0.322084820541
 0.55000000   0.321309509905
 0.55100000   0.320535578201
 0.55200000   0.319763024364
 0.55300000   0.318991847328
 0.55400000   0.318222046032
 0.55500000   0.317453619418
 0.55600000   0.316686566430
 0.55700000   0.315920886014
 0.55800000   0.315156577120
 0.55900000   0.314393638701
 0.56000000   0.313632069710
 0.56100000   0.312871869106
 0.56200000   0.312113035848
 0.56300000   0.311355568900
 0.56400000   0.310599467226
 0.56500000   0.309844729795
 0.56600000   0.309091355578
 0.56700000   0.308339343548
 0.56800000   0.307588692681
 0.56900000   0.306839401956
 0.57000000   0.306091470354
 0.57100000   0.305344896858
 0.57200000   0.304599680456
 0.57300000   0.303855820135
 0.57400000   0.303113314889
 0.57500000   0.302372163711
 0.57600000   0.301632365597
 0.57700000   0.300893919548
 0.57800000   0.300156824565
 0.57900000   0.299421079653
 0.58000000   0.298686683819
 0.58100000   0.297953636072
 0.58200000   0.297221935425
 0.58300000   0.296491580892
 0.58400000   0.295762571490
 0.58500000   0.295034906239
 0.58600000   0.294308584162
 0.58700000   0.293583604283
 0.58800000   0.292859965630
 0.58900000   0.292137667232
 0.59000000   0.291416708122
 0.59100000   0.290697087334
 0.59200000   0.289978803905
 0.59300000   0.289261856876
 0.59400000   0.288546245289
 0.59500000   0.287831968187
 0.59600000   0.287119024620
 0.59700000   0.286407413635
 0.59800000   0.285697134285
 0.59900000   0.284988185625
 0.60000000   0.284280566711
 0.60100000   0.283574276604
 0.60200000   0.282869314364
 0.60300000   0.282165679055
 0.60400000   0.281463369746
 0.60500000   0.280762385504
 0.60600000   0.280062725401
 0.60700000   0.279364388512
 0.60800000   0.278667373911
 0.60900000   0.277971680679
 0.61000000   0.277277307896
 0.61100000   0.276584254645
 0.61200000   0.275892520012
 0.61300000   0.275202103085
 0.61400000   0.274513002956
 0.61500000   0.273825218717
 0.61600000   0.273138749462
 0.61700000   0.272453594291
 0.61800000   0.271769752302
 0.61900000   0.271087222598
 0.62000000   0.270406004284
 0.62100000   0.269726096466
 0.62200000   0.269047498254
 0.62300000   0.268370208760
 0.62400000   0.267694227097
 0.62500000   0.267019552382
 0.62600000   0.266346183733
 0.62700000   0.265674120271
 0.62800000   0.265003361119
 0.62900000   0.264333905403
 0.63000000   0.263665752250
 0.63100000   0.262998900790
 0.63200000   0.262333350156
 0.63300000   0.261669099481
 0.63400000   0.261006147904
 0.63500000   0.260344494562
 0.63600000   0.259684138597
 0.63700000   0.259025079153
 0.63800000   0.258367315376
 0.63900000   0.257710846413
 0.64000000   0.257055671415
 0.64100000   0.256401789534
 0.64200000   0.255749199925
 0.64300000   0.255097901746
 0.64400000   0.254447894154
 0.64500000   0.253799176312
 0.64600000   0.253151747383
 0.64700000   0.252505606533
 0.64800000   0.251860752929
 0.64900000   0.251217185743
 0.65000000   0.250574904147
 0.65100000   0.249933907314
 0.65200000   0.249294194422
 0.65300000   0.248655764650
 0.65400000   0.248018617178
 0.65500000   0.247382751191
 0.65600000   0.246748165872
 0.65700000   0.246114860411
 0.65800000   0.245482833996
 0.65900000   0.244852085820
 0.66000000   0.244222615077
 0.66100000   0.243594420962
 0.66200000   0.242967502674
 0.66300000   0.242341859413
 0.66400000   0.241717490383
 0.66500000   0.241094394786
 0.66600000   0.240472571832
 0.66700000   0.239852020727
 0.66800000   0.239232740684
 0.66900000   0.238614730915
 0.67000000   0.237997990635
 0.67100000   0.237382519063
 0.67200000   0.236768315416
 0.67300000   0.236155378917
 0.67400000   0.235543708790
 0.67500000   0.234933304259
 0.67600000   0.234324164553
 0.67700000   0.233716288901
 0.67800000   0.233109676536
 0.67900000   0.232504326690
 0.68000000   0.231900238601
 0.68100000   0.231297411506
 0.68200000   0.230695844644
 0.68300000   0.230095537260
 0.68400000   0.229496488595
 0.68500000   0.228898697897
 0.68600000   0.228302164414
 0.68700000   0.227706887397
 0.68800000   0.227112866096
 0.68900000   0.226520099767
 0.69000000   0.225928587667
 0.69100000   0.225338329052
 0.69200000   0.224749323184
 0.69300000   0.224161569325
 0.69400000   0.223575066740
 0.69500000   0.222989814694
 0.69600000   0.222405812456
 0.69700000   0.221823059297
 0.69800000   0.221241554488
 0.69900000   0.220661297304
 0.70000000   0.220082287021
 0.70100000   0.219504522918
 0.70200000   0.218928004274
 0.70300000   0.218352730372
 0.70400000   0.217778700497
 0.70500000   0.217205913933
 0.70600000   0.216634369969
 0.70700000   0.216064067895
 0.70800000   0.215495007004
 0.70900000   0.214927186588
 0.71000000   0.214360605945
 0.71100000   0.213795264370
 0.71200000   0.213231161165
 0.71300000   0.212668295631
 0.71400000   0.212106667071
 0.71500000   0.211546274792
 0.71600000   0.210987118099
 0.71700000   0.210429196303
 0.71800000   0.209872508715
 0.71900000   0.209317054648
 0.72000000   0.208762833417
 0.72100000   0.208209844339
 0.72200000   0.207658086732
 0.72300000   0.207107559918
 0.72400000   0.206558263219
 0.72500000   0.206010195960
 0.72600000   0.205463357466
 0.72700000   0.204917747066
 0.72800000   0.204373364091
 0.72900000   0.203830207872
 0.73000000   0.203288277743
 0.73100000   0.202747573040
 0.73200000   0.202208093101
 0.73300000   0.201669837264
 0.73400000   0.201132804871
 0.73500000   0.200596995266
 0.73600000   0.200062407793
 0.73700000   0.199529041799
 0.73800000   0.198996896633
 0.73900000   0.198465971645
 0.74000000   0.197936266188
 0.74100000   0.197407779616
 0.74200000   0.196880511285
 0.74300000   0.196354460552
 0.74400000   0.195829626778
 0.74500000   0.195306009323
 0.74600000   0.194783607552
 0.74700000   0.194262420829
 0.74800000   0.193742448521
 0.74900000   0.193223689996
 0.75000000   0.192706144626
 0.75100000   0.192189811783
 0.75200000   0.191674690840
 0.75300000   0.191160781174
 0.75400000   0.190648082162
 0.75500000   0.190136593184
 0.75600000   0.189626313620
 0.75700000   0.189117242855
 0.75800000   0.188609380272
 0.75900000   0.188102725259
 0.76000000   0.187597277203
 0.76100000   0.187093035495
 0.76200000   0.186589999527
 0.76300000   0.186088168691
 0.76400000   0.185587542385
 0.76500000   0.185088120004
 0.76600000   0.184589900948
 0.76700000   0.184092884617
 0.76800000   0.183597070414
 0.76900000   0.183102457742
 0.77000000   0.182609046008
 0.77100000   0.182116834619
 0.77200000   0.181625822985
 0.77300000   0.181136010516
 0.77400000   0.180647396626
 0.77500000   0.180159980728
 0.77600000   0.179673762240
 0.77700000   0.179188740578
 0.77800000   0.178704915163
 0.77900000   0.178222285416
 0.78000000   0.177740850760
 0.78100000   0.177260610620
 0.78200000   0.176781564423
 0.78300000   0.176303711596
 0.78400000   0.175827051569
 0.78500000   0.175351583774
 0.78600000   0.174877307645
 0.78700000   0.174404222616
 0.78800000   0.173932328123
 0.78900000   0.173461623606
 0.79000000   0.172992108504
 0.79100000   0.172523782259
 0.79200000   0.172056644314
 0.79300000   0.171590694115
 0.79400000   0.171125931107
 0.79500000   0.170662354739
 0.79600000   0.170199964462
 0.79700000   0.169738759727
 0.79800000   0.169278739988
 0.79900000   0.168819904698
 0.80000000   0.168362253316
 0.80100000   0.167905785299
 0.80200000   0.167450500108
 0.80300000   0.166996397203
 0.80400000   0.166543476049
 0.80500000   0.166091736109
 0.80600000   0.165641176851
 0.80700000   0.165191797743
 0.80800000   0.164743598254
 0.80900000   0.164296577856
 0.81000000   0.163850736022
 0.81100000   0.163406072227
 0.81200000   0.162962585946
 0.81300000   0.162520276659
 0.81400000   0.162079143843
 0.81500000   0.161639186981
 0.81600000   0.161200405556
 0.81700000   0.160762799051
 0.81800000   0.160326366952
 0.81900000   0.159891108747
 0.82000000   0.159457023926
 0.82100000   0.159024111978
 0.82200000   0.158592372397
 0.82300000   0.158161804676
 0.82400000   0.157732408312
 0.82500000   0.157304182800
 0.82600000   0.156877127639
 0.82700000   0.156451242331
 0.82800000   0.156026526377
 0.82900000   0.155602979280
 0.83000000   0.155180600545
 0.83100000   0.154759389679
 0.83200000   0.154339346191
 0.83300000   0.153920469589
 0.83400000   0.153502759386
 0.83500000   0.153086215094
 0.83600000   0.152670836227
 0.83700000   0.152256622302
 0.83800000   0.151843572836
 0.83900000   0.151431687348
 0.84000000   0.151020965360
 0.84100000   0.150611406392
 0.84200000   0.150203009970
 0.84300000   0.149795775617
 0.84400000   0.149389702862
 0.84500000   0.148984791233
 0.84600000   0.148581040258
 0.84700000   0.148178449471
 0.84800000   0.147777018404
 0.84900000   0.147376746591
 0.85000000   0.146977633569
 0.85100000   0.146579678875
 0.85200000   0.146182882048
 0.85300000   0.145787242629
 0.85400000   0.145392760161
 0.85500000   0.144999434186
 0.85600000   0.144607264250
 0.85700000   0.144216249900
 0.85800000   0.143826390684
 0.85900000   0.143437686152
 0.86000000   0.143050135855
 0.86100000   0.142663739346
 0.86200000   0.142278496178
 0.86300000   0.141894405909
 0.86400000   0.141511468094
 0.86500000   0.141129682294
 0.86600000   0.140749048067
 0.86700000   0.140369564976
 0.86800000   0.139991232585
 0.86900000   0.139614050457
 0.87000000   0.139238018159
 0.87100000   0.138863135259
 0.87200000   0.138489401326
 0.87300000   0.138116815931
 0.87400000   0.137745378645
 0.87500000   0.137375089043
 0.87600000   0.137005946700
 0.87700000   0.136637951191
 0.87800000   0.136271102096
 0.87900000   0.135905398993
 0.88000000   0.135540841464
 0.88100000   0.135177429091
 0.88200000   0.134815161458
 0.88300000   0.134454038150
 0.88400000   0.134094058755
 0.88500000   0.133735222860
 0.88600000   0.133377530055
 0.88700000   0.133020979932
 0.88800000   0.132665572083
 0.88900000   0.132311306101
 0.89000000   0.131958181584
 0.89100000   0.131606198128
 0.89200000   0.131255355330
 0.89300000   0.130905652792
 0.89400000   0.130557090114
 0.89500000   0.130209666899
 0.89600000   0.129863382751
 0.89700000   0.129518237277
 0.89800000   0.129174230082
 0.89900000   0.128831360776
 0.90000000   0.128489628968
 0.90100000   0.128149034270
 0.90200000   0.127809576294
 0.90300000   0.127471254655
 0.90400000   0.127134068969
 0.90500000   0.126798018852
 0.90600000   0.126463103922
 0.90700000   0.126129323801
 0.90800000   0.125796678108
 0.90900000   0.125465166467
 0.91000000   0.125134788502
 0.91100000   0.124805543838
 0.91200000   0.124477432103
 0.91300000   0.124150452924
 0.91400000   0.123824605931
 0.91500000   0.123499890756
 0.91600000   0.123176307031
 0.91700000   0.122853854389
 0.91800000   0.122532532467
 0.91900000   0.122212340901
 0.92000000   0.121893279329
 0.92100000   0.121575347391
 0.92200000   0.121258544728
 0.92300000   0.120942870981
 0.92400000   0.120628325795
 0.92500000   0.120314908814
 0.92600000   0.120002619685
 0.92700000   0.119691458057
 0.92800000   0.119381423577
 0.92900000   0.119072515898
 0.93000000   0.118764734670
 0.93100000   0.118458079547
 0.93200000   0.118152550184
 0.93300000   0.117848146236
 0.93400000   0.117544867362
 0.93500000   0.117242713221
 0.93600000   0.116941683471
 0.93700000   0.116641777776
 0.93800000   0.116342995798
 0.93900000   0.116045337201
 0.94000000   0.115748801651
 0.94100000   0.115453388814
 0.94200000   0.115159098360
 0.94300000   0.114865929958
 0.94400000   0.114573883280
 0.94500000   0.114282957996
 0.94600000   0.113993153783
 0.94700000   0.113704470313
 0.94800000   0.113416907265
 0.94900000   0.113130464316
 0.95000000   0.112845141145
 0.95100000   0.112560937433
 0.95200000   0.112277852861
 0.95300000   0.111995887113
 0.95400000   0.111715039873
 0.95500000   0.111435310828
 0.95600000   0.111156699664
 0.95700000   0.110879206070
 0.95800000   0.110602829737
 0.95900000   0.110327570354
 0.96000000   0.110053427616
 0.96100000   0.109780401215
 0.96200000   0.109508490848
 0.96300000   0.109237696210
 0.96400000   0.108968016999
 0.96500000   0.108699452916
 0.96600000   0.108432003660
 0.96700000   0.108165668933
 0.96800000   0.107900448438
 0.96900000   0.107636341881
 0.97000000   0.107373348966
 0.97100000   0.107111469401
 0.97200000   0.106850702895
 0.97300000   0.106591049156
 0.97400000   0.106332507898
 0.97500000   0.106075078831
 0.97600000   0.105818761669
 0.97700000   0.105563556128
 0.97800000   0.105309461923
 0.97900000   0.105056478774
 0.98000000   0.104804606397
 0.98100000   0.104553844515
 0.98200000   0.104304192847
 0.98300000   0.104055651118
 0.98400000   0.103808219051
 0.98500000   0.103561896372
 0.98600000   0.103316682807
 0.98700000   0.103072578086
 0.98800000   0.102829581936
 0.98900000   0.102587694088
 0.99000000   0.102346914275
 0.99100000   0.102107242230
 0.99200000   0.101868677688
 0.99300000   0.101631220383
 0.99400000   0.101394870054
 0.99500000   0.101159626439
 0.99600000   0.100925489276
 0.99700000   0.100692458309
 0.99800000   0.100460533277
 0.99900000   0.100229713926
 1.00000000   0.100000000000


# Solution for b = 0.20
 0.00000000   1.000000000000
 0.00100000   0.998268783631
 0.00200000   0.996540280842
 0.00300000   0.994814486949
 0.00400000   0.993091397280
 0.00500000   0.991371007178
 0.00600000   0.989653312005
 0.00700000   0.987938307135
 0.00800000   0.986225987958
 0.00900000   0.984516349878
 0.01000000   0.982809388318
 0.01100000   0.981105098710
 0.01200000   0.979403476506
 0.01300000   0.977704517171
 0.01400000   0.976008216184
 0.01500000   0.974314569040
 0.01600000   0.972623571247
 0.01700000   0.970935218331
 0.01800000   0.969249505828
 0.01900000   0.967566429291
 0.02000000   0.965885984289
 0.02100000   0.964208166402
 0.02200000   0.962532971226
 0.02300000   0.960860394372
 0.02400000   0.959190431463
 0.02500000   0.957523078139
 0.02600000   0.955858330051
 0.02700000   0.954196182866
 0.02800000   0.952536632265
 0.02900000   0.950879673942
 0.03000000   0.949225303606
 0.03100000   0.947573516978
 0.03200000   0.945924309794
 0.03300000   0.944277677804
 0.03400000   0.942633616771
 0.03500000   0.940992122471
 0.03600000   0.939353190695
 0.03700000   0.937716817246
 0.03800000   0.936082997942
 0.03900000   0.934451728612
 0.04000000   0.932823005100
 0.04100000   0.931196823264
 0.04200000   0.929573178973
 0.04300000   0.927952068111
 0.04400000   0.926333486574
 0.04500000   0.924717430271
 0.04600000   0.923103895126
 0.04700000   0.921492877072
 0.04800000   0.919884372059
 0.04900000   0.918278376047
 0.05000000   0.916674885010
 0.05100000   0.915073894935
 0.05200000   0.913475401820
 0.05300000   0.911879401679
 0.05400000   0.910285890534
 0.05500000   0.908694864423
 0.05600000   0.907106319395
 0.05700000   0.905520251513
 0.05800000   0.903936656850
 0.05900000   0.902355531493
 0.06000000   0.900776871540
 0.06100000   0.899200673103
 0.06200000   0.897626932305
 0.06300000   0.896055645281
 0.06400000   0.894486808179
 0.06500000   0.892920417158
 0.06600000   0.891356468389
 0.06700000   0.889794958057
 0.06800000   0.888235882356
 0.06900000   0.886679237494
 0.07000000   0.885125019689
 0.07100000   0.883573225172
 0.07200000   0.882023850187
 0.07300000   0.880476890986
 0.07400000   0.878932343836
 0.07500000   0.877390205014
 0.07600000   0.875850470808
 0.07700000   0.874313137520
 0.07800000   0.872778201462
 0.07900000   0.871245658955
 0.08000000   0.869715506336
 0.08100000   0.868187739949
 0.08200000   0.866662356152
 0.08300000   0.865139351314
 0.08400000   0.863618721814
 0.08500000   0.862100464042
 0.08600000   0.860584574401
 0.08700000   0.859071049304
 0.08800000   0.857559885173
 0.08900000   0.856051078446
 0.09000000   0.854544625566
 0.09100000   0.853040522991
 0.09200000   0.851538767188
 0.09300000   0.850039354636
 0.09400000   0.848542281824
 0.09500000   0.847047545251
 0.09600000   0.845555141429
 0.09700000   0.844065066878
 0.09800000   0.842577318130
 0.09900000   0.841091891728
 0.10000000   0.839608784224
 0.10100000   0.838127992182
 0.10200000   0.836649512176
 0.10300000   0.835173340790
 0.10400000   0.833699474618
 0.10500000   0.832227910265
 0.10600000   0.830758644347
 0.10700000   0.829291673490
 0.10800000   0.827826994328
 0.10900000   0.826364603507
 0.11000000   0.824904497684
 0.11100000   0.823446673525
 0.11200000   0.821991127706
 0.11300000   0.820537856912
 0.11400000   0.819086857841
 0.11500000   0.817638127198
 0.11600000   0.816191661700
 0.11700000   0.814747458072
 0.11800000   0.813305513050
 0.11900000   0.811865823379
 0.12000000   0.810428385815
 0.12100000   0.808993197124
 0.12200000   0.807560254079
 0.12300000   0.806129553465
 0.12400000   0.804701092076
 0.12500000   0.803274866716
 0.12600000   0.801850874199
 0.12700000   0.800429111346
 0.12800000   0.799009574989
 0.12900000   0.797592261972
 0.13000000   0.796177169144
 0.13100000   0.794764293366
 0.13200000   0.793353631508
 0.13300000   0.791945180449
 0.13400000   0.790538937078
 0.13500000   0.789134898291
 0.13600000   0.787733060996
 0.13700000   0.786333422110
 0.13800000   0.784935978556
 0.13900000   0.783540727269
 0.14000000   0.782147665194
 0.14100000   0.780756789281
 0.14200000   0.779368096493
 0.14300000   0.777981583800
 0.14400000   0.776597248181
 0.14500000   0.775215086625
 0.14600000   0.773835096128
 0.14700000   0.772457273698
 0.14800000   0.771081616348
 0.14900000   0.769708121102
 0.15000000   0.768336784993
 0.15100000   0.766967605062
 0.15200000   0.765600578359
 0.15300000   0.764235701941
 0.15400000   0.762872972877
 0.15500000   0.761512388242
 0.15600000   0.760153945120
 0.15700000   0.758797640604
 0.15800000   0.757443471796
 0.15900000   0.756091435805
 0.16000000   0.754741529750
 0.16100000   0.753393750757
 0.16200000   0.752048095962
 0.16300000   0.750704562507
 0.16400000   0.749363147545
 0.16500000   0.748023848237
 0.16600000   0.746686661749
 0.16700000   0.745351585260
 0.16800000   0.744018615953
 0.16900000   0.742687751023
 0.17000000   0.741358987669
 0.17100000   0.740032323102
 0.17200000   0.738707754539
 0.17300000   0.737385279205
 0.17400000   0.736064894334
 0.17500000   0.734746597168
 0.17600000   0.733430384957
 0.17700000   0.732116254957
 0.17800000   0.730804204434
 0.17900000   0.729494230662
 0.18000000   0.728186330923
 0.18100000   0.726880502504
 0.18200000   0.725576742703
 0.18300000   0.724275048826
 0.18400000   0.722975418184
 0.18500000   0.721677848097
 0.18600000   0.720382335894
 0.18700000   0.719088878911
 0.18800000   0.717797474491
 0.18900000   0.716508119985
 0.19000000   0.715220812751
 0.19100000   0.713935550156
 0.19200000   0.712652329573
 0.19300000   0.711371148384
 0.19400000   0.710092003978
 0.19500000   0.708814893751
 0.19600000   0.707539815107
 0.19700000   0.706266765457
 0.19800000   0.704995742219
 0.19900000   0.703726742820
 0.20000000   0.702459764693
 0.20100000   0.701194805279
 0.20200000   0.699931862026
 0.20300000   0.698670932389
 0.20400000   0.697412013831
 0.20500000   0.696155103821
 0.20600000   0.694900199836
 0.20700000   0.693647299361
 0.20800000   0.692396399888
 0.20900000   0.691147498914
 0.21000000   0.689900593945
 0.21100000   0.688655682494
 0.21200000   0.687412762081
 0.21300000   0.686171830232
 0.21400000   0.684932884482
 0.21500000   0.683695922371
 0.21600000   0.682460941447
 0.21700000   0.681227939265
 0.21800000   0.679996913387
 0.21900000   0.678767861381
 0.22000000   0.677540780823
 0.22100000   0.676315669294
 0.22200000   0.675092524385
 0.22300000   0.673871343692
 0.22400000   0.672652124816
 0.22500000   0.671434865368
 0.22600000   0.670219562964
 0.22700000   0.669006215227
 0.22800000   0.667794819786
 0.22900000   0.666585374279
 0.23000000   0.665377876348
 0.23100000   0.664172323643
 0.23200000   0.662968713821
 0.23300000   0.661767044543
 0.23400000   0.660567313481
 0.23500000   0.659369518309
 0.23600000   0.658173656711
 0.23700000   0.656979726375
 0.23800000   0.655787724997
 0.23900000   0.654597650280
 0.24000000   0.653409499931
 0.24100000   0.652223271665
 0.24200000   0.651038963205
 0.24300000   0.649856572277
 0.24400000   0.648676096615
 0.24500000   0.647497533961
 0.24600000   0.646320882060
 0.24700000   0.645146138667
 0.24800000   0.643973301539
 0.24900000   0.642802368443
 0.25000000   0.641633337151
 0.25100000   0.640466205440
 0.25200000   0.639300971095
 0.25300000   0.638137631905
 0.25400000   0.636976185669
 0.25500000   0.635816630188
 0.25600000   0.634658963272
 0.25700000   0.633503182734
 0.25800000   0.632349286397
 0.25900000   0.631197272087
 0.26000000   0.630047137638
 0.26100000   0.628898880888
 0.26200000   0.627752499683
 0.26300000   0.626607991874
 0.26400000   0.625465355318
 0.26500000   0.624324587878
 0.26600000   0.623185687423
 0.26700000   0.622048651828
 0.26800000   0.620913478973
 0.26900000   0.619780166746
 0.27000000   0.618648713039
 0.27100000   0.617519115750
 0.27200000   0.616391372784
 0.27300000   0.615265482050
 0.27400000   0.614141441464
 0.27500000   0.613019248948
 0.27600000   0.611898902429
 0.27700000   0.610780399840
 0.27800000   0.609663739120
 0.27900000   0.608548918213
 0.28000000   0.607435935069
 0.28100000   0.606324787644
 0.28200000   0.605215473899
 0.28300000   0.604107991802
 0.28400000   0.603002339324
 0.28500000   0.601898514445
 0.28600000   0.600796515147
 0.28700000   0.599696339421
 0.28800000   0.598597985260
 0.28900000   0.597501450666
 0.29000000   0.596406733645
 0.29100000   0.595313832207
 0.29200000   0.594222744369
 0.29300000   0.593133468154
 0.29400000   0.592046001590
 0.29500000   0.590960342709
 0.29600000   0.589876489551
 0.29700000   0.588794440158
 0.29800000   0.587714192581
 0.29900000   0.586635744874
 0.30000000   0.585559095097
 0.30100000   0.584484241315
 0.30200000   0.583411181599
 0.30300000   0.582339914025
 0.30400000   0.581270436673
 0.30500000   0.580202747631
 0.30600000   0.579136844991
 0.30700000   0.578072726848
 0.30800000   0.577010391305
 0.30900000   0.575949836469
 0.31000000   0.574891060453
 0.31100000   0.573834061374
 0.31200000   0.572778837356
 0.31300000   0.571725386525
 0.31400000   0.570673707016
 0.31500000   0.569623796966
 0.31600000   0.568575654518
 0.31700000   0.567529277821
 0.31800000   0.566484665027
 0.31900000   0.565441814296
 0.32000000   0.564400723791
 0.32100000   0.563361391680
 0.32200000   0.562323816137
 0.32300000   0.561287995339
 0.32400000   0.560253927471
 0.32500000   0.559221610720
 0.32600000   0.558191043279
 0.32700000   0.557162223348
 0.32800000   0.556135149129
 0.32900000   0.555109818829
 0.33000000   0.554086230662
 0.33100000   0.553064382846
 0.33200000   0.552044273602
 0.33300000   0.551025901159
 0.33400000   0.550009263748
 0.33500000   0.548994359607
 0.33600000   0.547981186977
 0.33700000   0.546969744105
 0.33800000   0.545960029242
 0.33900000   0.544952040644
 0.34000000   0.543945776573
 0.34100000   0.542941235292
 0.34200000   0.541938415074
 0.34300000   0.540937314193
 0.34400000   0.539937930928
 0.34500000   0.538940263564
 0.34600000   0.537944310389
 0.34700000   0.536950069698
 0.34800000   0.535957539788
 0.34900000   0.534966718963
 0.35000000   0.533977605529
 0.35100000   0.532990197799
 0.35200000   0.532004494090
 0.35300000   0.531020492723
 0.35400000   0.530038192022
 0.35500000   0.529057590319
 0.35600000   0.528078685949
 0.35700000   0.527101477250
 0.35800000   0.526125962567
 0.35900000   0.525152140247
 0.36000000   0.524180008644
 0.36100000   0.523209566114
 0.36200000   0.522240811020
 0.36300000   0.521273741727
 0.36400000   0.520308356605
 0.36500000   0.519344654031
 0.36600000   0.518382632383
 0.36700000   0.517422290044
 0.36800000   0.516463625403
 0.36900000   0.515506636853
 0.37000000   0.514551322789
 0.37100000   0.513597681614
 0.37200000   0.512645711732
 0.37300000   0.511695411553
 0.37400000   0.510746779492
 0.37500000   0.509799813966
 0.37600000   0.508854513399
 0.37700000   0.507910876216
 0.37800000   0.506968900850
 0.37900000   0.506028585735
 0.38000000   0.505089929312
 0.38100000   0.504152930023
 0.38200000   0.503217586317
 0.38300000   0.502283896646
 0.38400000   0.501351859467
 0.38500000   0.500421473239
 0.38600000   0.499492736429
 0.38700000   0.498565647503
 0.38800000   0.497640204937
 0.38900000   0.496716407205
 0.39000000   0.495794252791
 0.39100000   0.494873740179
 0.39200000   0.493954867858
 0.39300000   0.493037634322
 0.39400000   0.492122038068
 0.39500000   0.491208077599
 0.39600000   0.490295751419
 0.39700000   0.489385058039
 0.39800000   0.488475995971
 0.39900000   0.487568563735
 0.40000000   0.486662759851
 0.40100000   0.485758582845
 0.40200000   0.484856031247
 0.40300000   0.483955103591
 0.40400000   0.483055798413
 0.40500000   0.482158114257
 0.40600000   0.481262049667
 0.40700000   0.480367603192
 0.40800000   0.479474773386
 0.40900000   0.478583558806
 0.41000000   0.477693958014
 0.41100000   0.476805969573
 0.41200000   0.475919592054
 0.41300000   0.475034824029
 0.41400000   0.474151664075
 0.41500000   0.473270110771
 0.41600000   0.472390162703
 0.41700000   0.471511818457
 0.41800000   0.470635076628
 0.41900000   0.469759935809
 0.42000000   0.468886394600
 0.42100000   0.468014451606
 0.42200000   0.467144105432
 0.42300000   0.466275354689
 0.42400000   0.465408197993
 0.42500000   0.464542633962
 0.42600000   0.463678661217
 0.42700000   0.462816278384
 0.42800000   0.461955484093
 0.42900000   0.461096276977
 0.43000000   0.460238655672
 0.43100000   0.459382618821
 0.43200000   0.458528165065
 0.43300000   0.457675293055
 0.43400000   0.456824001440
 0.43500000   0.455974288876
 0.43600000   0.455126154023
 0.43700000   0.454279595542
 0.43800000   0.453434612100
 0.43900000   0.452591202366
 0.44000000   0.451749365014
 0.44100000   0.450909098720
 0.44200000   0.450070402165
 0.44300000   0.449233274033
 0.44400000   0.448397713011
 0.44500000   0.447563717791
 0.44600000   0.446731287067
 0.44700000   0.445900419538
 0.44800000   0.445071113905
 0.44900000   0.444243368874
 0.45000000   0.443417183152
 0.45100000   0.442592555453
 0.45200000   0.441769484493
 0.45300000   0.440947968989
 0.45400000   0.440128007666
 0.45500000   0.439309599249
 0.45600000   0.438492742468
 0.45700000   0.437677436056
 0.45800000   0.436863678750
 0.45900000   0.436051469288
 0.46000000   0.435240806416
 0.46100000   0.434431688879
 0.46200000   0.433624115427
 0.46300000   0.432818084815
 0.46400000   0.432013595798
 0.46500000   0.431210647138
 0.46600000   0.430409237598
 0.46700000   0.429609365945
 0.46800000   0.428811030949
 0.46900000   0.428014231385
 0.47000000   0.427218966028
 0.47100000   0.426425233661
 0.47200000   0.425633033065
 0.47300000   0.424842363029
 0.47400000   0.424053222342
 0.47500000   0.423265609799
 0.47600000   0.422479524196
 0.47700000   0.421694964333
 0.47800000   0.420911929013
 0.47900000   0.420130417044
 0.48000000   0.419350427236
 0.48100000   0.418571958401
 0.48200000   0.417795009355
 0.48300000   0.417019578920
 0.48400000   0.416245665917
 0.48500000   0.415473269172
 0.48600000   0.414702387515
 0.48700000   0.413933019779
 0.48800000   0.413165164799
 0.48900000   0.412398821414
 0.49000000   0.411633988466
 0.49100000   0.410870664799
 0.49200000   0.410108849264
 0.49300000   0.409348540710
 0.49400000   0.408589737994
 0.49500000   0.407832439971
 0.49600000   0.407076645505
 0.49700000   0.406322353458
 0.49800000   0.405569562697
 0.49900000   0.404818272093
 0.50000000   0.404068480520
 0.50100000   0.403320186854
 0.50200000   0.402573389973
 0.50300000   0.401828088762
 0.50400000   0.401084282106
 0.50500000   0.400341968892
 0.50600000   0.399601148014
 0.50700000   0.398861818366
 0.50800000   0.398123978846
 0.50900000   0.397387628355
 0.51000000   0.396652765797
 0.51100000   0.395919390078
 0.51200000   0.395187500110
 0.51300000   0.394457094804
 0.51400000   0.393728173077
 0.51500000   0.393000733847
 0.51600000   0.392274776038
 0.51700000   0.391550298573
 0.51800000   0.390827300380
 0.51900000   0.390105780391
 0.52000000   0.389385737540
 0.52100000   0.388667170762
 0.52200000   0.387950078998
 0.52300000   0.387234461191
 0.52400000   0.386520316286
 0.52500000   0.385807643231
 0.52600000   0.385096440978
 0.52700000   0.384386708482
 0.52800000   0.383678444699
 0.52900000   0.382971648589
 0.53000000   0.382266319117
 0.53100000   0.381562455247
 0.53200000   0.380860055948
 0.53300000   0.380159120192
 0.53400000   0.379459646954
 0.53500000   0.378761635211
 0.53600000   0.378065083943
 0.53700000   0.377369992133
 0.53800000   0.376676358767
 0.53900000   0.375984182834
 0.54000000   0.375293463325
 0.54100000   0.374604199235
 0.54200000   0.373916389561
 0.54300000   0.373230033302
 0.54400000   0.372545129463
 0.54500000   0.371861677047
 0.54600000   0.371179675064
 0.54700000   0.370499122525
 0.54800000   0.369820018443
 0.54900000   0.369142361836
 0.55000000   0.368466151722
 0.55100000   0.367791387125
 0.55200000   0.367118067068
 0.55300000   0.366446190580
 0.55400000   0.365775756691
 0.55500000   0.365106764434
 0.55600000   0.364439212845
 0.55700000   0.363773100962
 0.55800000   0.363108427828
 0.55900000   0.362445192486
 0.56000000   0.361783393982
 0.56100000   0.361123031366
 0.56200000   0.360464103691
 0.56300000   0.359806610011
 0.56400000   0.359150549383
 0.56500000   0.358495920867
 0.56600000   0.357842723528
 0.56700000   0.357190956429
 0.56800000   0.356540618639
 0.56900000   0.355891709228
 0.57000000   0.355244227271
 0.57100000   0.354598171844
 0.57200000   0.353953542024
 0.57300000   0.353310336893
 0.57400000   0.352668555535
 0.57500000   0.352028197037
 0.57600000   0.351389260488
 0.57700000   0.350751744980
 0.57800000   0.350115649607
 0.57900000   0.349480973465
 0.58000000   0.348847715655
 0.58100000   0.348215875278
 0.58200000   0.347585451440
 0.58300000   0.346956443247
 0.58400000   0.346328849809
 0.58500000   0.345702670239
 0.58600000   0.345077903652
 0.58700000   0.344454549165
 0.58800000   0.343832605898
 0.58900000   0.343212072974
 0.59000000   0.342592949517
 0.59100000   0.341975234656
 0.59200000   0.341358927521
 0.59300000   0.340744027244
 0.59400000   0.340130532961
 0.59500000   0.339518443808
 0.59600000   0.338907758928
 0.59700000   0.338298477461
 0.59800000   0.337690598553
 0.59900000   0.337084121353
 0.60000000   0.336479045010
 0.60100000   0.335875368676
 0.60200000   0.335273091507
 0.60300000   0.334672212661
 0.60400000   0.334072731297
 0.60500000   0.333474646578
 0.60600000   0.332877957669
 0.60700000   0.332282663737
 0.60800000   0.331688763952
 0.60900000   0.331096257486
 0.61000000   0.330505143515
 0.61100000   0.329915421214
 0.61200000   0.329327089765
 0.61300000   0.328740148348
 0.61400000   0.328154596148
 0.61500000   0.327570432352
 0.61600000   0.326987656148
 0.61700000   0.326406266730
 0.61800000   0.325826263290
 0.61900000   0.325247645024
 0.62000000   0.324670411133
 0.62100000   0.324094560816
 0.62200000   0.323520093277
 0.62300000   0.322947007723
 0.62400000   0.322375303361
 0.62500000   0.321804979401
 0.62600000   0.321236035058
 0.62700000   0.320668469546
 0.62800000   0.320102282083
 0.62900000   0.319537471888
 0.63000000   0.318974038185
 0.63100000   0.318411980198
 0.63200000   0.317851297153
 0.63300000   0.317291988280
 0.63400000   0.316734052811
 0.63500000   0.316177489980
 0.63600000   0.315622299023
 0.63700000   0.315068479178
 0.63800000   0.314516029687
 0.63900000   0.313964949792
 0.64000000   0.313415238739
 0.64100000   0.312866895775
 0.64200000   0.312319920152
 0.64300000   0.311774311120
 0.64400000   0.311230067935
 0.64500000   0.310687189853
 0.64600000   0.310145676134
 0.64700000   0.309605526039
 0.64800000   0.309066738832
 0.64900000   0.308529313778
 0.65000000   0.307993250145
 0.65100000   0.307458547205
 0.65200000   0.306925204229
 0.65300000   0.306393220493
 0.65400000   0.305862595273
 0.65500000   0.305333327849
 0.65600000   0.304805417503
 0.65700000   0.304278863517
 0.65800000   0.303753665180
 0.65900000   0.303229821777
 0.66000000   0.302707332600
 0.66100000   0.302186196942
 0.66200000   0.301666414097
 0.66300000   0.301147983363
 0.66400000   0.300630904037
 0.66500000   0.300115175423
 0.66600000   0.299600796823
 0.66700000   0.299087767544
 0.66800000   0.298576086893
 0.66900000   0.298065754179
 0.67000000   0.297556768717
 0.67100000   0.297049129819
 0.67200000   0.296542836803
 0.67300000   0.296037888988
 0.67400000   0.295534285693
 0.67500000   0.295032026243
 0.67600000   0.294531109963
 0.67700000   0.294031536179
 0.67800000   0.293533304222
 0.67900000   0.293036413423
 0.68000000   0.292540863116
 0.68100000   0.292046652636
 0.68200000   0.291553781322
 0.68300000   0.291062248514
 0.68400000   0.290572053554
 0.68500000   0.290083195786
 0.68600000   0.289595674557
 0.68700000   0.289109489216
 0.68800000   0.288624639112
 0.68900000   0.288141123600
 0.69000000   0.287658942033
 0.69100000   0.287178093769
 0.69200000   0.286698578166
 0.69300000   0.286220394587
 0.69400000   0.285743542393
 0.69500000   0.285268020951
 0.69600000   0.284793829627
 0.69700000   0.284320967792
 0.69800000   0.283849434815
 0.69900000   0.283379230073
 0.70000000   0.282910352938
 0.70100000   0.282442802790
 0.70200000   0.281976579009
 0.70300000   0.281511680975
 0.70400000   0.281048108072
 0.70500000   0.280585859688
 0.70600000   0.280124935208
 0.70700000   0.279665334024
 0.70800000   0.279207055527
 0.70900000   0.278750099112
 0.71000000   0.278294464173
 0.71100000   0.277840150110
 0.71200000   0.277387156322
 0.71300000   0.276935482212
 0.71400000   0.276485127183
 0.71500000   0.276036090641
 0.71600000   0.275588371995
 0.71700000   0.275141970655
 0.71800000   0.274696886032
 0.71900000   0.274253117542
 0.72000000   0.273810664599
 0.72100000   0.273369526622
 0.72200000   0.272929703031
 0.72300000   0.272491193249
 0.72400000   0.272053996698
 0.72500000   0.271618112805
 0.72600000   0.271183540999
 0.72700000   0.270750280708
 0.72800000   0.270318331365
 0.72900000   0.269887692404
 0.73000000   0.269458363260
 0.73100000   0.269030343372
 0.73200000   0.268603632179
 0.73300000   0.268178229122
 0.73400000   0.267754133646
 0.73500000   0.267331345195
 0.73600000   0.266909863218
 0.73700000   0.266489687164
 0.73800000   0.266070816484
 0.73900000   0.265653250632
 0.74000000   0.265236989063
 0.74100000   0.264822031233
 0.74200000   0.264408376603
 0.74300000   0.263996024634
 0.74400000   0.263584974787
 0.74500000   0.263175226528
 0.74600000   0.262766779324
 0.74700000   0.262359632644
 0.74800000   0.261953785958
 0.74900000   0.261549238739
 0.75000000   0.261145990460
 0.75100000   0.260744040599
 0.75200000   0.260343388634
 0.75300000   0.259944034044
 0.75400000   0.259545976312
 0.75500000   0.259149214921
 0.75600000   0.258753749358
 0.75700000   0.258359579110
 0.75800000   0.257966703666
 0.75900000   0.257575122518
 0.76000000   0.257184835159
 0.76100000   0.256795841084
 0.76200000   0.256408139791
 0.76300000   0.256021730778
 0.76400000   0.255636613546
 0.76500000   0.255252787598
 0.76600000   0.254870252437
 0.76700000   0.254489007571
 0.76800000   0.254109052508
 0.76900000   0.253730386757
 0.77000000   0.253353009830
 0.77100000   0.252976921242
 0.77200000   0.252602120507
 0.77300000   0.252228607143
 0.77400000   0.251856380670
 0.77500000   0.251485440608
 0.77600000   0.251115786481
 0.77700000   0.250747417812
 0.77800000   0.250380334129
 0.77900000   0.250014534960
 0.78000000   0.249650019836
 0.78100000   0.249286788288
 0.78200000   0.248924839849
 0.78300000   0.248564174057
 0.78400000   0.248204790448
 0.78500000   0.247846688561
 0.78600000   0.247489867938
 0.78700000   0.247134328122
 0.78800000   0.246780068657
 0.78900000   0.246427089089
 0.79000000   0.246075388968
 0.79100000   0.245724967842
 0.79200000   0.245375825265
 0.79300000   0.245027960790
 0.79400000   0.244681373971
 0.79500000   0.244336064367
 0.79600000   0.243992031537
 0.79700000   0.243649275041
 0.79800000   0.243307794442
 0.79900000   0.242967589304
 0.80000000   0.242628659193
 0.80100000   0.242291003678
 0.80200000   0.241954622328
 0.80300000   0.241619514715
 0.80400000   0.241285680411
 0.80500000   0.240953118992
 0.80600000   0.240621830034
 0.80700000   0.240291813117
 0.80800000   0.239963067820
 0.80900000   0.239635593725
 0.81000000   0.239309390417
 0.81100000   0.238984457480
 0.81200000   0.238660794502
 0.81300000   0.238338401072
 0.81400000   0.238017276781
 0.81500000   0.237697421221
 0.81600000   0.237378833986
 0.81700000   0.237061514673
 0.81800000   0.236745462879
 0.81900000   0.236430678204
 0.82000000   0.236117160249
 0.82100000   0.235804908617
 0.82200000   0.235493922912
 0.82300000   0.235184202741
 0.82400000   0.234875747712
 0.82500000   0.234568557434
 0.82600000   0.234262631520
 0.82700000   0.233957969583
 0.82800000   0.233654571237
 0.82900000   0.233352436099
 0.83000000   0.233051563788
 0.83100000   0.232751953923
 0.83200000   0.232453606127
 0.83300000   0.232156520023
 0.83400000   0.231860695237
 0.83500000   0.231566131394
 0.83600000   0.231272828125
 0.83700000   0.230980785058
 0.83800000   0.230690001827
 0.83900000   0.230400478065
 0.84000000   0.230112213406
 0.84100000   0.229825207490
 0.84200000   0.229539459953
 0.84300000   0.229254970437
 0.84400000   0.228971738584
 0.84500000   0.228689764038
 0.84600000   0.228409046444
 0.84700000   0.228129585449
 0.84800000   0.227851380702
 0.84900000   0.227574431854
 0.85000000   0.227298738557
 0.85100000   0.227024300466
 0.85200000   0.226751117234
 0.85300000   0.226479188521
 0.85400000   0.226208513984
 0.85500000   0.225939093284
 0.85600000   0.225670926083
 0.85700000   0.225404012046
 0.85800000   0.225138350838
 0.85900000   0.224873942127
 0.86000000   0.224610785580
 0.86100000   0.224348880868
 0.86200000   0.224088227664
 0.86300000   0.223828825642
 0.86400000   0.223570674477
 0.86500000   0.223313773846
 0.86600000   0.223058123428
 0.86700000   0.222803722903
 0.86800000   0.222550571954
 0.86900000   0.222298670264
 0.87000000   0.222048017518
 0.87100000   0.221798613404
 0.87200000   0.221550457610
 0.87300000   0.221303549826
 0.87400000   0.221057889745
 0.87500000   0.220813477059
 0.87600000   0.220570311464
 0.87700000   0.220328392657
 0.87800000   0.220087720336
 0.87900000   0.219848294202
 0.88000000   0.219610113955
 0.88100000   0.219373179299
 0.88200000   0.219137489939
 0.88300000   0.218903045582
 0.88400000   0.218669845936
 0.88500000   0.218437890710
 0.88600000   0.218207179616
 0.88700000   0.217977712367
 0.88800000   0.217749488677
 0.88900000   0.217522508263
 0.89000000   0.217296770843
 0.89100000   0.217072276135
 0.89200000   0.216849023862
 0.89300000   0.216627013745
 0.89400000   0.216406245509
 0.89500000   0.216186718880
 0.89600000   0.215968433585
 0.89700000   0.215751389354
 0.89800000   0.215535585917
 0.89900000   0.215321023005
 0.90000000   0.215107700354
 0.90100000   0.214895617699
 0.90200000   0.214684774776
 0.90300000   0.214475171325
 0.90400000   0.214266807085
 0.90500000   0.214059681798
 0.90600000   0.213853795208
 0.90700000   0.213649147059
 0.90800000   0.213445737099
 0.90900000   0.213243565076
 0.91000000   0.213042630738
 0.91100000   0.212842933838
 0.91200000   0.212644474129
 0.91300000   0.212447251364
 0.91400000   0.212251265301
 0.91500000   0.212056515696
 0.91600000   0.211863002309
 0.91700000   0.211670724901
 0.91800000   0.211479683234
 0.91900000   0.211289877072
 0.92000000   0.211101306180
 0.92100000   0.210913970326
 0.92200000   0.210727869278
 0.92300000   0.210543002806
 0.92400000   0.210359370683
 0.92500000   0.210176972682
 0.92600000   0.209995808577
 0.92700000   0.209815878145
 0.92800000   0.209637181164
 0.92900000   0.209459717414
 0.93000000   0.209283486675
 0.93100000   0.209108488732
 0.93200000   0.208934723367
 0.93300000   0.208762190366
 0.93400000   0.208590889518
 0.93500000   0.208420820611
 0.93600000   0.208251983435
 0.93700000   0.208084377783
 0.93800000   0.207918003448
 0.93900000   0.207752860226
 0.94000000   0.207588947912
 0.94100000   0.207426266306
 0.94200000   0.207264815207
 0.94300000   0.207104594416
 0.94400000   0.206945603737
 0.94500000   0.206787842974
 0.94600000   0.206631311932
 0.94700000   0.206476010420
 0.94800000   0.206321938246
 0.94900000   0.206169095221
 0.95000000   0.206017481157
 0.95100000   0.205867095868
 0.95200000   0.205717939169
 0.95300000   0.205570010876
 0.95400000   0.205423310809
 0.95500000   0.205277838787
 0.95600000   0.205133594631
 0.95700000   0.204990578164
 0.95800000   0.204848789211
 0.95900000   0.204708227598
 0.96000000   0.204568893151
 0.96100000   0.204430785701
 0.96200000   0.204293905077
 0.96300000   0.204158251112
 0.96400000   0.204023823640
 0.96500000   0.203890622495
 0.96600000   0.203758647514
 0.96700000   0.203627898535
 0.96800000   0.203498375399
 0.96900000   0.203370077945
 0.97000000   0.203243006018
 0.97100000   0.203117159462
 0.97200000   0.202992538121
 0.97300000   0.202869141844
 0.97400000   0.202746970479
 0.97500000   0.202626023876
 0.97600000   0.202506301889
 0.97700000   0.202387804369
 0.97800000   0.202270531172
 0.97900000   0.202154482154
 0.98000000   0.202039657174
 0.98100000   0.201926056090
 0.98200000   0.201813678764
 0.98300000   0.201702525058
 0.98400000   0.201592594836
 0.98500000   0.201483887963
 0.98600000   0.201376404308
 0.98700000   0.201270143737
 0.98800000   0.201165106122
 0.98900000   0.201061291333
 0.99000000   0.200958699245
 0.99100000   0.200857329731
 0.99200000   0.200757182667
 0.99300000   0.200658257931
 0.99400000   0.200560555403
 0.99500000   0.200464074962
 0.99600000   0.200368816491
 0.99700000   0.200274779873
 0.99800000   0.200181964994
 0.99900000   0.200090371741
 1.00000000   0.200000000000


# Solution for b = 0.30
 0.00000000   1.000000000000
 0.00100000   0.998346191661
 0.00200000   0.996695097113
 0.00300000   0.995046711879
 0.00400000   0.993401031497
 0.00500000   0.991758051519
 0.00600000   0.990117767512
 0.00700000   0.988480175058
 0.00800000   0.986845269753
 0.00900000   0.985213047207
 0.01000000   0.983583503044
 0.01100000   0.981956632904
 0.01200000   0.980332432440
 0.01300000   0.978710897319
 0.01400000   0.977092023223
 0.01500000   0.975475805847
 0.01600000   0.973862240902
 0.01700000   0.972251324110
 0.01800000   0.970643051209
 0.01900000   0.969037417951
 0.02000000   0.967434420101
 0.02100000   0.965834053437
 0.02200000   0.964236313751
 0.02300000   0.962641196851
 0.02400000   0.961048698556
 0.02500000   0.959458814698
 0.02600000   0.957871541125
 0.02700000   0.956286873697
 0.02800000   0.954704808287
 0.02900000   0.953125340781
 0.03000000   0.951548467080
 0.03100000   0.949974183097
 0.03200000   0.948402484757
 0.03300000   0.946833368001
 0.03400000   0.945266828781
 0.03500000   0.943702863062
 0.03600000   0.942141466822
 0.03700000   0.940582636053
 0.03800000   0.939026366758
 0.03900000   0.937472654954
 0.04000000   0.935921496671
 0.04100000   0.934372887951
 0.04200000   0.932826824848
 0.04300000   0.931283303431
 0.04400000   0.929742319778
 0.04500000   0.928203869982
 0.04600000   0.926667950149
 0.04700000   0.925134556394
 0.04800000   0.923603684848
 0.04900000   0.922075331653
 0.05000000   0.920549492962
 0.05100000   0.919026164942
 0.05200000   0.917505343770
 0.05300000   0.915987025638
 0.05400000   0.914471206748
 0.05500000   0.912957883314
 0.05600000   0.911447051563
 0.05700000   0.909938707733
 0.05800000   0.908432848075
 0.05900000   0.906929468849
 0.06000000   0.905428566331
 0.06100000   0.903930136805
 0.06200000   0.902434176568
 0.06300000   0.900940681930
 0.06400000   0.899449649211
 0.06500000   0.897961074743
 0.06600000   0.896474954869
 0.06700000   0.894991285944
 0.06800000   0.893510064335
 0.06900000   0.892031286419
 0.07000000   0.890554948584
 0.07100000   0.889081047232
 0.07200000   0.887609578774
 0.07300000   0.886140539633
 0.07400000   0.884673926242
 0.07500000   0.883209735046
 0.07600000   0.881747962501
 0.07700000   0.880288605076
 0.07800000   0.878831659246
 0.07900000   0.877377121502
 0.08000000   0.875924988344
 0.08100000   0.874475256281
 0.08200000   0.873027921837
 0.08300000   0.871582981542
 0.08400000   0.870140431941
 0.08500000   0.868700269587
 0.08600000   0.867262491044
 0.08700000   0.865827092887
 0.08800000   0.864394071703
 0.08900000   0.862963424087
 0.09000000   0.861535146646
 0.09100000   0.860109235997
 0.09200000   0.858685688768
 0.09300000   0.857264501596
 0.09400000   0.855845671131
 0.09500000   0.854429194030
 0.09600000   0.853015066962
 0.09700000   0.851603286607
 0.09800000   0.850193849654
 0.09900000   0.848786752802
 0.10000000   0.847381992761
 0.10100000   0.845979566250
 0.10200000   0.844579470000
 0.10300000   0.843181700749
 0.10400000   0.841786255248
 0.10500000   0.840393130256
 0.10600000   0.839002322543
 0.10700000   0.837613828888
 0.10800000   0.836227646080
 0.10900000   0.834843770918
 0.11000000   0.833462200210
 0.11100000   0.832082930776
 0.11200000   0.830705959444
 0.11300000   0.829331283050
 0.11400000   0.827958898443
 0.11500000   0.826588802479
 0.11600000   0.825220992025
 0.11700000   0.823855463957
 0.11800000   0.822492215161
 0.11900000   0.821131242531
 0.12000000   0.819772542971
 0.12100000   0.818416113395
 0.12200000   0.817061950727
 0.12300000   0.815710051898
 0.12400000   0.814360413851
 0.12500000   0.813013033535
 0.12600000   0.811667907911
 0.12700000   0.810325033949
 0.12800000   0.808984408626
 0.12900000   0.807646028930
 0.13000000   0.806309891858
 0.13100000   0.804975994414
 0.13200000   0.803644333614
 0.13300000   0.802314906481
 0.13400000   0.800987710048
 0.13500000   0.799662741355
 0.13600000   0.798339997454
 0.13700000   0.797019475403
 0.13800000   0.795701172271
 0.13900000   0.794385085133
 0.14000000   0.793071211076
 0.14100000   0.791759547193
 0.14200000   0.790450090588
 0.14300000   0.789142838372
 0.14400000   0.787837787666
 0.14500000   0.786534935597
 0.14600000   0.785234279304
 0.14700000   0.783935815932
 0.14800000   0.782639542636
 0.14900000   0.781345456579
 0.15000000   0.780053554932
 0.15100000   0.778763834874
 0.15200000   0.777476293595
 0.15300000   0.776190928290
 0.15400000   0.774907736164
 0.15500000   0.773626714431
 0.15600000   0.772347860312
 0.15700000   0.771071171037
 0.15800000   0.769796643843
 0.15900000   0.768524275977
 0.16000000   0.767254064693
 0.16100000   0.765986007254
 0.16200000   0.764720100929
 0.16300000   0.763456342999
 0.16400000   0.762194730748
 0.16500000   0.760935261473
 0.16600000   0.759677932475
 0.16700000   0.758422741066
 0.16800000   0.757169684563
 0.16900000   0.755918760294
 0.17000000   0.754669965593
 0.17100000   0.753423297802
 0.17200000   0.752178754271
 0.17300000   0.750936332358
 0.17400000   0.749696029429
 0.17500000   0.748457842857
 0.17600000   0.747221770024
 0.17700000   0.745987808318
 0.17800000   0.744755955136
 0.17900000   0.743526207881
 0.18000000   0.742298563967
 0.18100000   0.741073020812
 0.18200000   0.739849575844
 0.18300000   0.738628226496
 0.18400000   0.737408970211
 0.18500000   0.736191804439
 0.18600000   0.734976726637
 0.18700000   0.733763734268
 0.18800000   0.732552824806
 0.18900000   0.731343995728
 0.19000000   0.730137244523
 0.19100000   0.728932568684
 0.19200000   0.727729965712
 0.19300000   0.726529433117
 0.19400000   0.725330968413
 0.19500000   0.724134569124
 0.19600000   0.722940232781
 0.19700000   0.721747956922
 0.19800000   0.720557739090
 0.19900000   0.719369576838
 0.20000000   0.718183467725
 0.20100000   0.716999409318
 0.20200000   0.715817399189
 0.20300000   0.714637434919
 0.20400000   0.713459514095
 0.20500000   0.712283634312
 0.20600000   0.711109793170
 0.20700000   0.709937988280
 0.20800000   0.708768217255
 0.20900000   0.707600477717
 0.21000000   0.706434767297
 0.21100000   0.705271083630
 0.21200000   0.704109424359
 0.21300000   0.702949787134
 0.21400000   0.701792169611
 0.21500000   0.700636569453
 0.21600000   0.699482984331
 0.21700000   0.698331411922
 0.21800000   0.697181849908
 0.21900000   0.696034295980
 0.22000000   0.694888747836
 0.22100000   0.693745203178
 0.22200000   0.692603659717
 0.22300000   0.691464115170
 0.22400000   0.690326567261
 0.22500000   0.689191013718
 0.22600000   0.688057452280
 0.22700000   0.686925880688
 0.22800000   0.685796296693
 0.22900000   0.684668698051
 0.23000000   0.683543082524
 0.23100000   0.682419447881
 0.23200000   0.681297791898
 0.23300000   0.680178112356
 0.23400000   0.679060407044
 0.23500000   0.677944673757
 0.23600000   0.676830910296
 0.23700000   0.675719114467
 0.23800000   0.674609284084
 0.23900000   0.673501416968
 0.24000000   0.672395510944
 0.24100000   0.671291563845
 0.24200000   0.670189573510
 0.24300000   0.669089537782
 0.24400000   0.667991454515
 0.24500000   0.666895321563
 0.24600000   0.665801136792
 0.24700000   0.664708898070
 0.24800000   0.663618603274
 0.24900000   0.662530250284
 0.25000000   0.661443836989
 0.25100000   0.660359361282
 0.25200000   0.659276821063
 0.25300000   0.658196214238
 0.25400000   0.657117538720
 0.25500000   0.656040792425
 0.25600000   0.654965973278
 0.25700000   0.653893079209
 0.25800000   0.652822108152
 0.25900000   0.651753058051
 0.26000000   0.650685926852
 0.26100000   0.649620712508
 0.26200000   0.648557412980
 0.26300000   0.647496026231
 0.26400000   0.646436550234
 0.26500000   0.645378982964
 0.26600000   0.644323322403
 0.26700000   0.643269566541
 0.26800000   0.642217713372
 0.26900000   0.641167760894
 0.27000000   0.640119707113
 0.27100000   0.639073550041
 0.27200000   0.638029287694
 0.27300000   0.636986918094
 0.27400000   0.635946439271
 0.27500000   0.634907849256
 0.27600000   0.633871146091
 0.27700000   0.632836327819
 0.27800000   0.631803392491
 0.27900000   0.630772338163
 0.28000000   0.629743162897
 0.28100000   0.628715864760
 0.28200000   0.627690441824
 0.28300000   0.626666892168
 0.28400000   0.625645213875
 0.28500000   0.624625405035
 0.28600000   0.623607463741
 0.28700000   0.622591388093
 0.28800000   0.621577176198
 0.28900000   0.620564826165
 0.29000000   0.619554336111
 0.29100000   0.618545704158
 0.29200000   0.617538928431
 0.29300000   0.616534007063
 0.29400000   0.615530938192
 0.29500000   0.614529719961
 0.29600000   0.613530350517
 0.29700000   0.612532828013
 0.29800000   0.611537150609
 0.29900000   0.610543316467
 0.30000000   0.609551323758
 0.30100000   0.608561170655
 0.30200000   0.607572855338
 0.30300000   0.606586375991
 0.30400000   0.605601730804
 0.30500000   0.604618917972
 0.30600000   0.603637935694
 0.30700000   0.602658782177
 0.30800000   0.601681455630
 0.30900000   0.600705954269
 0.31000000   0.599732276314
 0.31100000   0.598760419990
 0.31200000   0.597790383528
 0.31300000   0.596822165164
 0.31400000   0.595855763137
 0.31500000   0.594891175694
 0.31600000   0.593928401086
 0.31700000   0.592967437566
 0.31800000   0.592008283397
 0.31900000   0.591050936843
 0.32000000   0.590095396175
 0.32100000   0.589141659668
 0.32200000   0.588189725602
 0.32300000   0.587239592262
 0.32400000   0.586291257938
 0.32500000   0.585344720924
 0.32600000   0.584399979521
 0.32700000   0.583457032033
 0.32800000   0.582515876768
 0.32900000   0.581576512041
 0.33000000   0.580638936171
 0.33100000   0.579703147482
 0.33200000   0.578769144301
 0.33300000   0.577836924962
 0.33400000   0.576906487803
 0.33500000   0.575977831165
 0.33600000   0.575050953398
 0.33700000   0.574125852852
 0.33800000   0.573202527884
 0.33900000   0.572280976855
 0.34000000   0.571361198132
 0.34100000   0.570443190085
 0.34200000   0.569526951089
 0.34300000   0.568612479524
 0.34400000   0.567699773775
 0.34500000   0.566788832231
 0.34600000   0.565879653285
 0.34700000   0.564972235335
 0.34800000   0.564066576785
 0.34900000   0.563162676042
 0.35000000   0.562260531517
 0.35100000   0.561360141626
 0.35200000   0.560461504792
 0.35300000   0.559564619438
 0.35400000   0.558669483995
 0.35500000   0.557776096897
 0.35600000   0.556884456584
 0.35700000   0.555994561497
 0.35800000   0.555106410085
 0.35900000   0.554220000799
 0.36000000   0.553335332097
 0.36100000   0.552452402439
 0.36200000   0.551571210290
 0.36300000   0.550691754120
 0.36400000   0.549814032403
 0.36500000   0.548938043617
 0.36600000   0.548063786244
 0.36700000   0.547191258772
 0.36800000   0.546320459692
 0.36900000   0.545451387500
 0.37000000   0.544584040695
 0.37100000   0.543718417781
 0.37200000   0.542854517268
 0.37300000   0.541992337667
 0.37400000   0.541131877495
 0.37500000   0.540273135274
 0.37600000   0.539416109530
 0.37700000   0.538560798790
 0.37800000   0.537707201590
 0.37900000   0.536855316467
 0.38000000   0.536005141964
 0.38100000   0.535156676626
 0.38200000   0.534309919005
 0.38300000   0.533464867654
 0.38400000   0.532621521132
 0.38500000   0.531779878003
 0.38600000   0.530939936833
 0.38700000   0.530101696194
 0.38800000   0.529265154659
 0.38900000   0.528430310810
 0.39000000   0.527597163228
 0.39100000   0.526765710502
 0.39200000   0.525935951222
 0.39300000   0.525107883985
 0.39400000   0.524281507389
 0.39500000   0.523456820038
 0.39600000   0.522633820540
 0.39700000   0.521812507505
 0.39800000   0.520992879550
 0.39900000   0.520174935294
 0.40000000   0.519358673360
 0.40100000   0.518544092376
 0.40200000   0.517731190973
 0.40300000   0.516919967785
 0.40400000   0.516110421453
 0.40500000   0.515302550619
 0.40600000   0.514496353931
 0.40700000   0.513691830039
 0.40800000   0.512888977597
 0.40900000   0.512087795265
 0.41000000   0.511288281705
 0.41100000   0.510490435583
 0.41200000   0.509694255570
 0.41300000   0.508899740339
 0.41400000   0.508106888568
 0.41500000   0.507315698939
 0.41600000   0.506526170138
 0.41700000   0.505738300853
 0.41800000   0.504952089778
 0.41900000   0.504167535609
 0.42000000   0.503384637047
 0.42100000   0.502603392797
 0.42200000   0.501823801566
 0.42300000   0.501045862066
 0.42400000   0.500269573013
 0.42500000   0.499494933127
 0.42600000   0.498721941129
 0.42700000   0.497950595747
 0.42800000   0.497180895711
 0.42900000   0.496412839756
 0.43000000   0.495646426618
 0.43100000   0.494881655040
 0.43200000   0.494118523766
 0.43300000   0.493357031545
 0.43400000   0.492597177130
 0.43500000   0.491838959276
 0.43600000   0.491082376743
 0.43700000   0.490327428295
 0.43800000   0.489574112697
 0.43900000   0.488822428721
 0.44000000   0.488072375141
 0.44100000   0.487323950734
 0.44200000   0.486577154280
 0.44300000   0.485831984566
 0.44400000   0.485088440379
 0.44500000   0.484346520511
 0.44600000   0.483606223757
 0.44700000   0.482867548916
 0.44800000   0.482130494791
 0.44900000   0.481395060187
 0.45000000   0.480661243914
 0.45100000   0.479929044784
 0.45200000   0.479198461615
 0.45300000   0.478469493225
 0.45400000   0.477742138439
 0.45500000   0.477016396083
 0.45600000   0.476292264986
 0.45700000   0.475569743984
 0.45800000   0.474848831912
 0.45900000   0.474129527612
 0.46000000   0.473411829927
 0.46100000   0.472695737705
 0.46200000   0.471981249797
 0.46300000   0.471268365056
 0.46400000   0.470557082340
 0.46500000   0.469847400510
 0.46600000   0.469139318430
 0.46700000   0.468432834969
 0.46800000   0.467727948996
 0.46900000   0.467024659387
 0.47000000   0.466322965019
 0.47100000   0.465622864773
 0.47200000   0.464924357533
 0.47300000   0.464227442187
 0.47400000   0.463532117627
 0.47500000   0.462838382745
 0.47600000   0.462146236441
 0.47700000   0.461455677614
 0.47800000   0.460766705169
 0.47900000   0.460079318013
 0.48000000   0.459393515057
 0.48100000   0.458709295215
 0.48200000   0.458026657404
 0.48300000   0.457345600544
 0.48400000   0.456666123560
 0.48500000   0.455988225377
 0.48600000   0.455311904927
 0.48700000   0.454637161141
 0.48800000   0.453963992958
 0.48900000   0.453292399316
 0.49000000   0.452622379159
 0.49100000   0.451953931432
 0.49200000   0.451287055085
 0.49300000   0.450621749070
 0.49400000   0.449958012344
 0.49500000   0.449295843863
 0.49600000   0.448635242592
 0.49700000   0.447976207493
 0.49800000   0.447318737537
 0.49900000   0.446662831693
 0.50000000   0.446008488937
 0.50100000   0.445355708246
 0.50200000   0.444704488601
 0.50300000   0.444054828985
 0.50400000   0.443406728385
 0.50500000   0.442760185791
 0.50600000   0.442115200197
 0.50700000   0.441471770598
 0.50800000   0.440829895993
 0.50900000   0.440189575384
 0.51000000   0.439550807778
 0.51100000   0.438913592182
 0.51200000   0.438277927607
 0.51300000   0.437643813068
 0.51400000   0.437011247582
 0.51500000   0.436380230171
 0.51600000   0.435750759856
 0.51700000   0.435122835665
 0.51800000   0.434496456627
 0.51900000   0.433871621775
 0.52000000   0.433248330143
 0.52100000   0.432626580771
 0.52200000   0.432006372700
 0.52300000   0.431387704974
 0.52400000   0.430770576641
 0.52500000   0.430154986750
 0.52600000   0.429540934356
 0.52700000   0.428928418513
 0.52800000   0.428317438282
 0.52900000   0.427707992724
 0.53000000   0.427100080905
 0.53100000   0.426493701892
 0.53200000   0.425888854757
 0.53300000   0.425285538572
 0.53400000   0.424683752414
 0.53500000   0.424083495364
 0.53600000   0.423484766503
 0.53700000   0.422887564916
 0.53800000   0.422291889693
 0.53900000   0.421697739923
 0.54000000   0.421105114702
 0.54100000   0.420514013125
 0.54200000   0.419924434292
 0.54300000   0.419336377307
 0.54400000   0.418749841273
 0.54500000   0.418164825300
 0.54600000   0.417581328497
 0.54700000   0.416999349980
 0.54800000   0.416418888865
 0.54900000   0.415839944271
 0.55000000   0.415262515321
 0.55100000   0.414686601139
 0.55200000   0.414112200853
 0.55300000   0.413539313595
 0.55400000   0.412967938497
 0.55500000   0.412398074696
 0.55600000   0.411829721331
 0.55700000   0.411262877543
 0.55800000   0.410697542478
 0.55900000   0.410133715282
 0.56000000   0.409571395105
 0.56100000   0.409010581101
 0.56200000   0.408451272425
 0.56300000   0.407893468235
 0.56400000   0.407337167692
 0.56500000   0.406782369960
 0.56600000   0.406229074205
 0.56700000   0.405677279597
 0.56800000   0.405126985308
 0.56900000   0.404578190512
 0.57000000   0.404030894386
 0.57100000   0.403485096110
 0.57200000   0.402940794868
 0.57300000   0.402397989844
 0.57400000   0.401856680227
 0.57500000   0.401316865207
 0.57600000   0.400778543978
 0.57700000   0.400241715736
 0.57800000   0.399706379679
 0.57900000   0.399172535009
 0.58000000   0.398640180931
 0.58100000   0.398109316650
 0.58200000   0.397579941376
 0.58300000   0.397052054321
 0.58400000   0.396525654699
 0.58500000   0.396000741728
 0.58600000   0.395477314628
 0.58700000   0.394955372621
 0.58800000   0.394434914933
 0.58900000   0.393915940790
 0.59000000   0.393398449423
 0.59100000   0.392882440065
 0.59200000   0.392367911952
 0.59300000   0.391854864321
 0.59400000   0.391343296413
 0.59500000   0.390833207472
 0.59600000   0.390324596742
 0.59700000   0.389817463474
 0.59800000   0.389311806916
 0.59900000   0.388807626324
 0.60000000   0.388304920953
 0.60100000   0.387803690061
 0.60200000   0.387303932909
 0.60300000   0.386805648763
 0.60400000   0.386308836886
 0.60500000   0.385813496549
 0.60600000   0.385319627023
 0.60700000   0.384827227580
 0.60800000   0.384336297499
 0.60900000   0.383846836057
 0.61000000   0.383358842535
 0.61100000   0.382872316219
 0.61200000   0.382387256393
 0.61300000   0.381903662347
 0.61400000   0.381421533372
 0.61500000   0.380940868763
 0.61600000   0.380461667814
 0.61700000   0.379983929826
 0.61800000   0.379507654099
 0.61900000   0.379032839936
 0.62000000   0.378559486646
 0.62100000   0.378087593534
 0.62200000   0.377617159914
 0.62300000   0.377148185099
 0.62400000   0.376680668404
 0.62500000   0.376214609148
 0.62600000   0.375750006652
 0.62700000   0.375286860239
 0.62800000   0.374825169236
 0.62900000   0.374364932969
 0.63000000   0.373906150771
 0.63100000   0.373448821973
 0.63200000   0.372992945912
 0.63300000   0.372538521925
 0.63400000   0.372085549353
 0.63500000   0.371634027538
 0.63600000   0.371183955826
 0.63700000   0.370735333563
 0.63800000   0.370288160100
 0.63900000   0.369842434789
 0.64000000   0.369398156985
 0.64100000   0.368955326045
 0.64200000   0.368513941327
 0.64300000   0.368074002195
 0.64400000   0.367635508012
 0.64500000   0.367198458145
 0.64600000   0.366762851962
 0.64700000   0.366328688835
 0.64800000   0.365895968138
 0.64900000   0.365464689246
 0.65000000   0.365034851538
 0.65100000   0.364606454394
 0.65200000   0.364179497197
 0.65300000   0.363753979334
 0.65400000   0.363329900190
 0.65500000   0.362907259158
 0.65600000   0.362486055628
 0.65700000   0.362066288995
 0.65800000   0.361647958656
 0.65900000   0.361231064012
 0.66000000   0.360815604462
 0.66100000   0.360401579412
 0.66200000   0.359988988267
 0.66300000   0.359577830435
 0.66400000   0.359168105329
 0.66500000   0.358759812360
 0.66600000   0.358352950944
 0.66700000   0.357947520499
 0.66800000   0.357543520444
 0.66900000   0.357140950203
 0.67000000   0.356739809199
 0.67100000   0.356340096860
 0.67200000   0.355941812613
 0.67300000   0.355544955892
 0.67400000   0.355149526129
 0.67500000   0.354755522759
 0.67600000   0.354362945222
 0.67700000   0.353971792958
 0.67800000   0.353582065409
 0.67900000   0.353193762020
 0.68000000   0.352806882238
 0.68100000   0.352421425512
 0.68200000   0.352037391295
 0.68300000   0.351654779039
 0.68400000   0.351273588201
 0.68500000   0.350893818240
 0.68600000   0.350515468615
 0.68700000   0.350138538790
 0.68800000   0.349763028229
 0.68900000   0.349388936399
 0.69000000   0.349016262771
 0.69100000   0.348645006814
 0.69200000   0.348275168004
 0.69300000   0.347906745817
 0.69400000   0.347539739729
 0.69500000   0.347174149222
 0.69600000   0.346809973779
 0.69700000   0.346447212884
 0.69800000   0.346085866023
 0.69900000   0.345725932687
 0.70000000   0.345367412366
 0.70100000   0.345010304555
 0.70200000   0.344654608748
 0.70300000   0.344300324443
 0.70400000   0.343947451141
 0.70500000   0.343595988344
 0.70600000   0.343245935556
 0.70700000   0.342897292283
 0.70800000   0.342550058034
 0.70900000   0.342204232321
 0.71000000   0.341859814655
 0.71100000   0.341516804553
 0.71200000   0.341175201531
 0.71300000   0.340835005109
 0.71400000   0.340496214808
 0.71500000   0.340158830153
 0.71600000   0.339822850668
 0.71700000   0.339488275883
 0.71800000   0.339155105326
 0.71900000   0.338823338530
 0.72000000   0.338492975030
 0.72100000   0.338164014363
 0.72200000   0.337836456065
 0.72300000   0.337510299680
 0.72400000   0.337185544748
 0.72500000   0.336862190816
 0.72600000   0.336540237430
 0.72700000   0.336219684139
 0.72800000   0.335900530495
 0.72900000   0.335582776050
 0.73000000   0.335266420362
 0.73100000   0.334951462986
 0.73200000   0.334637903483
 0.73300000   0.334325741415
 0.73400000   0.334014976345
 0.73500000   0.333705607839
 0.73600000   0.333397635465
 0.73700000   0.333091058794
 0.73800000   0.332785877397
 0.73900000   0.332482090849
 0.74000000   0.332179698726
 0.74100000   0.331878700607
 0.74200000   0.331579096071
 0.74300000   0.331280884702
 0.74400000   0.330984066085
 0.74500000   0.330688639805
 0.74600000   0.330394605451
 0.74700000   0.330101962615
 0.74800000   0.329810710889
 0.74900000   0.329520849868
 0.75000000   0.329232379149
 0.75100000   0.328945298330
 0.75200000   0.328659607014
 0.75300000   0.328375304803
 0.75400000   0.328092391302
 0.75500000   0.327810866119
 0.75600000   0.327530728862
 0.75700000   0.327251979143
 0.75800000   0.326974616576
 0.75900000   0.326698640774
 0.76000000   0.326424051357
 0.76100000   0.326150847942
 0.76200000   0.325879030153
 0.76300000   0.325608597611
 0.76400000   0.325339549942
 0.76500000   0.325071886774
 0.76600000   0.324805607737
 0.76700000   0.324540712462
 0.76800000   0.324277200581
 0.76900000   0.324015071732
 0.77000000   0.323754325551
 0.77100000   0.323494961677
 0.77200000   0.323236979753
 0.77300000   0.322980379422
 0.77400000   0.322725160330
 0.77500000   0.322471322123
 0.77600000   0.322218864452
 0.77700000   0.321967786967
 0.77800000   0.321718089324
 0.77900000   0.321469771176
 0.78000000   0.321222832181
 0.78100000   0.320977272000
 0.78200000   0.320733090293
 0.78300000   0.320490286724
 0.78400000   0.320248860958
 0.78500000   0.320008812663
 0.78600000   0.319770141508
 0.78700000   0.319532847165
 0.78800000   0.319296929306
 0.78900000   0.319062387607
 0.79000000   0.318829221745
 0.79100000   0.318597431400
 0.79200000   0.318367016253
 0.79300000   0.318137975987
 0.79400000   0.317910310287
 0.79500000   0.317684018840
 0.79600000   0.317459101335
 0.79700000   0.317235557464
 0.79800000   0.317013386918
 0.79900000   0.316792589394
 0.80000000   0.316573164588
 0.80100000   0.316355112198
 0.80200000   0.316138431926
 0.80300000   0.315923123475
 0.80400000   0.315709186548
 0.80500000   0.315496620853
 0.80600000   0.315285426098
 0.80700000   0.315075601994
 0.80800000   0.314867148253
 0.80900000   0.314660064589
 0.81000000   0.314454350719
 0.81100000   0.314250006361
 0.81200000   0.314047031236
 0.81300000   0.313845425064
 0.81400000   0.313645187571
 0.81500000   0.313446318482
 0.81600000   0.313248817525
 0.81700000   0.313052684431
 0.81800000   0.312857918930
 0.81900000   0.312664520756
 0.82000000   0.312472489645
 0.82100000   0.312281825335
 0.82200000   0.312092527565
 0.82300000   0.311904596076
 0.82400000   0.311718030612
 0.82500000   0.311532830917
 0.82600000   0.311348996739
 0.82700000   0.311166527827
 0.82800000   0.310985423932
 0.82900000   0.310805684806
 0.83000000   0.310627310204
 0.83100000   0.310450299883
 0.83200000   0.310274653601
 0.83300000   0.310100371120
 0.83400000   0.309927452200
 0.83500000   0.309755896607
 0.83600000   0.309585704106
 0.83700000   0.309416874466
 0.83800000   0.309249407456
 0.83900000   0.309083302848
 0.84000000   0.308918560417
 0.84100000   0.308755179937
 0.84200000   0.308593161186
 0.84300000   0.308432503944
 0.84400000   0.308273207991
 0.84500000   0.308115273111
 0.84600000   0.307958699090
 0.84700000   0.307803485713
 0.84800000   0.307649632770
 0.84900000   0.307497140052
 0.85000000   0.307346007351
 0.85100000   0.307196234461
 0.85200000   0.307047821179
 0.85300000   0.306900767303
 0.85400000   0.306755072634
 0.85500000   0.306610736973
 0.85600000   0.306467760124
 0.85700000   0.306326141892
 0.85800000   0.306185882086
 0.85900000   0.306046980515
 0.86000000   0.305909436991
 0.86100000   0.305773251325
 0.86200000   0.305638423335
 0.86300000   0.305504952835
 0.86400000   0.305372839647
 0.86500000   0.305242083589
 0.86600000   0.305112684485
 0.86700000   0.304984642159
 0.86800000   0.304857956437
 0.86900000   0.304732627148
 0.87000000   0.304608654121
 0.87100000   0.304486037188
 0.87200000   0.304364776184
 0.87300000   0.304244870943
 0.87400000   0.304126321304
 0.87500000   0.304009127105
 0.87600000   0.303893288187
 0.87700000   0.303778804394
 0.87800000   0.303665675571
 0.87900000   0.303553901563
 0.88000000   0.303443482221
 0.88100000   0.303334417393
 0.88200000   0.303226706933
 0.88300000   0.303120350695
 0.88400000   0.303015348534
 0.88500000   0.302911700309
 0.88600000   0.302809405879
 0.88700000   0.302708465105
 0.88800000   0.302608877851
 0.88900000   0.302510643983
 0.89000000   0.302413763367
 0.89100000   0.302318235871
 0.89200000   0.302224061368
 0.89300000   0.302131239729
 0.89400000   0.302039770829
 0.89500000   0.301949654545
 0.89600000   0.301860890753
 0.89700000   0.301773479335
 0.89800000   0.301687420172
 0.89900000   0.301602713147
 0.90000000   0.301519358147
 0.90100000   0.301437355058
 0.90200000   0.301356703770
 0.90300000   0.301277404173
 0.90400000   0.301199456160
 0.90500000   0.301122859627
 0.90600000   0.301047614469
 0.90700000   0.300973720585
 0.90800000   0.300901177875
 0.90900000   0.300829986241
 0.91000000   0.300760145587
 0.91100000   0.300691655818
 0.91200000   0.300624516842
 0.91300000   0.300558728568
 0.91400000   0.300494290908
 0.91500000   0.300431203774
 0.91600000   0.300369467081
 0.91700000   0.300309080746
 0.91800000   0.300250044687
 0.91900000   0.300192358825
 0.92000000   0.300136023081
 0.92100000   0.300081037380
 0.92200000   0.300027401647
 0.92300000   0.299975115811
 0.92400000   0.299924179799
 0.92500000   0.299874593544
 0.92600000   0.299826356979
 0.92700000   0.299779470039
 0.92800000   0.299733932660
 0.92900000   0.299689744780
 0.93000000   0.299646906341
 0.93100000   0.299605417285
 0.93200000   0.299565277554
 0.93300000   0.299526487096
 0.93400000   0.299489045858
 0.93500000   0.299452953790
 0.93600000   0.299418210842
 0.93700000   0.299384816968
 0.93800000   0.299352772122
 0.93900000   0.299322076263
 0.94000000   0.299292729347
 0.94100000   0.299264731336
 0.94200000   0.299238082192
 0.94300000   0.299212781879
 0.94400000   0.299188830362
 0.94500000   0.299166227610
 0.94600000   0.299144973592
 0.94700000   0.299125068280
 0.94800000   0.299106511645
 0.94900000   0.299089303664
 0.95000000   0.299073444313
 0.95100000   0.299058933571
 0.95200000   0.299045771419
 0.95300000   0.299033957838
 0.95400000   0.299023492812
 0.95500000   0.299014376328
 0.95600000   0.299006608373
 0.95700000   0.299000188937
 0.95800000   0.298995118010
 0.95900000   0.298991395587
 0.96000000   0.298989021662
 0.96100000   0.298987996232
 0.96200000   0.298988319296
 0.96300000   0.298989990854
 0.96400000   0.298993010908
 0.96500000   0.298997379462
 0.96600000   0.299003096522
 0.96700000   0.299010162097
 0.96800000   0.299018576195
 0.96900000   0.299028338828
 0.97000000   0.299039450008
 0.97100000   0.299051909752
 0.97200000   0.299065718076
 0.97300000   0.299080874998
 0.97400000   0.299097380538
 0.97500000   0.299115234720
 0.97600000   0.299134437567
 0.97700000   0.299154989105
 0.97800000   0.299176889362
 0.97900000   0.299200138368
 0.98000000   0.299224736153
 0.98100000   0.299250682750
 0.98200000   0.299277978196
 0.98300000   0.299306622526
 0.98400000   0.299336615780
 0.98500000   0.299367957998
 0.98600000   0.299400649221
 0.98700000   0.299434689495
 0.98800000   0.299470078865
 0.98900000   0.299506817378
 0.99000000   0.299544905085
 0.99100000   0.299584342037
 0.99200000   0.299625128287
 0.99300000   0.299667263890
 0.99400000   0.299710748902
 0.99500000   0.299755583384
 0.99600000   0.299801767394
 0.99700000   0.299849300996
 0.99800000   0.299898184253
 0.99900000   0.299948417232
 1.00000000   0.300000000000


# Solution for b = 0.40
 0.00000000   1.000000000000
 0.00100000   0.998422829944
 0.00200000   0.996848373888
 0.00300000   0.995276627561
 0.00400000   0.993707586707
 0.00500000   0.992141247086
 0.00600000   0.990577604470
 0.00700000   0.989016654644
 0.00800000   0.987458393408
 0.00900000   0.985902816576
 0.01000000   0.984349919977
 0.01100000   0.982799699450
 0.01200000   0.981252150850
 0.01300000   0.979707270047
 0.01400000   0.978165052921
 0.01500000   0.976625495367
 0.01600000   0.975088593295
 0.01700000   0.973554342626
 0.01800000   0.972022739295
 0.01900000   0.970493779252
 0.02000000   0.968967458456
 0.02100000   0.967443772884
 0.02200000   0.965922718523
 0.02300000   0.964404291374
 0.02400000   0.962888487450
 0.02500000   0.961375302779
 0.02600000   0.959864733399
 0.02700000   0.958356775364
 0.02800000   0.956851424738
 0.02900000   0.955348677599
 0.03000000   0.953848530039
 0.03100000   0.952350978159
 0.03200000   0.950856018076
 0.03300000   0.949363645919
 0.03400000   0.947873857827
 0.03500000   0.946386649954
 0.03600000   0.944902018465
 0.03700000   0.943419959539
 0.03800000   0.941940469366
 0.03900000   0.940463544147
 0.04000000   0.938989180097
 0.04100000   0.937517373444
 0.04200000   0.936048120425
 0.04300000   0.934581417292
 0.04400000   0.933117260308
 0.04500000   0.931655645746
 0.04600000   0.930196569895
 0.04700000   0.928740029052
 0.04800000   0.927286019528
 0.04900000   0.925834537644
 0.05000000   0.924385579736
 0.05100000   0.922939142147
 0.05200000   0.921495221236
 0.05300000   0.920053813371
 0.05400000   0.918614914933
 0.05500000   0.917178522312
 0.05600000   0.915744631913
 0.05700000   0.914313240150
 0.05800000   0.912884343449
 0.05900000   0.911457938248
 0.06000000   0.910034020995
 0.06100000   0.908612588150
 0.06200000   0.907193636183
 0.06300000   0.905777161578
 0.06400000   0.904363160828
 0.06500000   0.902951630437
 0.06600000   0.901542566921
 0.06700000   0.900135966805
 0.06800000   0.898731826628
 0.06900000   0.897330142938
 0.07000000   0.895930912294
 0.07100000   0.894534131266
 0.07200000   0.893139796434
 0.07300000   0.891747904391
 0.07400000   0.890358451739
 0.07500000   0.888971435090
 0.07600000   0.887586851068
 0.07700000   0.886204696308
 0.07800000   0.884824967454
 0.07900000   0.883447661160
 0.08000000   0.882072774094
 0.08100000   0.880700302931
 0.08200000   0.879330244357
 0.08300000   0.877962595070
 0.08400000   0.876597351776
 0.08500000   0.875234511193
 0.08600000   0.873874070049
 0.08700000   0.872516025082
 0.08800000   0.871160373039
 0.08900000   0.869807110680
 0.09000000   0.868456234772
 0.09100000   0.867107742093
 0.09200000   0.865761629433
 0.09300000   0.864417893589
 0.09400000   0.863076531370
 0.09500000   0.861737539594
 0.09600000   0.860400915089
 0.09700000   0.859066654693
 0.09800000   0.857734755255
 0.09900000   0.856405213630
 0.10000000   0.855078026687
 0.10100000   0.853753191303
 0.10200000   0.852430704365
 0.10300000   0.851110562767
 0.10400000   0.849792763418
 0.10500000   0.848477303231
 0.10600000   0.847164179132
 0.10700000   0.845853388055
 0.10800000   0.844544926944
 0.10900000   0.843238792752
 0.11000000   0.841934982443
 0.11100000   0.840633492988
 0.11200000   0.839334321369
 0.11300000   0.838037464576
 0.11400000   0.836742919609
 0.11500000   0.835450683477
 0.11600000   0.834160753200
 0.11700000   0.832873125803
 0.11800000   0.831587798325
 0.11900000   0.830304767810
 0.12000000   0.829024031314
 0.12100000   0.827745585901
 0.12200000   0.826469428642
 0.12300000   0.825195556621
 0.12400000   0.823923966927
 0.12500000   0.822654656661
 0.12600000   0.821387622930
 0.12700000   0.820122862854
 0.12800000   0.818860373556
 0.12900000   0.817600152173
 0.13000000   0.816342195849
 0.13100000   0.815086501735
 0.13200000   0.813833066993
 0.13300000   0.812581888792
 0.13400000   0.811332964312
 0.13500000   0.810086290739
 0.13600000   0.808841865268
 0.13700000   0.807599685104
 0.13800000   0.806359747460
 0.13900000   0.805122049556
 0.14000000   0.803886588622
 0.14100000   0.802653361897
 0.14200000   0.801422366626
 0.14300000   0.800193600065
 0.14400000   0.798967059476
 0.14500000   0.797742742132
 0.14600000   0.796520645311
 0.14700000   0.795300766301
 0.14800000   0.794083102399
 0.14900000   0.792867650910
 0.15000000   0.791654409145
 0.15100000   0.790443374426
 0.15200000   0.789234544081
 0.15300000   0.788027915447
 0.15400000   0.786823485869
 0.15500000   0.785621252700
 0.15600000   0.784421213302
 0.15700000   0.783223365042
 0.15800000   0.782027705298
 0.15900000   0.780834231455
 0.16000000   0.779642940906
 0.16100000   0.778453831051
 0.16200000   0.777266899298
 0.16300000   0.776082143064
 0.16400000   0.774899559774
 0.16500000   0.773719146857
 0.16600000   0.772540901756
 0.16700000   0.771364821916
 0.16800000   0.770190904792
 0.16900000   0.769019147848
 0.17000000   0.767849548553
 0.17100000   0.766682104386
 0.17200000   0.765516812831
 0.17300000   0.764353671383
 0.17400000   0.763192677541
 0.17500000   0.762033828813
 0.17600000   0.760877122716
 0.17700000   0.759722556772
 0.17800000   0.758570128512
 0.17900000   0.757419835473
 0.18000000   0.756271675201
 0.18100000   0.755125645248
 0.18200000   0.753981743175
 0.18300000   0.752839966549
 0.18400000   0.751700312944
 0.18500000   0.750562779942
 0.18600000   0.749427365133
 0.18700000   0.748294066112
 0.18800000   0.747162880484
 0.18900000   0.746033805858
 0.19000000   0.744906839854
 0.19100000   0.743781980095
 0.19200000   0.742659224214
 0.19300000   0.741538569850
 0.19400000   0.740420014650
 0.19500000   0.739303556266
 0.19600000   0.738189192359
 0.19700000   0.737076920596
 0.19800000   0.735966738651
 0.19900000   0.734858644207
 0.20000000   0.733752634950
 0.20100000   0.732648708576
 0.20200000   0.731546862786
 0.20300000   0.730447095291
 0.20400000   0.729349403804
 0.20500000   0.728253786049
 0.20600000   0.727160239755
 0.20700000   0.726068762657
 0.20800000   0.724979352499
 0.20900000   0.723892007030
 0.21000000   0.722806724006
 0.21100000   0.721723501191
 0.21200000   0.720642336353
 0.21300000   0.719563227269
 0.21400000   0.718486171721
 0.21500000   0.717411167500
 0.21600000   0.716338212400
 0.21700000   0.715267304226
 0.21800000   0.714198440784
 0.21900000   0.713131619893
 0.22000000   0.712066839372
 0.22100000   0.711004097052
 0.22200000   0.709943390767
 0.22300000   0.708884718359
 0.22400000   0.707828077675
 0.22500000   0.706773466570
 0.22600000   0.705720882905
 0.22700000   0.704670324546
 0.22800000   0.703621789368
 0.22900000   0.702575275249
 0.23000000   0.701530780077
 0.23100000   0.700488301742
 0.23200000   0.699447838144
 0.23300000   0.698409387188
 0.23400000   0.697372946785
 0.23500000   0.696338514851
 0.23600000   0.695306089311
 0.23700000   0.694275668094
 0.23800000   0.693247249135
 0.23900000   0.692220830378
 0.24000000   0.691196409769
 0.24100000   0.690173985262
 0.24200000   0.689153554819
 0.24300000   0.688135116405
 0.24400000   0.687118667992
 0.24500000   0.686104207559
 0.24600000   0.685091733090
 0.24700000   0.684081242575
 0.24800000   0.683072734011
 0.24900000   0.682066205400
 0.25000000   0.681061654750
 0.25100000   0.680059080074
 0.25200000   0.679058479393
 0.25300000   0.678059850733
 0.25400000   0.677063192126
 0.25500000   0.676068501608
 0.25600000   0.675075777223
 0.25700000   0.674085017021
 0.25800000   0.673096219055
 0.25900000   0.672109381388
 0.26000000   0.671124502085
 0.26100000   0.670141579219
 0.26200000   0.669160610867
 0.26300000   0.668181595113
 0.26400000   0.667204530047
 0.26500000   0.666229413763
 0.26600000   0.665256244362
 0.26700000   0.664285019951
 0.26800000   0.663315738640
 0.26900000   0.662348398549
 0.27000000   0.661382997799
 0.27100000   0.660419534520
 0.27200000   0.659458006845
 0.27300000   0.658498412915
 0.27400000   0.657540750874
 0.27500000   0.656585018874
 0.27600000   0.655631215071
 0.27700000   0.654679337626
 0.27800000   0.653729384707
 0.27900000   0.652781354487
 0.28000000   0.651835245143
 0.28100000   0.650891054859
 0.28200000   0.649948781824
 0.28300000   0.649008424232
 0.28400000   0.648069980283
 0.28500000   0.647133448181
 0.28600000   0.646198826138
 0.28700000   0.645266112368
 0.28800000   0.644335305094
 0.28900000   0.643406402540
 0.29000000   0.642479402939
 0.29100000   0.641554304527
 0.29200000   0.640631105546
 0.29300000   0.639709804244
 0.29400000   0.638790398873
 0.29500000   0.637872887691
 0.29600000   0.636957268960
 0.29700000   0.636043540949
 0.29800000   0.635131701931
 0.29900000   0.634221750184
 0.30000000   0.633313683991
 0.30100000   0.632407501642
 0.30200000   0.631503201429
 0.30300000   0.630600781652
 0.30400000   0.629700240614
 0.30500000   0.628801576624
 0.30600000   0.627904787997
 0.30700000   0.627009873051
 0.30800000   0.626116830110
 0.30900000   0.625225657503
 0.31000000   0.624336353564
 0.31100000   0.623448916631
 0.31200000   0.622563345050
 0.31300000   0.621679637168
 0.31400000   0.620797791340
 0.31500000   0.619917805924
 0.31600000   0.619039679283
 0.31700000   0.618163409787
 0.31800000   0.617288995808
 0.31900000   0.616416435725
 0.32000000   0.615545727920
 0.32100000   0.614676870782
 0.32200000   0.613809862704
 0.32300000   0.612944702083
 0.32400000   0.612081387321
 0.32500000   0.611219916825
 0.32600000   0.610360289008
 0.32700000   0.609502502285
 0.32800000   0.608646555079
 0.32900000   0.607792445816
 0.33000000   0.606940172926
 0.33100000   0.606089734845
 0.33200000   0.605241130014
 0.33300000   0.604394356876
 0.33400000   0.603549413882
 0.33500000   0.602706299487
 0.33600000   0.601865012149
 0.33700000   0.601025550331
 0.33800000   0.600187912502
 0.33900000   0.599352097135
 0.34000000   0.598518102706
 0.34100000   0.597685927699
 0.34200000   0.596855570599
 0.34300000   0.596027029898
 0.34400000   0.595200304091
 0.34500000   0.594375391679
 0.34600000   0.593552291166
 0.34700000   0.592731001061
 0.34800000   0.591911519879
 0.34900000   0.591093846137
 0.35000000   0.590277978358
 0.35100000   0.589463915070
 0.35200000   0.588651654803
 0.35300000   0.587841196095
 0.35400000   0.587032537485
 0.35500000   0.586225677518
 0.35600000   0.585420614745
 0.35700000   0.584617347717
 0.35800000   0.583815874995
 0.35900000   0.583016195139
 0.36000000   0.582218306718
 0.36100000   0.581422208302
 0.36200000   0.580627898466
 0.36300000   0.579835375791
 0.36400000   0.579044638861
 0.36500000   0.578255686264
 0.36600000   0.577468516593
 0.36700000   0.576683128445
 0.36800000   0.575899520422
 0.36900000   0.575117691129
 0.37000000   0.574337639176
 0.37100000   0.573559363178
 0.37200000   0.572782861751
 0.37300000   0.572008133520
 0.37400000   0.571235177111
 0.37500000   0.570463991155
 0.37600000   0.569694574286
 0.37700000   0.568926925146
 0.37800000   0.568161042376
 0.37900000   0.567396924624
 0.38000000   0.566634570543
 0.38100000   0.565873978789
 0.38200000   0.565115148021
 0.38300000   0.564358076904
 0.38400000   0.563602764105
 0.38500000   0.562849208299
 0.38600000   0.562097408160
 0.38700000   0.561347362370
 0.38800000   0.560599069613
 0.38900000   0.559852528578
 0.39000000   0.559107737958
 0.39100000   0.558364696449
 0.39200000   0.557623402752
 0.39300000   0.556883855573
 0.39400000   0.556146053619
 0.39500000   0.555409995605
 0.39600000   0.554675680246
 0.39700000   0.553943106263
 0.39800000   0.553212272382
 0.39900000   0.552483177331
 0.40000000   0.551755819842
 0.40100000   0.551030198653
 0.40200000   0.550306312503
 0.40300000   0.549584160138
 0.40400000   0.548863740306
 0.40500000   0.548145051758
 0.40600000   0.547428093252
 0.40700000   0.546712863547
 0.40800000   0.545999361408
 0.40900000   0.545287585601
 0.41000000   0.544577534900
 0.41100000   0.543869208078
 0.41200000   0.543162603916
 0.41300000   0.542457721197
 0.41400000   0.541754558708
 0.41500000   0.541053115239
 0.41600000   0.540353389586
 0.41700000   0.539655380547
 0.41800000   0.538959086923
 0.41900000   0.538264507521
 0.42000000   0.537571641151
 0.42100000   0.536880486626
 0.42200000   0.536191042764
 0.42300000   0.535503308385
 0.42400000   0.534817282314
 0.42500000   0.534132963379
 0.42600000   0.533450350413
 0.42700000   0.532769442252
 0.42800000   0.532090237736
 0.42900000   0.531412735707
 0.43000000   0.530736935012
 0.43100000   0.530062834502
 0.43200000   0.529390433032
 0.43300000   0.528719729459
 0.43400000   0.528050722645
 0.43500000   0.527383411455
 0.43600000   0.526717794758
 0.43700000   0.526053871426
 0.43800000   0.525391640336
 0.43900000   0.524731100368
 0.44000000   0.524072250404
 0.44100000   0.523415089332
 0.44200000   0.522759616041
 0.44300000   0.522105829427
 0.44400000   0.521453728387
 0.44500000   0.520803311821
 0.44600000   0.520154578636
 0.44700000   0.519507527738
 0.44800000   0.518862158040
 0.44900000   0.518218468457
 0.45000000   0.517576457908
 0.45100000   0.516936125316
 0.45200000   0.516297469605
 0.45300000   0.515660489707
 0.45400000   0.515025184553
 0.45500000   0.514391553080
 0.45600000   0.513759594228
 0.45700000   0.513129306940
 0.45800000   0.512500690163
 0.45900000   0.511873742847
 0.46000000   0.511248463945
 0.46100000   0.510624852416
 0.46200000   0.510002907218
 0.46300000   0.509382627318
 0.46400000   0.508764011680
 0.46500000   0.508147059278
 0.46600000   0.507531769084
 0.46700000   0.506918140076
 0.46800000   0.506306171235
 0.46900000   0.505695861546
 0.47000000   0.505087209996
 0.47100000   0.504480215576
 0.47200000   0.503874877282
 0.47300000   0.503271194109
 0.47400000   0.502669165061
 0.47500000   0.502068789140
 0.47600000   0.501470065356
 0.47700000   0.500872992718
 0.47800000   0.500277570242
 0.47900000   0.499683796945
 0.48000000   0.499091671849
 0.48100000   0.498501193977
 0.48200000   0.497912362357
 0.48300000   0.497325176021
 0.48400000   0.496739634002
 0.48500000   0.496155735338
 0.48600000   0.495573479070
 0.48700000   0.494992864241
 0.48800000   0.494413889898
 0.48900000   0.493836555094
 0.49000000   0.493260858880
 0.49100000   0.492686800314
 0.49200000   0.492114378456
 0.49300000   0.491543592370
 0.49400000   0.490974441121
 0.49500000   0.490406923781
 0.49600000   0.489841039421
 0.49700000   0.489276787119
 0.49800000   0.488714165953
 0.49900000   0.488153175005
 0.50000000   0.487593813363
 0.50100000   0.487036080114
 0.50200000   0.486479974350
 0.50300000   0.485925495168
 0.50400000   0.485372641664
 0.50500000   0.484821412941
 0.50600000   0.484271808104
 0.50700000   0.483723826259
 0.50800000   0.483177466518
 0.50900000   0.482632727995
 0.51000000   0.482089609807
 0.51100000   0.481548111075
 0.51200000   0.481008230920
 0.51300000   0.480469968471
 0.51400000   0.479933322856
 0.51500000   0.479398293207
 0.51600000   0.478864878662
 0.51700000   0.478333078357
 0.51800000   0.477802891436
 0.51900000   0.477274317042
 0.52000000   0.476747354324
 0.52100000   0.476222002433
 0.52200000   0.475698260523
 0.52300000   0.475176127750
 0.52400000   0.474655603275
 0.52500000   0.474136686260
 0.52600000   0.473619375873
 0.52700000   0.473103671281
 0.52800000   0.472589571657
 0.52900000   0.472077076177
 0.53000000   0.471566184018
 0.53100000   0.471056894361
 0.53200000   0.470549206390
 0.53300000   0.470043119293
 0.53400000   0.469538632259
 0.53500000   0.469035744481
 0.53600000   0.468534455156
 0.53700000   0.468034763483
 0.53800000   0.467536668662
 0.53900000   0.467040169899
 0.54000000   0.466545266403
 0.54100000   0.466051957382
 0.54200000   0.465560242052
 0.54300000   0.465070119628
 0.54400000   0.464581589330
 0.54500000   0.464094650381
 0.54600000   0.463609302005
 0.54700000   0.463125543432
 0.54800000   0.462643373891
 0.54900000   0.462162792618
 0.55000000   0.461683798848
 0.55100000   0.461206391823
 0.55200000   0.460730570783
 0.55300000   0.460256334976
 0.55400000   0.459783683649
 0.55500000   0.459312616053
 0.55600000   0.458843131443
 0.55700000   0.458375229076
 0.55800000   0.457908908212
 0.55900000   0.457444168113
 0.56000000   0.456981008044
 0.56100000   0.456519427275
 0.56200000   0.456059425076
 0.56300000   0.455601000721
 0.56400000   0.455144153487
 0.56500000   0.454688882655
 0.56600000   0.454235187505
 0.56700000   0.453783067325
 0.56800000   0.453332521400
 0.56900000   0.452883549024
 0.57000000   0.452436149489
 0.57100000   0.451990322091
 0.57200000   0.451546066131
 0.57300000   0.451103380909
 0.57400000   0.450662265731
 0.57500000   0.450222719905
 0.57600000   0.449784742740
 0.57700000   0.449348333551
 0.57800000   0.448913491652
 0.57900000   0.448480216362
 0.58000000   0.448048507003
 0.58100000   0.447618362899
 0.58200000   0.447189783377
 0.58300000   0.446762767765
 0.58400000   0.446337315398
 0.58500000   0.445913425609
 0.58600000   0.445491097737
 0.58700000   0.445070331122
 0.58800000   0.444651125107
 0.58900000   0.444233479037
 0.59000000   0.443817392263
 0.59100000   0.443402864135
 0.59200000   0.442989894007
 0.59300000   0.442578481235
 0.59400000   0.442168625180
 0.59500000   0.441760325204
 0.59600000   0.441353580670
 0.59700000   0.440948390947
 0.59800000   0.440544755405
 0.59900000   0.440142673416
 0.60000000   0.439742144356
 0.60100000   0.439343167603
 0.60200000   0.438945742538
 0.60300000   0.438549868545
 0.60400000   0.438155545009
 0.60500000   0.437762771319
 0.60600000   0.437371546867
 0.60700000   0.436981871046
 0.60800000   0.436593743253
 0.60900000   0.436207162888
 0.61000000   0.435822129353
 0.61100000   0.435438642051
 0.61200000   0.435056700391
 0.61300000   0.434676303781
 0.61400000   0.434297451635
 0.61500000   0.433920143367
 0.61600000   0.433544378395
 0.61700000   0.433170156138
 0.61800000   0.432797476021
 0.61900000   0.432426337468
 0.62000000   0.432056739907
 0.62100000   0.431688682768
 0.62200000   0.431322165486
 0.62300000   0.430957187495
 0.62400000   0.430593748234
 0.62500000   0.430231847144
 0.62600000   0.429871483668
 0.62700000   0.429512657252
 0.62800000   0.429155367345
 0.62900000   0.428799613398
 0.63000000   0.428445394864
 0.63100000   0.428092711200
 0.63200000   0.427741561865
 0.63300000   0.427391946319
 0.63400000   0.427043864028
 0.63500000   0.426697314456
 0.63600000   0.426352297073
 0.63700000   0.426008811351
 0.63800000   0.425666856763
 0.63900000   0.425326432787
 0.64000000   0.424987538900
 0.64100000   0.424650174585
 0.64200000   0.424314339325
 0.64300000   0.423980032608
 0.64400000   0.423647253922
 0.64500000   0.423316002759
 0.64600000   0.422986278613
 0.64700000   0.422658080980
 0.64800000   0.422331409360
 0.64900000   0.422006263254
 0.65000000   0.421682642167
 0.65100000   0.421360545604
 0.65200000   0.421039973076
 0.65300000   0.420720924092
 0.65400000   0.420403398168
 0.65500000   0.420087394820
 0.65600000   0.419772913567
 0.65700000   0.419459953930
 0.65800000   0.419148515432
 0.65900000   0.418838597602
 0.66000000   0.418530199966
 0.66100000   0.418223322057
 0.66200000   0.417917963408
 0.66300000   0.417614123555
 0.66400000   0.417311802037
 0.66500000   0.417010998395
 0.66600000   0.416711712173
 0.66700000   0.416413942916
 0.66800000   0.416117690172
 0.66900000   0.415822953493
 0.67000000   0.415529732432
 0.67100000   0.415238026544
 0.67200000   0.414947835387
 0.67300000   0.414659158523
 0.67400000   0.414371995513
 0.67500000   0.414086345924
 0.67600000   0.413802209322
 0.67700000   0.413519585279
 0.67800000   0.413238473366
 0.67900000   0.412958873159
 0.68000000   0.412680784235
 0.68100000   0.412404206174
 0.68200000   0.412129138558
 0.68300000   0.411855580972
 0.68400000   0.411583533002
 0.68500000   0.411312994238
 0.68600000   0.411043964272
 0.68700000   0.410776442698
 0.68800000   0.410510429112
 0.68900000   0.410245923113
 0.69000000   0.409982924303
 0.69100000   0.409721432286
 0.69200000   0.409461446666
 0.69300000   0.409202967054
 0.69400000   0.408945993058
 0.69500000   0.408690524294
 0.69600000   0.408436560375
 0.69700000   0.408184100921
 0.69800000   0.407933145551
 0.69900000   0.407683693887
 0.70000000   0.407435745556
 0.70100000   0.407189300183
 0.70200000   0.406944357399
 0.70300000   0.406700916836
 0.70400000   0.406458978128
 0.70500000   0.406218540912
 0.70600000   0.405979604826
 0.70700000   0.405742169513
 0.70800000   0.405506234615
 0.70900000   0.405271799779
 0.71000000   0.405038864654
 0.71100000   0.404807428889
 0.71200000   0.404577492139
 0.71300000   0.404349054058
 0.71400000   0.404122114304
 0.71500000   0.403896672537
 0.71600000   0.403672728419
 0.71700000   0.403450281615
 0.71800000   0.403229331793
 0.71900000   0.403009878620
 0.72000000   0.402791921770
 0.72100000   0.402575460915
 0.72200000   0.402360495732
 0.72300000   0.402147025900
 0.72400000   0.401935051099
 0.72500000   0.401724571013
 0.72600000   0.401515585326
 0.72700000   0.401308093727
 0.72800000   0.401102095906
 0.72900000   0.400897591554
 0.73000000   0.400694580367
 0.73100000   0.400493062042
 0.73200000   0.400293036277
 0.73300000   0.400094502774
 0.73400000   0.399897461237
 0.73500000   0.399701911372
 0.73600000   0.399507852888
 0.73700000   0.399315285494
 0.73800000   0.399124208904
 0.73900000   0.398934622833
 0.74000000   0.398746526998
 0.74100000   0.398559921119
 0.74200000   0.398374804919
 0.74300000   0.398191178121
 0.74400000   0.398009040451
 0.74500000   0.397828391640
 0.74600000   0.397649231417
 0.74700000   0.397471559516
 0.74800000   0.397295375673
 0.74900000   0.397120679625
 0.75000000   0.396947471113
 0.75100000   0.396775749879
 0.75200000   0.396605515667
 0.75300000   0.396436768225
 0.75400000   0.396269507302
 0.75500000   0.396103732649
 0.75600000   0.395939444019
 0.75700000   0.395776641169
 0.75800000   0.395615323857
 0.75900000   0.395455491842
 0.76000000   0.395297144888
 0.76100000   0.395140282760
 0.76200000   0.394984905224
 0.76300000   0.394831012051
 0.76400000   0.394678603011
 0.76500000   0.394527677878
 0.76600000   0.394378236429
 0.76700000   0.394230278441
 0.76800000   0.394083803696
 0.76900000   0.393938811975
 0.77000000   0.393795303065
 0.77100000   0.393653276752
 0.77200000   0.393512732826
 0.77300000   0.393373671078
 0.77400000   0.393236091302
 0.77500000   0.393099993294
 0.77600000   0.392965376854
 0.77700000   0.392832241780
 0.77800000   0.392700587877
 0.77900000   0.392570414948
 0.78000000   0.392441722802
 0.78100000   0.392314511248
 0.78200000   0.392188780097
 0.78300000   0.392064529164
 0.78400000   0.391941758264
 0.78500000   0.391820467215
 0.78600000   0.391700655839
 0.78700000   0.391582323958
 0.78800000   0.391465471397
 0.78900000   0.391350097982
 0.79000000   0.391236203545
 0.79100000   0.391123787915
 0.79200000   0.391012850926
 0.79300000   0.390903392416
 0.79400000   0.390795412221
 0.79500000   0.390688910183
 0.79600000   0.390583886143
 0.79700000   0.390480339947
 0.79800000   0.390378271442
 0.79900000   0.390277680476
 0.80000000   0.390178566902
 0.80100000   0.390080930572
 0.80200000   0.389984771343
 0.80300000   0.389890089073
 0.80400000   0.389796883621
 0.80500000   0.389705154850
 0.80600000   0.389614902624
 0.80700000   0.389526126811
 0.80800000   0.389438827279
 0.80900000   0.389353003900
 0.81000000   0.389268656546
 0.81100000   0.389185785093
 0.81200000   0.389104389419
 0.81300000   0.389024469404
 0.81400000   0.388946024930
 0.81500000   0.388869055881
 0.81600000   0.388793562144
 0.81700000   0.388719543606
 0.81800000   0.388647000160
 0.81900000   0.388575931697
 0.82000000   0.388506338114
 0.82100000   0.388438219307
 0.82200000   0.388371575177
 0.82300000   0.388306405624
 0.82400000   0.388242710553
 0.82500000   0.388180489869
 0.82600000   0.388119743482
 0.82700000   0.388060471301
 0.82800000   0.388002673239
 0.82900000   0.387946349211
 0.83000000   0.387891499134
 0.83100000   0.387838122927
 0.83200000   0.387786220511
 0.83300000   0.387735791811
 0.83400000   0.387686836750
 0.83500000   0.387639355259
 0.83600000   0.387593347265
 0.83700000   0.387548812703
 0.83800000   0.387505751505
 0.83900000   0.387464163609
 0.84000000   0.387424048954
 0.84100000   0.387385407479
 0.84200000   0.387348239129
 0.84300000   0.387312543849
 0.84400000   0.387278321585
 0.84500000   0.387245572288
 0.84600000   0.387214295910
 0.84700000   0.387184492403
 0.84800000   0.387156161725
 0.84900000   0.387129303834
 0.85000000   0.387103918690
 0.85100000   0.387080006255
 0.85200000   0.387057566495
 0.85300000   0.387036599377
 0.85400000   0.387017104869
 0.85500000   0.386999082942
 0.85600000   0.386982533572
 0.85700000   0.386967456732
 0.85800000   0.386953852401
 0.85900000   0.386941720558
 0.86000000   0.386931061187
 0.86100000   0.386921874270
 0.86200000   0.386914159795
 0.86300000   0.386907917751
 0.86400000   0.386903148127
 0.86500000   0.386899850918
 0.86600000   0.386898026118
 0.86700000   0.386897673724
 0.86800000   0.386898793737
 0.86900000   0.386901386157
 0.87000000   0.386905450988
 0.87100000   0.386910988237
 0.87200000   0.386917997912
 0.87300000   0.386926480022
 0.87400000   0.386936434581
 0.87500000   0.386947861603
 0.87600000   0.386960761105
 0.87700000   0.386975133105
 0.87800000   0.386990977626
 0.87900000   0.387008294690
 0.88000000   0.387027084323
 0.88100000   0.387047346553
 0.88200000   0.387069081409
 0.88300000   0.387092288923
 0.88400000   0.387116969130
 0.88500000   0.387143122066
 0.88600000   0.387170747770
 0.88700000   0.387199846281
 0.88800000   0.387230417644
 0.88900000   0.387262461902
 0.89000000   0.387295979104
 0.89100000   0.387330969298
 0.89200000   0.387367432536
 0.89300000   0.387405368873
 0.89400000   0.387444778363
 0.89500000   0.387485661064
 0.89600000   0.387528017038
 0.89700000   0.387571846346
 0.89800000   0.387617149053
 0.89900000   0.387663925226
 0.90000000   0.387712174934
 0.90100000   0.387761898247
 0.90200000   0.387813095240
 0.90300000   0.387865765986
 0.90400000   0.387919910565
 0.90500000   0.387975529056
 0.90600000   0.388032621541
 0.90700000   0.388091188104
 0.90800000   0.388151228831
 0.90900000   0.388212743811
 0.91000000   0.388275733135
 0.91100000   0.388340196895
 0.91200000   0.388406135187
 0.91300000   0.388473548107
 0.91400000   0.388542435756
 0.91500000   0.388612798234
 0.91600000   0.388684635646
 0.91700000   0.388757948097
 0.91800000   0.388832735696
 0.91900000   0.388908998553
 0.92000000   0.388986736780
 0.92100000   0.389065950493
 0.92200000   0.389146639808
 0.92300000   0.389228804843
 0.92400000   0.389312445721
 0.92500000   0.389397562565
 0.92600000   0.389484155501
 0.92700000   0.389572224655
 0.92800000   0.389661770159
 0.92900000   0.389752792145
 0.93000000   0.389845290746
 0.93100000   0.389939266100
 0.93200000   0.390034718345
 0.93300000   0.390131647622
 0.93400000   0.390230054075
 0.93500000   0.390329937849
 0.93600000   0.390431299091
 0.93700000   0.390534137951
 0.93800000   0.390638454581
 0.93900000   0.390744249135
 0.94000000   0.390851521770
 0.94100000   0.390960272645
 0.94200000   0.391070501919
 0.94300000   0.391182209756
 0.94400000   0.391295396321
 0.94500000   0.391410061782
 0.94600000   0.391526206308
 0.94700000   0.391643830071
 0.94800000   0.391762933244
 0.94900000   0.391883516005
 0.95000000   0.392005578531
 0.95100000   0.392129121004
 0.95200000   0.392254143605
 0.95300000   0.392380646521
 0.95400000   0.392508629937
 0.95500000   0.392638094045
 0.95600000   0.392769039035
 0.95700000   0.392901465102
 0.95800000   0.393035372441
 0.95900000   0.393170761251
 0.96000000   0.393307631733
 0.96100000   0.393445984089
 0.96200000   0.393585818525
 0.96300000   0.393727135247
 0.96400000   0.393869934465
 0.96500000   0.394014216391
 0.96600000   0.394159981239
 0.96700000   0.394307229226
 0.96800000   0.394455960568
 0.96900000   0.394606175487
 0.97000000   0.394757874207
 0.97100000   0.394911056951
 0.97200000   0.395065723948
 0.97300000   0.395221875427
 0.97400000   0.395379511619
 0.97500000   0.395538632759
 0.97600000   0.395699239084
 0.97700000   0.395861330831
 0.97800000   0.396024908242
 0.97900000   0.396189971559
 0.98000000   0.396356521028
 0.98100000   0.396524556896
 0.98200000   0.396694079413
 0.98300000   0.396865088832
 0.98400000   0.397037585406
 0.98500000   0.397211569392
 0.98600000   0.397387041049
 0.98700000   0.397564000637
 0.98800000   0.397742448421
 0.98900000   0.397922384666
 0.99000000   0.398103809640
 0.99100000   0.398286723612
 0.99200000   0.398471126855
 0.99300000   0.398657019645
 0.99400000   0.398844402257
 0.99500000   0.399033274970
 0.99600000   0.399223638068
 0.99700000   0.399415491832
 0.99800000   0.399608836550
 0.99900000   0.399803672509
 1.00000000   0.400000000000


# Solution for b = 0.50
 0.00000000   1.000000000000
 0.00100000   0.998498673980
 0.00200000   0.997000062164
 0.00300000   0.995504160490
 0.00400000   0.994010964904
 0.00500000   0.992520471370
 0.00600000   0.991032675864
 0.00700000   0.989547574374
 0.00800000   0.988065162902
 0.00900000   0.986585437463
 0.01000000   0.985108394087
 0.01100000   0.983634028813
 0.01200000   0.982162337698
 0.01300000   0.980693316807
 0.01400000   0.979226962221
 0.01500000   0.977763270034
 0.01600000   0.976302236351
 0.01700000   0.974843857292
 0.01800000   0.973388128986
 0.01900000   0.971935047579
 0.02000000   0.970484609227
 0.02100000   0.969036810099
 0.02200000   0.967591646377
 0.02300000   0.966149114255
 0.02400000   0.964709209939
 0.02500000   0.963271929650
 0.02600000   0.961837269616
 0.02700000   0.960405226084
 0.02800000   0.958975795307
 0.02900000   0.957548973554
 0.03000000   0.956124757105
 0.03100000   0.954703142252
 0.03200000   0.953284125300
 0.03300000   0.951867702564
 0.03400000   0.950453870372
 0.03500000   0.949042625065
 0.03600000   0.947633962994
 0.03700000   0.946227880523
 0.03800000   0.944824374028
 0.03900000   0.943423439895
 0.04000000   0.942025074524
 0.04100000   0.940629274324
 0.04200000   0.939236035718
 0.04300000   0.937845355140
 0.04400000   0.936457229034
 0.04500000   0.935071653857
 0.04600000   0.933688626076
 0.04700000   0.932308142173
 0.04800000   0.930930198636
 0.04900000   0.929554791967
 0.05000000   0.928181918681
 0.05100000   0.926811575301
 0.05200000   0.925443758363
 0.05300000   0.924078464414
 0.05400000   0.922715690011
 0.05500000   0.921355431722
 0.05600000   0.919997686129
 0.05700000   0.918642449821
 0.05800000   0.917289719400
 0.05900000   0.915939491479
 0.06000000   0.914591762681
 0.06100000   0.913246529640
 0.06200000   0.911903789001
 0.06300000   0.910563537419
 0.06400000   0.909225771561
 0.06500000   0.907890488104
 0.06600000   0.906557683735
 0.06700000   0.905227355153
 0.06800000   0.903899499065
 0.06900000   0.902574112192
 0.07000000   0.901251191261
 0.07100000   0.899930733014
 0.07200000   0.898612734201
 0.07300000   0.897297191582
 0.07400000   0.895984101928
 0.07500000   0.894673462020
 0.07600000   0.893365268650
 0.07700000   0.892059518619
 0.07800000   0.890756208738
 0.07900000   0.889455335831
 0.08000000   0.888156896728
 0.08100000   0.886860888271
 0.08200000   0.885567307313
 0.08300000   0.884276150715
 0.08400000   0.882987415349
 0.08500000   0.881701098097
 0.08600000   0.880417195849
 0.08700000   0.879135705509
 0.08800000   0.877856623986
 0.08900000   0.876579948201
 0.09000000   0.875305675086
 0.09100000   0.874033801580
 0.09200000   0.872764324634
 0.09300000   0.871497241207
 0.09400000   0.870232548267
 0.09500000   0.868970242795
 0.09600000   0.867710321778
 0.09700000   0.866452782213
 0.09800000   0.865197621108
 0.09900000   0.863944835479
 0.10000000   0.862694422352
 0.10100000   0.861446378763
 0.10200000   0.860200701756
 0.10300000   0.858957388384
 0.10400000   0.857716435712
 0.10500000   0.856477840810
 0.10600000   0.855241600761
 0.10700000   0.854007712656
 0.10800000   0.852776173594
 0.10900000   0.851546980683
 0.11000000   0.850320131042
 0.11100000   0.849095621798
 0.11200000   0.847873450087
 0.11300000   0.846653613053
 0.11400000   0.845436107851
 0.11500000   0.844220931642
 0.11600000   0.843008081599
 0.11700000   0.841797554902
 0.11800000   0.840589348741
 0.11900000   0.839383460312
 0.12000000   0.838179886824
 0.12100000   0.836978625491
 0.12200000   0.835779673538
 0.12300000   0.834583028197
 0.12400000   0.833388686710
 0.12500000   0.832196646328
 0.12600000   0.831006904307
 0.12700000   0.829819457917
 0.12800000   0.828634304432
 0.12900000   0.827451441136
 0.13000000   0.826270865323
 0.13100000   0.825092574293
 0.13200000   0.823916565356
 0.13300000   0.822742835829
 0.13400000   0.821571383039
 0.13500000   0.820402204320
 0.13600000   0.819235297016
 0.13700000   0.818070658476
 0.13800000   0.816908286060
 0.13900000   0.815748177136
 0.14000000   0.814590329079
 0.14100000   0.813434739273
 0.14200000   0.812281405110
 0.14300000   0.811130323989
 0.14400000   0.809981493320
 0.14500000   0.808834910518
 0.14600000   0.807690573007
 0.14700000   0.806548478220
 0.14800000   0.805408623595
 0.14900000   0.804271006582
 0.15000000   0.803135624636
 0.15100000   0.802002475221
 0.15200000   0.800871555809
 0.15300000   0.799742863879
 0.15400000   0.798616396918
 0.15500000   0.797492152422
 0.15600000   0.796370127893
 0.15700000   0.795250320842
 0.15800000   0.794132728787
 0.15900000   0.793017349253
 0.16000000   0.791904179776
 0.16100000   0.790793217895
 0.16200000   0.789684461159
 0.16300000   0.788577907125
 0.16400000   0.787473553358
 0.16500000   0.786371397427
 0.16600000   0.785271436913
 0.16700000   0.784173669402
 0.16800000   0.783078092487
 0.16900000   0.781984703770
 0.17000000   0.780893500860
 0.17100000   0.779804481373
 0.17200000   0.778717642932
 0.17300000   0.777632983169
 0.17400000   0.776550499721
 0.17500000   0.775470190234
 0.17600000   0.774392052360
 0.17700000   0.773316083760
 0.17800000   0.772242282100
 0.17900000   0.771170645056
 0.18000000   0.770101170308
 0.18100000   0.769033855546
 0.18200000   0.767968698465
 0.18300000   0.766905696768
 0.18400000   0.765844848165
 0.18500000   0.764786150374
 0.18600000   0.763729601118
 0.18700000   0.762675198128
 0.18800000   0.761622939144
 0.18900000   0.760572821909
 0.19000000   0.759524844176
 0.19100000   0.758479003705
 0.19200000   0.757435298260
 0.19300000   0.756393725615
 0.19400000   0.755354283550
 0.19500000   0.754316969850
 0.19600000   0.753281782310
 0.19700000   0.752248718729
 0.19800000   0.751217776915
 0.19900000   0.750188954681
 0.20000000   0.749162249848
 0.20100000   0.748137660243
 0.20200000   0.747115183699
 0.20300000   0.746094818057
 0.20400000   0.745076561165
 0.20500000   0.744060410876
 0.20600000   0.743046365051
 0.20700000   0.742034421556
 0.20800000   0.741024578266
 0.20900000   0.740016833061
 0.21000000   0.739011183827
 0.21100000   0.738007628458
 0.21200000   0.737006164852
 0.21300000   0.736006790918
 0.21400000   0.735009504566
 0.21500000   0.734014303717
 0.21600000   0.733021186296
 0.21700000   0.732030150235
 0.21800000   0.731041193472
 0.21900000   0.730054313952
 0.22000000   0.729069509625
 0.22100000   0.728086778450
 0.22200000   0.727106118389
 0.22300000   0.726127527414
 0.22400000   0.725151003499
 0.22500000   0.724176544628
 0.22600000   0.723204148788
 0.22700000   0.722233813976
 0.22800000   0.721265538192
 0.22900000   0.720299319443
 0.23000000   0.719335155743
 0.23100000   0.718373045112
 0.23200000   0.717412985574
 0.23300000   0.716454975162
 0.23400000   0.715499011913
 0.23500000   0.714545093872
 0.23600000   0.713593219089
 0.23700000   0.712643385619
 0.23800000   0.711695591524
 0.23900000   0.710749834874
 0.24000000   0.709806113740
 0.24100000   0.708864426204
 0.24200000   0.707924770351
 0.24300000   0.706987144274
 0.24400000   0.706051546069
 0.24500000   0.705117973841
 0.24600000   0.704186425698
 0.24700000   0.703256899757
 0.24800000   0.702329394139
 0.24900000   0.701403906969
 0.25000000   0.700480436383
 0.25100000   0.699558980517
 0.25200000   0.698639537516
 0.25300000   0.697722105531
 0.25400000   0.696806682717
 0.25500000   0.695893267236
 0.25600000   0.694981857255
 0.25700000   0.694072450948
 0.25800000   0.693165046492
 0.25900000   0.692259642072
 0.26000000   0.691356235879
 0.26100000   0.690454826107
 0.26200000   0.689555410959
 0.26300000   0.688657988640
 0.26400000   0.687762557363
 0.26500000   0.686869115347
 0.26600000   0.685977660814
 0.26700000   0.685088191994
 0.26800000   0.684200707121
 0.26900000   0.683315204436
 0.27000000   0.682431682183
 0.27100000   0.681550138614
 0.27200000   0.680670571986
 0.27300000   0.679792980559
 0.27400000   0.678917362603
 0.27500000   0.678043716389
 0.27600000   0.677172040195
 0.27700000   0.676302332305
 0.27800000   0.675434591008
 0.27900000   0.674568814599
 0.28000000   0.673705001376
 0.28100000   0.672843149644
 0.28200000   0.671983257715
 0.28300000   0.671125323903
 0.28400000   0.670269346529
 0.28500000   0.669415323919
 0.28600000   0.668563254405
 0.28700000   0.667713136323
 0.28800000   0.666864968014
 0.28900000   0.666018747827
 0.29000000   0.665174474112
 0.29100000   0.664332145228
 0.29200000   0.663491759536
 0.29300000   0.662653315404
 0.29400000   0.661816811206
 0.29500000   0.660982245319
 0.29600000   0.660149616126
 0.29700000   0.659318922016
 0.29800000   0.658490161380
 0.29900000   0.657663332619
 0.30000000   0.656838434135
 0.30100000   0.656015464336
 0.30200000   0.655194421635
 0.30300000   0.654375304453
 0.30400000   0.653558111210
 0.30500000   0.652742840337
 0.30600000   0.651929490267
 0.30700000   0.651118059437
 0.30800000   0.650308546291
 0.30900000   0.649500949278
 0.31000000   0.648695266850
 0.31100000   0.647891497466
 0.31200000   0.647089639588
 0.31300000   0.646289691685
 0.31400000   0.645491652229
 0.31500000   0.644695519698
 0.31600000   0.643901292574
 0.31700000   0.643108969344
 0.31800000   0.642318548501
 0.31900000   0.641530028541
 0.32000000   0.640743407967
 0.32100000   0.639958685284
 0.32200000   0.639175859004
 0.32300000   0.638394927643
 0.32400000   0.637615889722
 0.32500000   0.636838743766
 0.32600000   0.636063488306
 0.32700000   0.635290121876
 0.32800000   0.634518643016
 0.32900000   0.633749050270
 0.33000000   0.632981342188
 0.33100000   0.632215517323
 0.33200000   0.631451574234
 0.33300000   0.630689511483
 0.33400000   0.629929327638
 0.33500000   0.629171021271
 0.33600000   0.628414590959
 0.33700000   0.627660035284
 0.33800000   0.626907352831
 0.33900000   0.626156542192
 0.34000000   0.625407601961
 0.34100000   0.624660530738
 0.34200000   0.623915327127
 0.34300000   0.623171989737
 0.34400000   0.622430517181
 0.34500000   0.621690908078
 0.34600000   0.620953161048
 0.34700000   0.620217274720
 0.34800000   0.619483247724
 0.34900000   0.618751078697
 0.35000000   0.618020766277
 0.35100000   0.617292309111
 0.35200000   0.616565705846
 0.35300000   0.615840955136
 0.35400000   0.615118055640
 0.35500000   0.614397006018
 0.35600000   0.613677804939
 0.35700000   0.612960451073
 0.35800000   0.612244943095
 0.35900000   0.611531279685
 0.36000000   0.610819459527
 0.36100000   0.610109481310
 0.36200000   0.609401343726
 0.36300000   0.608695045473
 0.36400000   0.607990585251
 0.36500000   0.607287961766
 0.36600000   0.606587173729
 0.36700000   0.605888219852
 0.36800000   0.605191098856
 0.36900000   0.604495809462
 0.37000000   0.603802350398
 0.37100000   0.603110720395
 0.37200000   0.602420918187
 0.37300000   0.601732942515
 0.37400000   0.601046792123
 0.37500000   0.600362465758
 0.37600000   0.599679962173
 0.37700000   0.598999280125
 0.37800000   0.598320418372
 0.37900000   0.597643375681
 0.38000000   0.596968150821
 0.38100000   0.596294742563
 0.38200000   0.595623149685
 0.38300000   0.594953370969
 0.38400000   0.594285405200
 0.38500000   0.593619251167
 0.38600000   0.592954907663
 0.38700000   0.592292373487
 0.38800000   0.591631647440
 0.38900000   0.590972728327
 0.39000000   0.590315614959
 0.39100000   0.589660306149
 0.39200000   0.589006800715
 0.39300000   0.588355097479
 0.39400000   0.587705195267
 0.39500000   0.587057092908
 0.39600000   0.586410789237
 0.39700000   0.585766283091
 0.39800000   0.585123573313
 0.39900000   0.584482658748
 0.40000000   0.583843538246
 0.40100000   0.583206210660
 0.40200000   0.582570674849
 0.40300000   0.581936929674
 0.40400000   0.581304974001
 0.40500000   0.580674806698
 0.40600000   0.580046426640
 0.40700000   0.579419832703
 0.40800000   0.578795023770
 0.40900000   0.578171998724
 0.41000000   0.577550756455
 0.41100000   0.576931295856
 0.41200000   0.576313615823
 0.41300000   0.575697715257
 0.41400000   0.575083593062
 0.41500000   0.574471248147
 0.41600000   0.573860679423
 0.41700000   0.573251885806
 0.41800000   0.572644866216
 0.41900000   0.572039619577
 0.42000000   0.571436144815
 0.42100000   0.570834440862
 0.42200000   0.570234506652
 0.42300000   0.569636341125
 0.42400000   0.569039943222
 0.42500000   0.568445311889
 0.42600000   0.567852446077
 0.42700000   0.567261344739
 0.42800000   0.566672006832
 0.42900000   0.566084431317
 0.43000000   0.565498617160
 0.43100000   0.564914563328
 0.43200000   0.564332268794
 0.43300000   0.563751732534
 0.43400000   0.563172953527
 0.43500000   0.562595930756
 0.43600000   0.562020663209
 0.43700000   0.561447149875
 0.43800000   0.560875389750
 0.43900000   0.560305381831
 0.44000000   0.559737125119
 0.44100000   0.559170618620
 0.44200000   0.558605861342
 0.44300000   0.558042852298
 0.44400000   0.557481590504
 0.44500000   0.556922074979
 0.44600000   0.556364304747
 0.44700000   0.555808278835
 0.44800000   0.555253996272
 0.44900000   0.554701456093
 0.45000000   0.554150657335
 0.45100000   0.553601599040
 0.45200000   0.553054280252
 0.45300000   0.552508700019
 0.45400000   0.551964857393
 0.45500000   0.551422751429
 0.45600000   0.550882381187
 0.45700000   0.550343745727
 0.45800000   0.549806844117
 0.45900000   0.549271675426
 0.46000000   0.548738238726
 0.46100000   0.548206533093
 0.46200000   0.547676557609
 0.46300000   0.547148311355
 0.46400000   0.546621793418
 0.46500000   0.546097002890
 0.46600000   0.545573938863
 0.46700000   0.545052600435
 0.46800000   0.544532986706
 0.46900000   0.544015096781
 0.47000000   0.543498929767
 0.47100000   0.542984484775
 0.47200000   0.542471760918
 0.47300000   0.541960757316
 0.47400000   0.541451473089
 0.47500000   0.540943907362
 0.47600000   0.540438059262
 0.47700000   0.539933927921
 0.47800000   0.539431512474
 0.47900000   0.538930812059
 0.48000000   0.538431825817
 0.48100000   0.537934552894
 0.48200000   0.537438992437
 0.48300000   0.536945143598
 0.48400000   0.536453005532
 0.48500000   0.535962577397
 0.48600000   0.535473858355
 0.48700000   0.534986847571
 0.48800000   0.534501544213
 0.48900000   0.534017947453
 0.49000000   0.533536056465
 0.49100000   0.533055870428
 0.49200000   0.532577388523
 0.49300000   0.532100609936
 0.49400000   0.531625533853
 0.49500000   0.531152159467
 0.49600000   0.530680485972
 0.49700000   0.530210512566
 0.49800000   0.529742238450
 0.49900000   0.529275662829
 0.50000000   0.528810784911
 0.50100000   0.528347603906
 0.50200000   0.527886119028
 0.50300000   0.527426329496
 0.50400000   0.526968234529
 0.50500000   0.526511833352
 0.50600000   0.526057125191
 0.50700000   0.525604109278
 0.50800000   0.525152784845
 0.50900000   0.524703151130
 0.51000000   0.524255207372
 0.51100000   0.523808952814
 0.51200000   0.523364386704
 0.51300000   0.522921508290
 0.51400000   0.522480316825
 0.51500000   0.522040811565
 0.51600000   0.521602991769
 0.51700000   0.521166856700
 0.51800000   0.520732405622
 0.51900000   0.520299637805
 0.52000000   0.519868552520
 0.52100000   0.519439149041
 0.52200000   0.519011426648
 0.52300000   0.518585384620
 0.52400000   0.518161022242
 0.52500000   0.517738338802
 0.52600000   0.517317333590
 0.52700000   0.516898005900
 0.52800000   0.516480355028
 0.52900000   0.516064380274
 0.53000000   0.515650080941
 0.53100000   0.515237456335
 0.53200000   0.514826505766
 0.53300000   0.514417228545
 0.53400000   0.514009623987
 0.53500000   0.513603691412
 0.53600000   0.513199430140
 0.53700000   0.512796839496
 0.53800000   0.512395918808
 0.53900000   0.511996667406
 0.54000000   0.511599084624
 0.54100000   0.511203169798
 0.54200000   0.510808922268
 0.54300000   0.510416341378
 0.54400000   0.510025426472
 0.54500000   0.509636176900
 0.54600000   0.509248592014
 0.54700000   0.508862671169
 0.54800000   0.508478413722
 0.54900000   0.508095819034
 0.55000000   0.507714886470
 0.55100000   0.507335615396
 0.55200000   0.506958005183
 0.55300000   0.506582055203
 0.55400000   0.506207764833
 0.55500000   0.505835133450
 0.55600000   0.505464160438
 0.55700000   0.505094845181
 0.55800000   0.504727187067
 0.55900000   0.504361185486
 0.56000000   0.503996839833
 0.56100000   0.503634149505
 0.56200000   0.503273113900
 0.56300000   0.502913732423
 0.56400000   0.502556004478
 0.56500000   0.502199929474
 0.56600000   0.501845506822
 0.56700000   0.501492735938
 0.56800000   0.501141616238
 0.56900000   0.500792147142
 0.57000000   0.500444328075
 0.57100000   0.500098158462
 0.57200000   0.499753637733
 0.57300000   0.499410765319
 0.57400000   0.499069540655
 0.57500000   0.498729963179
 0.57600000   0.498392032332
 0.57700000   0.498055747558
 0.57800000   0.497721108303
 0.57900000   0.497388114017
 0.58000000   0.497056764151
 0.58100000   0.496727058161
 0.58200000   0.496398995506
 0.58300000   0.496072575645
 0.58400000   0.495747798044
 0.58500000   0.495424662168
 0.58600000   0.495103167488
 0.58700000   0.494783313475
 0.58800000   0.494465099606
 0.58900000   0.494148525357
 0.59000000   0.493833590211
 0.59100000   0.493520293651
 0.59200000   0.493208635164
 0.59300000   0.492898614239
 0.59400000   0.492590230369
 0.59500000   0.492283483049
 0.59600000   0.491978371777
 0.59700000   0.491674896053
 0.59800000   0.491373055383
 0.59900000   0.491072849272
 0.60000000   0.490774277230
 0.60100000   0.490477338768
 0.60200000   0.490182033402
 0.60300000   0.489888360650
 0.60400000   0.489596320032
 0.60500000   0.489305911071
 0.60600000   0.489017133295
 0.60700000   0.488729986231
 0.60800000   0.488444469413
 0.60900000   0.488160582373
 0.61000000   0.487878324650
 0.61100000   0.487597695784
 0.61200000   0.487318695318
 0.61300000   0.487041322797
 0.61400000   0.486765577771
 0.61500000   0.486491459790
 0.61600000   0.486218968408
 0.61700000   0.485948103183
 0.61800000   0.485678863673
 0.61900000   0.485411249442
 0.62000000   0.485145260054
 0.62100000   0.484880895077
 0.62200000   0.484618154082
 0.62300000   0.484357036642
 0.62400000   0.484097542334
 0.62500000   0.483839670735
 0.62600000   0.483583421428
 0.62700000   0.483328793998
 0.62800000   0.483075788031
 0.62900000   0.482824403116
 0.63000000   0.482574638847
 0.63100000   0.482326494819
 0.63200000   0.482079970630
 0.63300000   0.481835065880
 0.63400000   0.481591780173
 0.63500000   0.481350113115
 0.63600000   0.481110064316
 0.63700000   0.480871633386
 0.63800000   0.480634819939
 0.63900000   0.480399623594
 0.64000000   0.480166043969
 0.64100000   0.479934080687
 0.64200000   0.479703733373
 0.64300000   0.479475001655
 0.64400000   0.479247885164
 0.64500000   0.479022383532
 0.64600000   0.478798496396
 0.64700000   0.478576223394
 0.64800000   0.478355564167
 0.64900000   0.478136518359
 0.65000000   0.477919085617
 0.65100000   0.477703265591
 0.65200000   0.477489057931
 0.65300000   0.477276462294
 0.65400000   0.477065478336
 0.65500000   0.476856105716
 0.65600000   0.476648344099
 0.65700000   0.476442193149
 0.65800000   0.476237652534
 0.65900000   0.476034721925
 0.66000000   0.475833400995
 0.66100000   0.475633689420
 0.66200000   0.475435586879
 0.66300000   0.475239093052
 0.66400000   0.475044207625
 0.66500000   0.474850930283
 0.66600000   0.474659260716
 0.66700000   0.474469198616
 0.66800000   0.474280743676
 0.66900000   0.474093895595
 0.67000000   0.473908654072
 0.67100000   0.473725018810
 0.67200000   0.473542989513
 0.67300000   0.473362565889
 0.67400000   0.473183747649
 0.67500000   0.473006534505
 0.67600000   0.472830926173
 0.67700000   0.472656922372
 0.67800000   0.472484522822
 0.67900000   0.472313727246
 0.68000000   0.472144535371
 0.68100000   0.471976946925
 0.68200000   0.471810961640
 0.68300000   0.471646579250
 0.68400000   0.471483799490
 0.68500000   0.471322622101
 0.68600000   0.471163046824
 0.68700000   0.471005073403
 0.68800000   0.470848701586
 0.68900000   0.470693931121
 0.69000000   0.470540761762
 0.69100000   0.470389193262
 0.69200000   0.470239225380
 0.69300000   0.470090857875
 0.69400000   0.469944090509
 0.69500000   0.469798923049
 0.69600000   0.469655355261
 0.69700000   0.469513386917
 0.69800000   0.469373017788
 0.69900000   0.469234247651
 0.70000000   0.469097076284
 0.70100000   0.468961503467
 0.70200000   0.468827528983
 0.70300000   0.468695152620
 0.70400000   0.468564374164
 0.70500000   0.468435193407
 0.70600000   0.468307610143
 0.70700000   0.468181624168
 0.70800000   0.468057235281
 0.70900000   0.467934443282
 0.71000000   0.467813247977
 0.71100000   0.467693649171
 0.71200000   0.467575646674
 0.71300000   0.467459240296
 0.71400000   0.467344429853
 0.71500000   0.467231215161
 0.71600000   0.467119596040
 0.71700000   0.467009572311
 0.71800000   0.466901143799
 0.71900000   0.466794310331
 0.72000000   0.466689071736
 0.72100000   0.466585427847
 0.72200000   0.466483378499
 0.72300000   0.466382923528
 0.72400000   0.466284062775
 0.72500000   0.466186796082
 0.72600000   0.466091123294
 0.72700000   0.465997044258
 0.72800000   0.465904558824
 0.72900000   0.465813666846
 0.73000000   0.465724368178
 0.73100000   0.465636662678
 0.73200000   0.465550550207
 0.73300000   0.465466030626
 0.73400000   0.465383103802
 0.73500000   0.465301769603
 0.73600000   0.465222027898
 0.73700000   0.465143878561
 0.73800000   0.465067321468
 0.73900000   0.464992356496
 0.74000000   0.464918983527
 0.74100000   0.464847202443
 0.74200000   0.464777013130
 0.74300000   0.464708415476
 0.74400000   0.464641409373
 0.74500000   0.464575994714
 0.74600000   0.464512171394
 0.74700000   0.464449939311
 0.74800000   0.464389298368
 0.74900000   0.464330248468
 0.75000000   0.464272789515
 0.75100000   0.464216921420
 0.75200000   0.464162644093
 0.75300000   0.464109957448
 0.75400000   0.464058861402
 0.75500000   0.464009355871
 0.75600000   0.463961440779
 0.75700000   0.463915116049
 0.75800000   0.463870381607
 0.75900000   0.463827237382
 0.76000000   0.463785683306
 0.76100000   0.463745719311
 0.76200000   0.463707345336
 0.76300000   0.463670561318
 0.76400000   0.463635367200
 0.76500000   0.463601762925
 0.76600000   0.463569748440
 0.76700000   0.463539323695
 0.76800000   0.463510488639
 0.76900000   0.463483243229
 0.77000000   0.463457587420
 0.77100000   0.463433521172
 0.77200000   0.463411044446
 0.77300000   0.463390157208
 0.77400000   0.463370859422
 0.77500000   0.463353151060
 0.77600000   0.463337032092
 0.77700000   0.463322502494
 0.77800000   0.463309562242
 0.77900000   0.463298211315
 0.78000000   0.463288449695
 0.78100000   0.463280277367
 0.78200000   0.463273694319
 0.78300000   0.463268700539
 0.78400000   0.463265296019
 0.78500000   0.463263480754
 0.78600000   0.463263254742
 0.78700000   0.463264617982
 0.78800000   0.463267570475
 0.78900000   0.463272112227
 0.79000000   0.463278243246
 0.79100000   0.463285963540
 0.79200000   0.463295273122
 0.79300000   0.463306172006
 0.79400000   0.463318660211
 0.79500000   0.463332737756
 0.79600000   0.463348404663
 0.79700000   0.463365660957
 0.79800000   0.463384506666
 0.79900000   0.463404941819
 0.80000000   0.463426966450
 0.80100000   0.463450580593
 0.80200000   0.463475784285
 0.80300000   0.463502577567
 0.80400000   0.463530960481
 0.80500000   0.463560933072
 0.80600000   0.463592495389
 0.80700000   0.463625647481
 0.80800000   0.463660389400
 0.80900000   0.463696721203
 0.81000000   0.463734642947
 0.81100000   0.463774154692
 0.81200000   0.463815256501
 0.81300000   0.463857948439
 0.81400000   0.463902230575
 0.81500000   0.463948102978
 0.81600000   0.463995565722
 0.81700000   0.464044618882
 0.81800000   0.464095262537
 0.81900000   0.464147496766
 0.82000000   0.464201321652
 0.82100000   0.464256737283
 0.82200000   0.464313743744
 0.82300000   0.464372341128
 0.82400000   0.464432529528
 0.82500000   0.464494309038
 0.82600000   0.464557679758
 0.82700000   0.464622641789
 0.82800000   0.464689195233
 0.82900000   0.464757340197
 0.83000000   0.464827076789
 0.83100000   0.464898405121
 0.83200000   0.464971325305
 0.83300000   0.465045837457
 0.83400000   0.465121941697
 0.83500000   0.465199638146
 0.83600000   0.465278926927
 0.83700000   0.465359808166
 0.83800000   0.465442281993
 0.83900000   0.465526348538
 0.84000000   0.465612007936
 0.84100000   0.465699260323
 0.84200000   0.465788105838
 0.84300000   0.465878544623
 0.84400000   0.465970576821
 0.84500000   0.466064202580
 0.84600000   0.466159422048
 0.84700000   0.466256235377
 0.84800000   0.466354642722
 0.84900000   0.466454644239
 0.85000000   0.466556240089
 0.85100000   0.466659430432
 0.85200000   0.466764215434
 0.85300000   0.466870595261
 0.85400000   0.466978570083
 0.85500000   0.467088140073
 0.85600000   0.467199305405
 0.85700000   0.467312066257
 0.85800000   0.467426422808
 0.85900000   0.467542375241
 0.86000000   0.467659923741
 0.86100000   0.467779068496
 0.86200000   0.467899809696
 0.86300000   0.468022147534
 0.86400000   0.468146082204
 0.86500000   0.468271613905
 0.86600000   0.468398742838
 0.86700000   0.468527469205
 0.86800000   0.468657793212
 0.86900000   0.468789715068
 0.87000000   0.468923234982
 0.87100000   0.469058353170
 0.87200000   0.469195069845
 0.87300000   0.469333385228
 0.87400000   0.469473299539
 0.87500000   0.469614813002
 0.87600000   0.469757925843
 0.87700000   0.469902638291
 0.87800000   0.470048950578
 0.87900000   0.470196862937
 0.88000000   0.470346375606
 0.88100000   0.470497488824
 0.88200000   0.470650202832
 0.88300000   0.470804517876
 0.88400000   0.470960434201
 0.88500000   0.471117952059
 0.88600000   0.471277071700
 0.88700000   0.471437793380
 0.88800000   0.471600117357
 0.88900000   0.471764043891
 0.89000000   0.471929573244
 0.89100000   0.472096705682
 0.89200000   0.472265441472
 0.89300000   0.472435780886
 0.89400000   0.472607724196
 0.89500000   0.472781271678
 0.89600000   0.472956423611
 0.89700000   0.473133180275
 0.89800000   0.473311541955
 0.89900000   0.473491508936
 0.90000000   0.473673081508
 0.90100000   0.473856259963
 0.90200000   0.474041044593
 0.90300000   0.474227435697
 0.90400000   0.474415433573
 0.90500000   0.474605038524
 0.90600000   0.474796250854
 0.90700000   0.474989070871
 0.90800000   0.475183498885
 0.90900000   0.475379535209
 0.91000000   0.475577180157
 0.91100000   0.475776434048
 0.91200000   0.475977297203
 0.91300000   0.476179769944
 0.91400000   0.476383852598
 0.91500000   0.476589545493
 0.91600000   0.476796848961
 0.91700000   0.477005763335
 0.91800000   0.477216288952
 0.91900000   0.477428426151
 0.92000000   0.477642175274
 0.92100000   0.477857536666
 0.92200000   0.478074510674
 0.92300000   0.478293097648
 0.92400000   0.478513297940
 0.92500000   0.478735111906
 0.92600000   0.478958539904
 0.92700000   0.479183582294
 0.92800000   0.479410239440
 0.92900000   0.479638511708
 0.93000000   0.479868399466
 0.93100000   0.480099903086
 0.93200000   0.480333022943
 0.93300000   0.480567759412
 0.93400000   0.480804112874
 0.93500000   0.481042083710
 0.93600000   0.481281672306
 0.93700000   0.481522879049
 0.93800000   0.481765704330
 0.93900000   0.482010148542
 0.94000000   0.482256212080
 0.94100000   0.482503895342
 0.94200000   0.482753198731
 0.94300000   0.483004122651
 0.94400000   0.483256667507
 0.94500000   0.483510833709
 0.94600000   0.483766621669
 0.94700000   0.484024031803
 0.94800000   0.484283064528
 0.94900000   0.484543720264
 0.95000000   0.484805999434
 0.95100000   0.485069902465
 0.95200000   0.485335429784
 0.95300000   0.485602581823
 0.95400000   0.485871359017
 0.95500000   0.486141761801
 0.95600000   0.486413790617
 0.95700000   0.486687445905
 0.95800000   0.486962728112
 0.95900000   0.487239637685
 0.96000000   0.487518175075
 0.96100000   0.487798340735
 0.96200000   0.488080135122
 0.96300000   0.488363558694
 0.96400000   0.488648611914
 0.96500000   0.488935295246
 0.96600000   0.489223609157
 0.96700000   0.489513554118
 0.96800000   0.489805130602
 0.96900000   0.490098339084
 0.97000000   0.490393180043
 0.97100000   0.490689653960
 0.97200000   0.490987761320
 0.97300000   0.491287502609
 0.97400000   0.491588878318
 0.97500000   0.491891888939
 0.97600000   0.492196534968
 0.97700000   0.492502816902
 0.97800000   0.492810735244
 0.97900000   0.493120290496
 0.98000000   0.493431483166
 0.98100000   0.493744313763
 0.98200000   0.494058782800
 0.98300000   0.494374890792
 0.98400000   0.494692638258
 0.98500000   0.495012025718
 0.98600000   0.495333053696
 0.98700000   0.495655722719
 0.98800000   0.495980033317
 0.98900000   0.496305986021
 0.99000000   0.496633581368
 0.99100000   0.496962819896
 0.99200000   0.497293702145
 0.99300000   0.497626228660
 0.99400000   0.497960399987
 0.99500000   0.498296216676
 0.99600000   0.498633679280
 0.99700000   0.498972788355
 0.99800000   0.499313544459
 0.99900000   0.499655948152
 1.00000000   0.500000000000


# Solution for b = 0.60
 0.00000000   1.000000000000
 0.00100000   0.998573699059
 0.00200000   0.997150112526
 0.00300000   0.995729236540
 0.00400000   0.994311067253
 0.00500000   0.992895600829
 0.00600000   0.991482833444
 0.00700000   0.990072761288
 0.00800000   0.988665380564
 0.00900000   0.987260687485
 0.01000000   0.985858678280
 0.01100000   0.984459349189
 0.01200000   0.983062696463
 0.01300000   0.981668716367
 0.01400000   0.980277405179
 0.01500000   0.978888759187
 0.01600000   0.977502774693
 0.01700000   0.976119448010
 0.01800000   0.974738775466
 0.01900000   0.973360753397
 0.02000000   0.971985378154
 0.02100000   0.970612646099
 0.02200000   0.969242553607
 0.02300000   0.967875097062
 0.02400000   0.966510272863
 0.02500000   0.965148077420
 0.02600000   0.963788507155
 0.02700000   0.962431558500
 0.02800000   0.961077227900
 0.02900000   0.959725511814
 0.03000000   0.958376406707
 0.03100000   0.957029909062
 0.03200000   0.955686015368
 0.03300000   0.954344722129
 0.03400000   0.953006025859
 0.03500000   0.951669923085
 0.03600000   0.950336410342
 0.03700000   0.949005484180
 0.03800000   0.947677141159
 0.03900000   0.946351377849
 0.04000000   0.945028190832
 0.04100000   0.943707576702
 0.04200000   0.942389532063
 0.04300000   0.941074053532
 0.04400000   0.939761137733
 0.04500000   0.938450781306
 0.04600000   0.937142980898
 0.04700000   0.935837733168
 0.04800000   0.934535034788
 0.04900000   0.933234882439
 0.05000000   0.931937272811
 0.05100000   0.930642202608
 0.05200000   0.929349668544
 0.05300000   0.928059667342
 0.05400000   0.926772195736
 0.05500000   0.925487250474
 0.05600000   0.924204828309
 0.05700000   0.922924926009
 0.05800000   0.921647540351
 0.05900000   0.920372668121
 0.06000000   0.919100306118
 0.06100000   0.917830451150
 0.06200000   0.916563100034
 0.06300000   0.915298249601
 0.06400000   0.914035896688
 0.06500000   0.912776038146
 0.06600000   0.911518670833
 0.06700000   0.910263791619
 0.06800000   0.909011397384
 0.06900000   0.907761485018
 0.07000000   0.906514051420
 0.07100000   0.905269093500
 0.07200000   0.904026608179
 0.07300000   0.902786592385
 0.07400000   0.901549043058
 0.07500000   0.900313957148
 0.07600000   0.899081331615
 0.07700000   0.897851163427
 0.07800000   0.896623449563
 0.07900000   0.895398187012
 0.08000000   0.894175372773
 0.08100000   0.892955003853
 0.08200000   0.891737077269
 0.08300000   0.890521590050
 0.08400000   0.889308539232
 0.08500000   0.888097921861
 0.08600000   0.886889734993
 0.08700000   0.885683975693
 0.08800000   0.884480641037
 0.08900000   0.883279728107
 0.09000000   0.882081233998
 0.09100000   0.880885155813
 0.09200000   0.879691490662
 0.09300000   0.878500235669
 0.09400000   0.877311387963
 0.09500000   0.876124944684
 0.09600000   0.874940902982
 0.09700000   0.873759260013
 0.09800000   0.872580012947
 0.09900000   0.871403158958
 0.10000000   0.870228695232
 0.10100000   0.869056618964
 0.10200000   0.867886927356
 0.10300000   0.866719617622
 0.10400000   0.865554686982
 0.10500000   0.864392132667
 0.10600000   0.863231951916
 0.10700000   0.862074141975
 0.10800000   0.860918700103
 0.10900000   0.859765623565
 0.11000000   0.858614909634
 0.11100000   0.857466555593
 0.11200000   0.856320558734
 0.11300000   0.855176916358
 0.11400000   0.854035625773
 0.11500000   0.852896684297
 0.11600000   0.851760089255
 0.11700000   0.850625837982
 0.11800000   0.849493927822
 0.11900000   0.848364356125
 0.12000000   0.847237120252
 0.12100000   0.846112217572
 0.12200000   0.844989645460
 0.12300000   0.843869401303
 0.12400000   0.842751482494
 0.12500000   0.841635886435
 0.12600000   0.840522610536
 0.12700000   0.839411652216
 0.12800000   0.838303008901
 0.12900000   0.837196678026
 0.13000000   0.836092657034
 0.13100000   0.834990943377
 0.13200000   0.833891534513
 0.13300000   0.832794427911
 0.13400000   0.831699621046
 0.13500000   0.830607111401
 0.13600000   0.829516896468
 0.13700000   0.828428973747
 0.13800000   0.827343340746
 0.13900000   0.826259994979
 0.14000000   0.825178933971
 0.14100000   0.824100155253
 0.14200000   0.823023656363
 0.14300000   0.821949434850
 0.14400000   0.820877488267
 0.14500000   0.819807814179
 0.14600000   0.818740410154
 0.14700000   0.817675273772
 0.14800000   0.816612402618
 0.14900000   0.815551794287
 0.15000000   0.814493446378
 0.15100000   0.813437356502
 0.15200000   0.812383522274
 0.15300000   0.811331941319
 0.15400000   0.810282611269
 0.15500000   0.809235529763
 0.15600000   0.808190694448
 0.15700000   0.807148102978
 0.15800000   0.806107753015
 0.15900000   0.805069642228
 0.16000000   0.804033768294
 0.16100000   0.803000128897
 0.16200000   0.801968721729
 0.16300000   0.800939544487
 0.16400000   0.799912594880
 0.16500000   0.798887870619
 0.16600000   0.797865369426
 0.16700000   0.796845089029
 0.16800000   0.795827027163
 0.16900000   0.794811181571
 0.17000000   0.793797550003
 0.17100000   0.792786130215
 0.17200000   0.791776919971
 0.17300000   0.790769917044
 0.17400000   0.789765119210
 0.17500000   0.788762524256
 0.17600000   0.787762129974
 0.17700000   0.786763934163
 0.17800000   0.785767934631
 0.17900000   0.784774129191
 0.18000000   0.783782515662
 0.18100000   0.782793091874
 0.18200000   0.781805855661
 0.18300000   0.780820804863
 0.18400000   0.779837937329
 0.18500000   0.778857250914
 0.18600000   0.777878743481
 0.18700000   0.776902412899
 0.18800000   0.775928257042
 0.18900000   0.774956273793
 0.19000000   0.773986461043
 0.19100000   0.773018816686
 0.19200000   0.772053338626
 0.19300000   0.771090024772
 0.19400000   0.770128873040
 0.19500000   0.769169881354
 0.19600000   0.768213047642
 0.19700000   0.767258369841
 0.19800000   0.766305845893
 0.19900000   0.765355473749
 0.20000000   0.764407251364
 0.20100000   0.763461176700
 0.20200000   0.762517247726
 0.20300000   0.761575462419
 0.20400000   0.760635818760
 0.20500000   0.759698314738
 0.20600000   0.758762948347
 0.20700000   0.757829717590
 0.20800000   0.756898620474
 0.20900000   0.755969655013
 0.21000000   0.755042819228
 0.21100000   0.754118111147
 0.21200000   0.753195528802
 0.21300000   0.752275070233
 0.21400000   0.751356733487
 0.21500000   0.750440516615
 0.21600000   0.749526417677
 0.21700000   0.748614434737
 0.21800000   0.747704565866
 0.21900000   0.746796809142
 0.22000000   0.745891162648
 0.22100000   0.744987624474
 0.22200000   0.744086192716
 0.22300000   0.743186865476
 0.22400000   0.742289640862
 0.22500000   0.741394516988
 0.22600000   0.740501491976
 0.22700000   0.739610563950
 0.22800000   0.738721731045
 0.22900000   0.737834991398
 0.23000000   0.736950343155
 0.23100000   0.736067784465
 0.23200000   0.735187313486
 0.23300000   0.734308928380
 0.23400000   0.733432627316
 0.23500000   0.732558408468
 0.23600000   0.731686270017
 0.23700000   0.730816210149
 0.23800000   0.729948227057
 0.23900000   0.729082318938
 0.24000000   0.728218483997
 0.24100000   0.727356720444
 0.24200000   0.726497026494
 0.24300000   0.725639400368
 0.24400000   0.724783840295
 0.24500000   0.723930344507
 0.24600000   0.723078911244
 0.24700000   0.722229538749
 0.24800000   0.721382225274
 0.24900000   0.720536969074
 0.25000000   0.719693768411
 0.25100000   0.718852621553
 0.25200000   0.718013526772
 0.25300000   0.717176482348
 0.25400000   0.716341486566
 0.25500000   0.715508537714
 0.25600000   0.714677634090
 0.25700000   0.713848773993
 0.25800000   0.713021955732
 0.25900000   0.712197177619
 0.26000000   0.711374437971
 0.26100000   0.710553735113
 0.26200000   0.709735067373
 0.26300000   0.708918433085
 0.26400000   0.708103830591
 0.26500000   0.707291258235
 0.26600000   0.706480714369
 0.26700000   0.705672197349
 0.26800000   0.704865705538
 0.26900000   0.704061237301
 0.27000000   0.703258791013
 0.27100000   0.702458365050
 0.27200000   0.701659957798
 0.27300000   0.700863567644
 0.27400000   0.700069192983
 0.27500000   0.699276832215
 0.27600000   0.698486483744
 0.27700000   0.697698145981
 0.27800000   0.696911817341
 0.27900000   0.696127496244
 0.28000000   0.695345181118
 0.28100000   0.694564870393
 0.28200000   0.693786562506
 0.28300000   0.693010255898
 0.28400000   0.692235949017
 0.28500000   0.691463640315
 0.28600000   0.690693328249
 0.28700000   0.689925011281
 0.28800000   0.689158687880
 0.28900000   0.688394356519
 0.29000000   0.687632015675
 0.29100000   0.686871663831
 0.29200000   0.686113299476
 0.29300000   0.685356921103
 0.29400000   0.684602527210
 0.29500000   0.683850116302
 0.29600000   0.683099686885
 0.29700000   0.682351237475
 0.29800000   0.681604766590
 0.29900000   0.680860272753
 0.30000000   0.680117754492
 0.30100000   0.679377210343
 0.30200000   0.678638638842
 0.30300000   0.677902038535
 0.30400000   0.677167407968
 0.30500000   0.676434745697
 0.30600000   0.675704050279
 0.30700000   0.674975320278
 0.30800000   0.674248554261
 0.30900000   0.673523750803
 0.31000000   0.672800908480
 0.31100000   0.672080025877
 0.31200000   0.671361101580
 0.31300000   0.670644134183
 0.31400000   0.669929122283
 0.31500000   0.669216064482
 0.31600000   0.668504959388
 0.31700000   0.667795805612
 0.31800000   0.667088601770
 0.31900000   0.666383346485
 0.32000000   0.665680038383
 0.32100000   0.664978676094
 0.32200000   0.664279258255
 0.32300000   0.663581783506
 0.32400000   0.662886250492
 0.32500000   0.662192657863
 0.32600000   0.661501004274
 0.32700000   0.660811288384
 0.32800000   0.660123508857
 0.32900000   0.659437664361
 0.33000000   0.658753753571
 0.33100000   0.658071775163
 0.33200000   0.657391727822
 0.33300000   0.656713610233
 0.33400000   0.656037421088
 0.33500000   0.655363159085
 0.33600000   0.654690822924
 0.33700000   0.654020411311
 0.33800000   0.653351922955
 0.33900000   0.652685356573
 0.34000000   0.652020710882
 0.34100000   0.651357984608
 0.34200000   0.650697176477
 0.34300000   0.650038285224
 0.34400000   0.649381309585
 0.34500000   0.648726248303
 0.34600000   0.648073100124
 0.34700000   0.647421863798
 0.34800000   0.646772538081
 0.34900000   0.646125121733
 0.35000000   0.645479613518
 0.35100000   0.644836012205
 0.35200000   0.644194316567
 0.35300000   0.643554525381
 0.35400000   0.642916637430
 0.35500000   0.642280651499
 0.35600000   0.641646566380
 0.35700000   0.641014380867
 0.35800000   0.640384093760
 0.35900000   0.639755703863
 0.36000000   0.639129209984
 0.36100000   0.638504610935
 0.36200000   0.637881905534
 0.36300000   0.637261092601
 0.36400000   0.636642170962
 0.36500000   0.636025139448
 0.36600000   0.635409996891
 0.36700000   0.634796742130
 0.36800000   0.634185374009
 0.36900000   0.633575891373
 0.37000000   0.632968293075
 0.37100000   0.632362577969
 0.37200000   0.631758744915
 0.37300000   0.631156792777
 0.37400000   0.630556720424
 0.37500000   0.629958526727
 0.37600000   0.629362210563
 0.37700000   0.628767770813
 0.37800000   0.628175206361
 0.37900000   0.627584516098
 0.38000000   0.626995698915
 0.38100000   0.626408753711
 0.38200000   0.625823679387
 0.38300000   0.625240474849
 0.38400000   0.624659139006
 0.38500000   0.624079670773
 0.38600000   0.623502069067
 0.38700000   0.622926332812
 0.38800000   0.622352460933
 0.38900000   0.621780452360
 0.39000000   0.621210306028
 0.39100000   0.620642020876
 0.39200000   0.620075595846
 0.39300000   0.619511029886
 0.39400000   0.618948321944
 0.39500000   0.618387470977
 0.39600000   0.617828475944
 0.39700000   0.617271335806
 0.39800000   0.616716049532
 0.39900000   0.616162616091
 0.40000000   0.615611034458
 0.40100000   0.615061303614
 0.40200000   0.614513422539
 0.40300000   0.613967390222
 0.40400000   0.613423205652
 0.40500000   0.612880867826
 0.40600000   0.612340375740
 0.40700000   0.611801728399
 0.40800000   0.611264924809
 0.40900000   0.610729963979
 0.41000000   0.610196844926
 0.41100000   0.609665566666
 0.41200000   0.609136128223
 0.41300000   0.608608528622
 0.41400000   0.608082766894
 0.41500000   0.607558842072
 0.41600000   0.607036753195
 0.41700000   0.606516499304
 0.41800000   0.605998079445
 0.41900000   0.605481492666
 0.42000000   0.604966738023
 0.42100000   0.604453814571
 0.42200000   0.603942721371
 0.42300000   0.603433457489
 0.42400000   0.602926021993
 0.42500000   0.602420413956
 0.42600000   0.601916632453
 0.42700000   0.601414676565
 0.42800000   0.600914545375
 0.42900000   0.600416237972
 0.43000000   0.599919753447
 0.43100000   0.599425090895
 0.43200000   0.598932249414
 0.43300000   0.598441228108
 0.43400000   0.597952026083
 0.43500000   0.597464642449
 0.43600000   0.596979076321
 0.43700000   0.596495326816
 0.43800000   0.596013393054
 0.43900000   0.595533274163
 0.44000000   0.595054969269
 0.44100000   0.594578477507
 0.44200000   0.594103798012
 0.44300000   0.593630929924
 0.44400000   0.593159872387
 0.44500000   0.592690624547
 0.44600000   0.592223185557
 0.44700000   0.591757554571
 0.44800000   0.591293730747
 0.44900000   0.590831713247
 0.45000000   0.590371501237
 0.45100000   0.589913093885
 0.45200000   0.589456490366
 0.45300000   0.589001689855
 0.45400000   0.588548691533
 0.45500000   0.588097494583
 0.45600000   0.587648098194
 0.45700000   0.587200501555
 0.45800000   0.586754703861
 0.45900000   0.586310704312
 0.46000000   0.585868502108
 0.46100000   0.585428096454
 0.46200000   0.584989486561
 0.46300000   0.584552671640
 0.46400000   0.584117650908
 0.46500000   0.583684423584
 0.46600000   0.583252988891
 0.46700000   0.582823346056
 0.46800000   0.582395494310
 0.46900000   0.581969432886
 0.47000000   0.581545161021
 0.47100000   0.581122677958
 0.47200000   0.580701982939
 0.47300000   0.580283075213
 0.47400000   0.579865954032
 0.47500000   0.579450618650
 0.47600000   0.579037068326
 0.47700000   0.578625302321
 0.47800000   0.578215319902
 0.47900000   0.577807120336
 0.48000000   0.577400702897
 0.48100000   0.576996066861
 0.48200000   0.576593211506
 0.48300000   0.576192136115
 0.48400000   0.575792839975
 0.48500000   0.575395322376
 0.48600000   0.574999582609
 0.48700000   0.574605619973
 0.48800000   0.574213433768
 0.48900000   0.573823023295
 0.49000000   0.573434387863
 0.49100000   0.573047526782
 0.49200000   0.572662439365
 0.49300000   0.572279124930
 0.49400000   0.571897582796
 0.49500000   0.571517812289
 0.49600000   0.571139812735
 0.49700000   0.570763583465
 0.49800000   0.570389123812
 0.49900000   0.570016433116
 0.50000000   0.569645510716
 0.50100000   0.569276355956
 0.50200000   0.568908968185
 0.50300000   0.568543346753
 0.50400000   0.568179491014
 0.50500000   0.567817400326
 0.50600000   0.567457074051
 0.50700000   0.567098511552
 0.50800000   0.566741712197
 0.50900000   0.566386675357
 0.51000000   0.566033400407
 0.51100000   0.565681886724
 0.51200000   0.565332133689
 0.51300000   0.564984140687
 0.51400000   0.564637907105
 0.51500000   0.564293432334
 0.51600000   0.563950715768
 0.51700000   0.563609756806
 0.51800000   0.563270554847
 0.51900000   0.562933109295
 0.52000000   0.562597419559
 0.52100000   0.562263485049
 0.52200000   0.561931305179
 0.52300000   0.561600879366
 0.52400000   0.561272207030
 0.52500000   0.560945287596
 0.52600000   0.560620120491
 0.52700000   0.560296705144
 0.52800000   0.559975040989
 0.52900000   0.559655127464
 0.53000000   0.559336964007
 0.53100000   0.559020550063
 0.53200000   0.558705885078
 0.53300000   0.558392968501
 0.53400000   0.558081799787
 0.53500000   0.557772378390
 0.53600000   0.557464703770
 0.53700000   0.557158775390
 0.53800000   0.556854592716
 0.53900000   0.556552155217
 0.54000000   0.556251462365
 0.54100000   0.555952513636
 0.54200000   0.555655308507
 0.54300000   0.555359846462
 0.54400000   0.555066126985
 0.54500000   0.554774149565
 0.54600000   0.554483913693
 0.54700000   0.554195418862
 0.54800000   0.553908664573
 0.54900000   0.553623650324
 0.55000000   0.553340375621
 0.55100000   0.553058839971
 0.55200000   0.552779042883
 0.55300000   0.552500983873
 0.55400000   0.552224662456
 0.55500000   0.551950078152
 0.55600000   0.551677230485
 0.55700000   0.551406118981
 0.55800000   0.551136743169
 0.55900000   0.550869102581
 0.56000000   0.550603196754
 0.56100000   0.550339025226
 0.56200000   0.550076587539
 0.56300000   0.549815883238
 0.56400000   0.549556911872
 0.56500000   0.549299672990
 0.56600000   0.549044166149
 0.56700000   0.548790390905
 0.56800000   0.548538346819
 0.56900000   0.548288033454
 0.57000000   0.548039450378
 0.57100000   0.547792597161
 0.57200000   0.547547473375
 0.57300000   0.547304078597
 0.57400000   0.547062412405
 0.57500000   0.546822474383
 0.57600000   0.546584264116
 0.57700000   0.546347781191
 0.57800000   0.546113025201
 0.57900000   0.545879995740
 0.58000000   0.545648692406
 0.58100000   0.545419114800
 0.58200000   0.545191262526
 0.58300000   0.544965135190
 0.58400000   0.544740732402
 0.58500000   0.544518053776
 0.58600000   0.544297098928
 0.58700000   0.544077867477
 0.58800000   0.543860359044
 0.58900000   0.543644573256
 0.59000000   0.543430509741
 0.59100000   0.543218168130
 0.59200000   0.543007548057
 0.59300000   0.542798649160
 0.59400000   0.542591471079
 0.59500000   0.542386013458
 0.59600000   0.542182275943
 0.59700000   0.541980258185
 0.59800000   0.541779959835
 0.59900000   0.541581380550
 0.60000000   0.541384519987
 0.60100000   0.541189377809
 0.60200000   0.540995953680
 0.60300000   0.540804247268
 0.60400000   0.540614258244
 0.60500000   0.540425986282
 0.60600000   0.540239431058
 0.60700000   0.540054592251
 0.60800000   0.539871469546
 0.60900000   0.539690062627
 0.61000000   0.539510371184
 0.61100000   0.539332394907
 0.61200000   0.539156133493
 0.61300000   0.538981586638
 0.61400000   0.538808754044
 0.61500000   0.538637635413
 0.61600000   0.538468230454
 0.61700000   0.538300538875
 0.61800000   0.538134560390
 0.61900000   0.537970294713
 0.62000000   0.537807741564
 0.62100000   0.537646900664
 0.62200000   0.537487771739
 0.62300000   0.537330354515
 0.62400000   0.537174648723
 0.62500000   0.537020654096
 0.62600000   0.536868370372
 0.62700000   0.536717797289
 0.62800000   0.536568934591
 0.62900000   0.536421782021
 0.63000000   0.536276339330
 0.63100000   0.536132606268
 0.63200000   0.535990582589
 0.63300000   0.535850268051
 0.63400000   0.535711662414
 0.63500000   0.535574765441
 0.63600000   0.535439576898
 0.63700000   0.535306096555
 0.63800000   0.535174324182
 0.63900000   0.535044259556
 0.64000000   0.534915902453
 0.64100000   0.534789252656
 0.64200000   0.534664309947
 0.64300000   0.534541074114
 0.64400000   0.534419544946
 0.64500000   0.534299722235
 0.64600000   0.534181605778
 0.64700000   0.534065195373
 0.64800000   0.533950490820
 0.64900000   0.533837491925
 0.65000000   0.533726198495
 0.65100000   0.533616610339
 0.65200000   0.533508727272
 0.65300000   0.533402549109
 0.65400000   0.533298075668
 0.65500000   0.533195306773
 0.65600000   0.533094242248
 0.65700000   0.532994881920
 0.65800000   0.532897225621
 0.65900000   0.532801273183
 0.66000000   0.532707024444
 0.66100000   0.532614479243
 0.66200000   0.532523637422
 0.66300000   0.532434498826
 0.66400000   0.532347063304
 0.66500000   0.532261330707
 0.66600000   0.532177300888
 0.66700000   0.532094973705
 0.66800000   0.532014349018
 0.66900000   0.531935426689
 0.67000000   0.531858206584
 0.67100000   0.531782688571
 0.67200000   0.531708872522
 0.67300000   0.531636758311
 0.67400000   0.531566345816
 0.67500000   0.531497634917
 0.67600000   0.531430625497
 0.67700000   0.531365317441
 0.67800000   0.531301710639
 0.67900000   0.531239804983
 0.68000000   0.531179600367
 0.68100000   0.531121096688
 0.68200000   0.531064293848
 0.68300000   0.531009191750
 0.68400000   0.530955790299
 0.68500000   0.530904089406
 0.68600000   0.530854088982
 0.68700000   0.530805788942
 0.68800000   0.530759189204
 0.68900000   0.530714289689
 0.69000000   0.530671090321
 0.69100000   0.530629591026
 0.69200000   0.530589791733
 0.69300000   0.530551692375
 0.69400000   0.530515292887
 0.69500000   0.530480593207
 0.69600000   0.530447593277
 0.69700000   0.530416293040
 0.69800000   0.530386692442
 0.69900000   0.530358791435
 0.70000000   0.530332589969
 0.70100000   0.530308088001
 0.70200000   0.530285285490
 0.70300000   0.530264182395
 0.70400000   0.530244778682
 0.70500000   0.530227074318
 0.70600000   0.530211069272
 0.70700000   0.530196763517
 0.70800000   0.530184157029
 0.70900000   0.530173249786
 0.71000000   0.530164041770
 0.71100000   0.530156532966
 0.71200000   0.530150723360
 0.71300000   0.530146612943
 0.71400000   0.530144201707
 0.71500000   0.530143489649
 0.71600000   0.530144476767
 0.71700000   0.530147163064
 0.71800000   0.530151548542
 0.71900000   0.530157633211
 0.72000000   0.530165417081
 0.72100000   0.530174900163
 0.72200000   0.530186082476
 0.72300000   0.530198964037
 0.72400000   0.530213544869
 0.72500000   0.530229824997
 0.72600000   0.530247804447
 0.72700000   0.530267483251
 0.72800000   0.530288861442
 0.72900000   0.530311939056
 0.73000000   0.530336716133
 0.73100000   0.530363192715
 0.73200000   0.530391368847
 0.73300000   0.530421244576
 0.73400000   0.530452819953
 0.73500000   0.530486095032
 0.73600000   0.530521069870
 0.73700000   0.530557744526
 0.73800000   0.530596119063
 0.73900000   0.530636193545
 0.74000000   0.530677968041
 0.74100000   0.530721442621
 0.74200000   0.530766617360
 0.74300000   0.530813492335
 0.74400000   0.530862067625
 0.74500000   0.530912343313
 0.74600000   0.530964319483
 0.74700000   0.531017996226
 0.74800000   0.531073373631
 0.74900000   0.531130451794
 0.75000000   0.531189230811
 0.75100000   0.531249710782
 0.75200000   0.531311891810
 0.75300000   0.531375774001
 0.75400000   0.531441357463
 0.75500000   0.531508642309
 0.75600000   0.531577628652
 0.75700000   0.531648316610
 0.75800000   0.531720706303
 0.75900000   0.531794797855
 0.76000000   0.531870591391
 0.76100000   0.531948087040
 0.76200000   0.532027284936
 0.76300000   0.532108185211
 0.76400000   0.532190788004
 0.76500000   0.532275093457
 0.76600000   0.532361101711
 0.76700000   0.532448812914
 0.76800000   0.532538227214
 0.76900000   0.532629344766
 0.77000000   0.532722165722
 0.77100000   0.532816690243
 0.77200000   0.532912918488
 0.77300000   0.533010850621
 0.77400000   0.533110486810
 0.77500000   0.533211827225
 0.77600000   0.533314872037
 0.77700000   0.533419621423
 0.77800000   0.533526075561
 0.77900000   0.533634234633
 0.78000000   0.533744098823
 0.78100000   0.533855668319
 0.78200000   0.533968943310
 0.78300000   0.534083923990
 0.78400000   0.534200610555
 0.78500000   0.534319003205
 0.78600000   0.534439102140
 0.78700000   0.534560907566
 0.78800000   0.534684419692
 0.78900000   0.534809638727
 0.79000000   0.534936564885
 0.79100000   0.535065198384
 0.79200000   0.535195539443
 0.79300000   0.535327588284
 0.79400000   0.535461345133
 0.79500000   0.535596810218
 0.79600000   0.535733983771
 0.79700000   0.535872866026
 0.79800000   0.536013457221
 0.79900000   0.536155757596
 0.80000000   0.536299767393
 0.80100000   0.536445486860
 0.80200000   0.536592916245
 0.80300000   0.536742055801
 0.80400000   0.536892905782
 0.80500000   0.537045466447
 0.80600000   0.537199738057
 0.80700000   0.537355720875
 0.80800000   0.537513415168
 0.80900000   0.537672821207
 0.81000000   0.537833939264
 0.81100000   0.537996769615
 0.81200000   0.538161312540
 0.81300000   0.538327568319
 0.81400000   0.538495537238
 0.81500000   0.538665219584
 0.81600000   0.538836615648
 0.81700000   0.539009725724
 0.81800000   0.539184550109
 0.81900000   0.539361089102
 0.82000000   0.539539343007
 0.82100000   0.539719312128
 0.82200000   0.539900996774
 0.82300000   0.540084397258
 0.82400000   0.540269513894
 0.82500000   0.540456346999
 0.82600000   0.540644896895
 0.82700000   0.540835163905
 0.82800000   0.541027148356
 0.82900000   0.541220850577
 0.83000000   0.541416270902
 0.83100000   0.541613409666
 0.83200000   0.541812267208
 0.83300000   0.542012843870
 0.83400000   0.542215139996
 0.83500000   0.542419155935
 0.83600000   0.542624892037
 0.83700000   0.542832348657
 0.83800000   0.543041526151
 0.83900000   0.543252424879
 0.84000000   0.543465045205
 0.84100000   0.543679387494
 0.84200000   0.543895452116
 0.84300000   0.544113239443
 0.84400000   0.544332749849
 0.84500000   0.544553983714
 0.84600000   0.544776941419
 0.84700000   0.545001623347
 0.84800000   0.545228029887
 0.84900000   0.545456161429
 0.85000000   0.545686018366
 0.85100000   0.545917601096
 0.85200000   0.546150910017
 0.85300000   0.546385945533
 0.85400000   0.546622708050
 0.85500000   0.546861197976
 0.85600000   0.547101415723
 0.85700000   0.547343361707
 0.85800000   0.547587036346
 0.85900000   0.547832440061
 0.86000000   0.548079573276
 0.86100000   0.548328436419
 0.86200000   0.548579029921
 0.86300000   0.548831354214
 0.86400000   0.549085409737
 0.86500000   0.549341196928
 0.86600000   0.549598716232
 0.86700000   0.549857968093
 0.86800000   0.550118952961
 0.86900000   0.550381671288
 0.87000000   0.550646123531
 0.87100000   0.550912310147
 0.87200000   0.551180231598
 0.87300000   0.551449888350
 0.87400000   0.551721280870
 0.87500000   0.551994409629
 0.87600000   0.552269275101
 0.87700000   0.552545877764
 0.87800000   0.552824218099
 0.87900000   0.553104296590
 0.88000000   0.553386113722
 0.88100000   0.553669669987
 0.88200000   0.553954965877
 0.88300000   0.554242001889
 0.88400000   0.554530778522
 0.88500000   0.554821296279
 0.88600000   0.555113555667
 0.88700000   0.555407557193
 0.88800000   0.555703301371
 0.88900000   0.556000788715
 0.89000000   0.556300019745
 0.89100000   0.556600994983
 0.89200000   0.556903714952
 0.89300000   0.557208180182
 0.89400000   0.557514391204
 0.89500000   0.557822348553
 0.89600000   0.558132052767
 0.89700000   0.558443504386
 0.89800000   0.558756703955
 0.89900000   0.559071652021
 0.90000000   0.559388349136
 0.90100000   0.559706795853
 0.90200000   0.560026992730
 0.90300000   0.560348940327
 0.90400000   0.560672639207
 0.90500000   0.560998089938
 0.90600000   0.561325293091
 0.90700000   0.561654249237
 0.90800000   0.561984958955
 0.90900000   0.562317422824
 0.91000000   0.562651641428
 0.91100000   0.562987615353
 0.91200000   0.563325345188
 0.91300000   0.563664831528
 0.91400000   0.564006074968
 0.91500000   0.564349076109
 0.91600000   0.564693835552
 0.91700000   0.565040353905
 0.91800000   0.565388631777
 0.91900000   0.565738669781
 0.92000000   0.566090468533
 0.92100000   0.566444028653
 0.92200000   0.566799350764
 0.92300000   0.567156435491
 0.92400000   0.567515283464
 0.92500000   0.567875895317
 0.92600000   0.568238271685
 0.92700000   0.568602413208
 0.92800000   0.568968320529
 0.92900000   0.569335994293
 0.93000000   0.569705435152
 0.93100000   0.570076643756
 0.93200000   0.570449620764
 0.93300000   0.570824366834
 0.93400000   0.571200882630
 0.93500000   0.571579168818
 0.93600000   0.571959226068
 0.93700000   0.572341055053
 0.93800000   0.572724656450
 0.93900000   0.573110030938
 0.94000000   0.573497179202
 0.94100000   0.573886101928
 0.94200000   0.574276799806
 0.94300000   0.574669273531
 0.94400000   0.575063523798
 0.94500000   0.575459551310
 0.94600000   0.575857356769
 0.94700000   0.576256940883
 0.94800000   0.576658304363
 0.94900000   0.577061447923
 0.95000000   0.577466372282
 0.95100000   0.577873078159
 0.95200000   0.578281566281
 0.95300000   0.578691837375
 0.95400000   0.579103892173
 0.95500000   0.579517731409
 0.95600000   0.579933355823
 0.95700000   0.580350766157
 0.95800000   0.580769963156
 0.95900000   0.581190947570
 0.96000000   0.581613720151
 0.96100000   0.582038281655
 0.96200000   0.582464632842
 0.96300000   0.582892774474
 0.96400000   0.583322707320
 0.96500000   0.583754432149
 0.96600000   0.584187949735
 0.96700000   0.584623260855
 0.96800000   0.585060366290
 0.96900000   0.585499266824
 0.97000000   0.585939963247
 0.97100000   0.586382456349
 0.97200000   0.586826746925
 0.97300000   0.587272835774
 0.97400000   0.587720723699
 0.97500000   0.588170411506
 0.97600000   0.588621900004
 0.97700000   0.589075190006
 0.97800000   0.589530282330
 0.97900000   0.589987177795
 0.98000000   0.590445877225
 0.98100000   0.590906381449
 0.98200000   0.591368691298
 0.98300000   0.591832807606
 0.98400000   0.592298731212
 0.98500000   0.592766462958
 0.98600000   0.593236003691
 0.98700000   0.593707354259
 0.98800000   0.594180515517
 0.98900000   0.594655488321
 0.99000000   0.595132273531
 0.99100000   0.595610872013
 0.99200000   0.596091284634
 0.99300000   0.596573512266
 0.99400000   0.597057555784
 0.99500000   0.597543416067
 0.99600000   0.598031093999
 0.99700000   0.598520590466
 0.99800000   0.599011906359
 0.99900000   0.599505042571
 1.00000000   0.600000000000


# Solution for b = 0.70
 0.00000000   1.000000000000
 0.00100000   0.998647880330
 0.00200000   0.997298475270
 0.00300000   0.995951781160
 0.00400000   0.994607794350
 0.00500000   0.993266511205
 0.00600000   0.991927928100
 0.00700000   0.990592041425
 0.00800000   0.989258847579
 0.00900000   0.987928342975
 0.01000000   0.986600524036
 0.01100000   0.985275387200
 0.01200000   0.983952928914
 0.01300000   0.982633145639
 0.01400000   0.981316033846
 0.01500000   0.980001590019
 0.01600000   0.978689810654
 0.01700000   0.977380692257
 0.01800000   0.976074231347
 0.01900000   0.974770424455
 0.02000000   0.973469268123
 0.02100000   0.972170758903
 0.02200000   0.970874893362
 0.02300000   0.969581668075
 0.02400000   0.968291079630
 0.02500000   0.967003124627
 0.02600000   0.965717799674
 0.02700000   0.964435101396
 0.02800000   0.963155026423
 0.02900000   0.961877571401
 0.03000000   0.960602732985
 0.03100000   0.959330507841
 0.03200000   0.958060892646
 0.03300000   0.956793884089
 0.03400000   0.955529478869
 0.03500000   0.954267673697
 0.03600000   0.953008465295
 0.03700000   0.951751850393
 0.03800000   0.950497825736
 0.03900000   0.949246388077
 0.04000000   0.947997534181
 0.04100000   0.946751260823
 0.04200000   0.945507564788
 0.04300000   0.944266442874
 0.04400000   0.943027891888
 0.04500000   0.941791908647
 0.04600000   0.940558489980
 0.04700000   0.939327632725
 0.04800000   0.938099333731
 0.04900000   0.936873589859
 0.05000000   0.935650397978
 0.05100000   0.934429754969
 0.05200000   0.933211657722
 0.05300000   0.931996103138
 0.05400000   0.930783088128
 0.05500000   0.929572609614
 0.05600000   0.928364664527
 0.05700000   0.927159249808
 0.05800000   0.925956362410
 0.05900000   0.924755999294
 0.06000000   0.923558157432
 0.06100000   0.922362833805
 0.06200000   0.921170025405
 0.06300000   0.919979729235
 0.06400000   0.918791942304
 0.06500000   0.917606661636
 0.06600000   0.916423884260
 0.06700000   0.915243607218
 0.06800000   0.914065827560
 0.06900000   0.912890542347
 0.07000000   0.911717748649
 0.07100000   0.910547443545
 0.07200000   0.909379624125
 0.07300000   0.908214287488
 0.07400000   0.907051430741
 0.07500000   0.905891051004
 0.07600000   0.904733145402
 0.07700000   0.903577711074
 0.07800000   0.902424745165
 0.07900000   0.901274244832
 0.08000000   0.900126207238
 0.08100000   0.898980629559
 0.08200000   0.897837508977
 0.08300000   0.896696842687
 0.08400000   0.895558627889
 0.08500000   0.894422861795
 0.08600000   0.893289541626
 0.08700000   0.892158664611
 0.08800000   0.891030227988
 0.08900000   0.889904229006
 0.09000000   0.888780664922
 0.09100000   0.887659533000
 0.09200000   0.886540830516
 0.09300000   0.885424554753
 0.09400000   0.884310703004
 0.09500000   0.883199272571
 0.09600000   0.882090260764
 0.09700000   0.880983664902
 0.09800000   0.879879482313
 0.09900000   0.878777710334
 0.10000000   0.877678346310
 0.10100000   0.876581387596
 0.10200000   0.875486831555
 0.10300000   0.874394675557
 0.10400000   0.873304916984
 0.10500000   0.872217553225
 0.10600000   0.871132581675
 0.10700000   0.870049999743
 0.10800000   0.868969804841
 0.10900000   0.867891994393
 0.11000000   0.866816565830
 0.11100000   0.865743516592
 0.11200000   0.864672844128
 0.11300000   0.863604545893
 0.11400000   0.862538619354
 0.11500000   0.861475061982
 0.11600000   0.860413871260
 0.11700000   0.859355044678
 0.11800000   0.858298579734
 0.11900000   0.857244473934
 0.12000000   0.856192724792
 0.12100000   0.855143329832
 0.12200000   0.854096286583
 0.12300000   0.853051592586
 0.12400000   0.852009245387
 0.12500000   0.850969242541
 0.12600000   0.849931581611
 0.12700000   0.848896260169
 0.12800000   0.847863275793
 0.12900000   0.846832626071
 0.13000000   0.845804308598
 0.13100000   0.844778320976
 0.13200000   0.843754660817
 0.13300000   0.842733325739
 0.13400000   0.841714313369
 0.13500000   0.840697621340
 0.13600000   0.839683247296
 0.13700000   0.838671188886
 0.13800000   0.837661443767
 0.13900000   0.836654009606
 0.14000000   0.835648884074
 0.14100000   0.834646064853
 0.14200000   0.833645549632
 0.14300000   0.832647336105
 0.14400000   0.831651421977
 0.14500000   0.830657804958
 0.14600000   0.829666482768
 0.14700000   0.828677453133
 0.14800000   0.827690713786
 0.14900000   0.826706262469
 0.15000000   0.825724096929
 0.15100000   0.824744214925
 0.15200000   0.823766614217
 0.15300000   0.822791292579
 0.15400000   0.821818247787
 0.15500000   0.820847477628
 0.15600000   0.819878979895
 0.15700000   0.818912752387
 0.15800000   0.817948792912
 0.15900000   0.816987099285
 0.16000000   0.816027669329
 0.16100000   0.815070500871
 0.16200000   0.814115591749
 0.16300000   0.813162939806
 0.16400000   0.812212542893
 0.16500000   0.811264398867
 0.16600000   0.810318505594
 0.16700000   0.809374860946
 0.16800000   0.808433462802
 0.16900000   0.807494309047
 0.17000000   0.806557397576
 0.17100000   0.805622726288
 0.17200000   0.804690293090
 0.17300000   0.803760095896
 0.17400000   0.802832132628
 0.17500000   0.801906401214
 0.17600000   0.800982899588
 0.17700000   0.800061625692
 0.17800000   0.799142577474
 0.17900000   0.798225752891
 0.18000000   0.797311149904
 0.18100000   0.796398766482
 0.18200000   0.795488600602
 0.18300000   0.794580650245
 0.18400000   0.793674913402
 0.18500000   0.792771388067
 0.18600000   0.791870072245
 0.18700000   0.790970963944
 0.18800000   0.790074061180
 0.18900000   0.789179361977
 0.19000000   0.788286864363
 0.19100000   0.787396566375
 0.19200000   0.786508466054
 0.19300000   0.785622561451
 0.19400000   0.784738850621
 0.19500000   0.783857331625
 0.19600000   0.782978002534
 0.19700000   0.782100861421
 0.19800000   0.781225906369
 0.19900000   0.780353135465
 0.20000000   0.779482546805
 0.20100000   0.778614138489
 0.20200000   0.777747908625
 0.20300000   0.776883855326
 0.20400000   0.776021976713
 0.20500000   0.775162270912
 0.20600000   0.774304736056
 0.20700000   0.773449370284
 0.20800000   0.772596171741
 0.20900000   0.771745138580
 0.21000000   0.770896268957
 0.21100000   0.770049561038
 0.21200000   0.769205012993
 0.21300000   0.768362622999
 0.21400000   0.767522389237
 0.21500000   0.766684309898
 0.21600000   0.765848383177
 0.21700000   0.765014607274
 0.21800000   0.764182980398
 0.21900000   0.763353500761
 0.22000000   0.762526166584
 0.22100000   0.761700976092
 0.22200000   0.760877927517
 0.22300000   0.760057019097
 0.22400000   0.759238249076
 0.22500000   0.758421615703
 0.22600000   0.757607117234
 0.22700000   0.756794751932
 0.22800000   0.755984518063
 0.22900000   0.755176413902
 0.23000000   0.754370437729
 0.23100000   0.753566587829
 0.23200000   0.752764862493
 0.23300000   0.751965260019
 0.23400000   0.751167778710
 0.23500000   0.750372416875
 0.23600000   0.749579172829
 0.23700000   0.748788044893
 0.23800000   0.747999031393
 0.23900000   0.747212130662
 0.24000000   0.746427341038
 0.24100000   0.745644660864
 0.24200000   0.744864088491
 0.24300000   0.744085622274
 0.24400000   0.743309260573
 0.24500000   0.742535001755
 0.24600000   0.741762844194
 0.24700000   0.740992786266
 0.24800000   0.740224826357
 0.24900000   0.739458962854
 0.25000000   0.738695194154
 0.25100000   0.737933518657
 0.25200000   0.737173934769
 0.25300000   0.736416440902
 0.25400000   0.735661035474
 0.25500000   0.734907716907
 0.25600000   0.734156483631
 0.25700000   0.733407334078
 0.25800000   0.732660266689
 0.25900000   0.731915279909
 0.26000000   0.731172372187
 0.26100000   0.730431541981
 0.26200000   0.729692787752
 0.26300000   0.728956107967
 0.26400000   0.728221501097
 0.26500000   0.727488965622
 0.26600000   0.726758500023
 0.26700000   0.726030102790
 0.26800000   0.725303772416
 0.26900000   0.724579507402
 0.27000000   0.723857306250
 0.27100000   0.723137167473
 0.27200000   0.722419089584
 0.27300000   0.721703071105
 0.27400000   0.720989110561
 0.27500000   0.720277206484
 0.27600000   0.719567357410
 0.27700000   0.718859561881
 0.27800000   0.718153818444
 0.27900000   0.717450125652
 0.28000000   0.716748482061
 0.28100000   0.716048886235
 0.28200000   0.715351336741
 0.28300000   0.714655832153
 0.28400000   0.713962371048
 0.28500000   0.713270952010
 0.28600000   0.712581573628
 0.28700000   0.711894234495
 0.28800000   0.711208933211
 0.28900000   0.710525668379
 0.29000000   0.709844438608
 0.29100000   0.709165242512
 0.29200000   0.708488078710
 0.29300000   0.707812945828
 0.29400000   0.707139842493
 0.29500000   0.706468767341
 0.29600000   0.705799719011
 0.29700000   0.705132696147
 0.29800000   0.704467697399
 0.29900000   0.703804721421
 0.30000000   0.703143766872
 0.30100000   0.702484832417
 0.30200000   0.701827916725
 0.30300000   0.701173018471
 0.30400000   0.700520136334
 0.30500000   0.699869268997
 0.30600000   0.699220415150
 0.30700000   0.698573573487
 0.30800000   0.697928742707
 0.30900000   0.697285921513
 0.31000000   0.696645108614
 0.31100000   0.696006302724
 0.31200000   0.695369502560
 0.31300000   0.694734706847
 0.31400000   0.694101914311
 0.31500000   0.693471123687
 0.31600000   0.692842333710
 0.31700000   0.692215543125
 0.31800000   0.691590750677
 0.31900000   0.690967955119
 0.32000000   0.690347155208
 0.32100000   0.689728349706
 0.32200000   0.689111537377
 0.32300000   0.688496716994
 0.32400000   0.687883887332
 0.32500000   0.687273047172
 0.32600000   0.686664195298
 0.32700000   0.686057330501
 0.32800000   0.685452451574
 0.32900000   0.684849557317
 0.33000000   0.684248646534
 0.33100000   0.683649718034
 0.33200000   0.683052770628
 0.33300000   0.682457803136
 0.33400000   0.681864814380
 0.33500000   0.681273803185
 0.33600000   0.680684768385
 0.33700000   0.680097708815
 0.33800000   0.679512623316
 0.33900000   0.678929510734
 0.34000000   0.678348369917
 0.34100000   0.677769199722
 0.34200000   0.677191999006
 0.34300000   0.676616766633
 0.34400000   0.676043501472
 0.34500000   0.675472202394
 0.34600000   0.674902868277
 0.34700000   0.674335498003
 0.34800000   0.673770090458
 0.34900000   0.673206644532
 0.35000000   0.672645159120
 0.35100000   0.672085633122
 0.35200000   0.671528065442
 0.35300000   0.670972454988
 0.35400000   0.670418800673
 0.35500000   0.669867101414
 0.35600000   0.669317356134
 0.35700000   0.668769563757
 0.35800000   0.668223723215
 0.35900000   0.667679833443
 0.36000000   0.667137893379
 0.36100000   0.666597901968
 0.36200000   0.666059858157
 0.36300000   0.665523760899
 0.36400000   0.664989609151
 0.36500000   0.664457401873
 0.36600000   0.663927138031
 0.36700000   0.663398816596
 0.36800000   0.662872436540
 0.36900000   0.662347996842
 0.37000000   0.661825496485
 0.37100000   0.661304934457
 0.37200000   0.660786309747
 0.37300000   0.660269621352
 0.37400000   0.659754868271
 0.37500000   0.659242049509
 0.37600000   0.658731164074
 0.37700000   0.658222210977
 0.37800000   0.657715189237
 0.37900000   0.657210097874
 0.38000000   0.656706935914
 0.38100000   0.656205702385
 0.38200000   0.655706396322
 0.38300000   0.655209016762
 0.38400000   0.654713562747
 0.38500000   0.654220033323
 0.38600000   0.653728427542
 0.38700000   0.653238744457
 0.38800000   0.652750983127
 0.38900000   0.652265142615
 0.39000000   0.651781221989
 0.39100000   0.651299220318
 0.39200000   0.650819136679
 0.39300000   0.650340970151
 0.39400000   0.649864719818
 0.39500000   0.649390384766
 0.39600000   0.648917964088
 0.39700000   0.648447456880
 0.39800000   0.647978862241
 0.39900000   0.647512179276
 0.40000000   0.647047407093
 0.40100000   0.646584544803
 0.40200000   0.646123591523
 0.40300000   0.645664546373
 0.40400000   0.645207408477
 0.40500000   0.644752176965
 0.40600000   0.644298850967
 0.40700000   0.643847429621
 0.40800000   0.643397912066
 0.40900000   0.642950297448
 0.41000000   0.642504584915
 0.41100000   0.642060773618
 0.41200000   0.641618862715
 0.41300000   0.641178851366
 0.41400000   0.640740738735
 0.41500000   0.640304523991
 0.41600000   0.639870206305
 0.41700000   0.639437784855
 0.41800000   0.639007258819
 0.41900000   0.638578627384
 0.42000000   0.638151889735
 0.42100000   0.637727045066
 0.42200000   0.637304092573
 0.42300000   0.636883031455
 0.42400000   0.636463860916
 0.42500000   0.636046580165
 0.42600000   0.635631188411
 0.42700000   0.635217684871
 0.42800000   0.634806068765
 0.42900000   0.634396339315
 0.43000000   0.633988495749
 0.43100000   0.633582537298
 0.43200000   0.633178463196
 0.43300000   0.632776272682
 0.43400000   0.632375965000
 0.43500000   0.631977539395
 0.43600000   0.631580995117
 0.43700000   0.631186331421
 0.43800000   0.630793547565
 0.43900000   0.630402642810
 0.44000000   0.630013616422
 0.44100000   0.629626467671
 0.44200000   0.629241195829
 0.44300000   0.628857800175
 0.44400000   0.628476279987
 0.44500000   0.628096634552
 0.44600000   0.627718863157
 0.44700000   0.627342965095
 0.44800000   0.626968939662
 0.44900000   0.626596786157
 0.45000000   0.626226503884
 0.45100000   0.625858092149
 0.45200000   0.625491550265
 0.45300000   0.625126877546
 0.45400000   0.624764073310
 0.45500000   0.624403136880
 0.45600000   0.624044067581
 0.45700000   0.623686864744
 0.45800000   0.623331527701
 0.45900000   0.622978055789
 0.46000000   0.622626448351
 0.46100000   0.622276704729
 0.46200000   0.621928824273
 0.46300000   0.621582806334
 0.46400000   0.621238650269
 0.46500000   0.620896355435
 0.46600000   0.620555921197
 0.46700000   0.620217346921
 0.46800000   0.619880631978
 0.46900000   0.619545775741
 0.47000000   0.619212777588
 0.47100000   0.618881636900
 0.47200000   0.618552353063
 0.47300000   0.618224925466
 0.47400000   0.617899353500
 0.47500000   0.617575636561
 0.47600000   0.617253774050
 0.47700000   0.616933765368
 0.47800000   0.616615609924
 0.47900000   0.616299307128
 0.48000000   0.615984856393
 0.48100000   0.615672257138
 0.48200000   0.615361508784
 0.48300000   0.615052610755
 0.48400000   0.614745562480
 0.48500000   0.614440363392
 0.48600000   0.614137012926
 0.48700000   0.613835510521
 0.48800000   0.613535855621
 0.48900000   0.613238047671
 0.49000000   0.612942086122
 0.49100000   0.612647970427
 0.49200000   0.612355700044
 0.49300000   0.612065274433
 0.49400000   0.611776693059
 0.49500000   0.611489955389
 0.49600000   0.611205060895
 0.49700000   0.610922009052
 0.49800000   0.610640799339
 0.49900000   0.610361431236
 0.50000000   0.610083904231
 0.50100000   0.609808217812
 0.50200000   0.609534371472
 0.50300000   0.609262364707
 0.50400000   0.608992197016
 0.50500000   0.608723867903
 0.50600000   0.608457376875
 0.50700000   0.608192723441
 0.50800000   0.607929907116
 0.50900000   0.607668927417
 0.51000000   0.607409783864
 0.51100000   0.607152475982
 0.51200000   0.606897003298
 0.51300000   0.606643365345
 0.51400000   0.606391561655
 0.51500000   0.606141591768
 0.51600000   0.605893455225
 0.51700000   0.605647151572
 0.51800000   0.605402680357
 0.51900000   0.605160041132
 0.52000000   0.604919233452
 0.52100000   0.604680256877
 0.52200000   0.604443110969
 0.52300000   0.604207795294
 0.52400000   0.603974309421
 0.52500000   0.603742652924
 0.52600000   0.603512825378
 0.52700000   0.603284826363
 0.52800000   0.603058655462
 0.52900000   0.602834312262
 0.53000000   0.602611796353
 0.53100000   0.602391107328
 0.53200000   0.602172244785
 0.53300000   0.601955208323
 0.53400000   0.601739997546
 0.53500000   0.601526612062
 0.53600000   0.601315051480
 0.53700000   0.601105315415
 0.53800000   0.600897403485
 0.53900000   0.600691315309
 0.54000000   0.600487050513
 0.54100000   0.600284608723
 0.54200000   0.600083989571
 0.54300000   0.599885192691
 0.54400000   0.599688217722
 0.54500000   0.599493064303
 0.54600000   0.599299732080
 0.54700000   0.599108220700
 0.54800000   0.598918529815
 0.54900000   0.598730659080
 0.55000000   0.598544608153
 0.55100000   0.598360376694
 0.55200000   0.598177964370
 0.55300000   0.597997370848
 0.55400000   0.597818595799
 0.55500000   0.597641638899
 0.55600000   0.597466499826
 0.55700000   0.597293178262
 0.55800000   0.597121673891
 0.55900000   0.596951986402
 0.56000000   0.596784115487
 0.56100000   0.596618060840
 0.56200000   0.596453822161
 0.56300000   0.596291399151
 0.56400000   0.596130791515
 0.56500000   0.595971998961
 0.56600000   0.595815021202
 0.56700000   0.595659857952
 0.56800000   0.595506508930
 0.56900000   0.595354973858
 0.57000000   0.595205252461
 0.57100000   0.595057344467
 0.57200000   0.594911249609
 0.57300000   0.594766967620
 0.57400000   0.594624498241
 0.57500000   0.594483841212
 0.57600000   0.594344996279
 0.57700000   0.594207963189
 0.57800000   0.594072741696
 0.57900000   0.593939331554
 0.58000000   0.593807732520
 0.58100000   0.593677944358
 0.58200000   0.593549966831
 0.58300000   0.593423799709
 0.58400000   0.593299442762
 0.58500000   0.593176895766
 0.58600000   0.593056158499
 0.58700000   0.592937230743
 0.58800000   0.592820112281
 0.58900000   0.592704802903
 0.59000000   0.592591302400
 0.59100000   0.592479610566
 0.59200000   0.592369727199
 0.59300000   0.592261652101
 0.59400000   0.592155385077
 0.59500000   0.592050925933
 0.59600000   0.591948274482
 0.59700000   0.591847430538
 0.59800000   0.591748393918
 0.59900000   0.591651164444
 0.60000000   0.591555741940
 0.60100000   0.591462126233
 0.60200000   0.591370317154
 0.60300000   0.591280314538
 0.60400000   0.591192118222
 0.60500000   0.591105728046
 0.60600000   0.591021143854
 0.60700000   0.590938365495
 0.60800000   0.590857392817
 0.60900000   0.590778225676
 0.61000000   0.590700863928
 0.61100000   0.590625307433
 0.61200000   0.590551556056
 0.61300000   0.590479609662
 0.61400000   0.590409468123
 0.61500000   0.590341131311
 0.61600000   0.590274599103
 0.61700000   0.590209871380
 0.61800000   0.590146948023
 0.61900000   0.590085828921
 0.62000000   0.590026513962
 0.62100000   0.589969003039
 0.62200000   0.589913296050
 0.62300000   0.589859392892
 0.62400000   0.589807293470
 0.62500000   0.589756997689
 0.62600000   0.589708505458
 0.62700000   0.589661816690
 0.62800000   0.589616931301
 0.62900000   0.589573849209
 0.63000000   0.589532570338
 0.63100000   0.589493094612
 0.63200000   0.589455421961
 0.63300000   0.589419552316
 0.63400000   0.589385485613
 0.63500000   0.589353221790
 0.63600000   0.589322760790
 0.63700000   0.589294102558
 0.63800000   0.589267247040
 0.63900000   0.589242194191
 0.64000000   0.589218943963
 0.64100000   0.589197496315
 0.64200000   0.589177851210
 0.64300000   0.589160008610
 0.64400000   0.589143968484
 0.64500000   0.589129730803
 0.64600000   0.589117295542
 0.64700000   0.589106662678
 0.64800000   0.589097832191
 0.64900000   0.589090804067
 0.65000000   0.589085578292
 0.65100000   0.589082154856
 0.65200000   0.589080533755
 0.65300000   0.589080714983
 0.65400000   0.589082698544
 0.65500000   0.589086484438
 0.65600000   0.589092072674
 0.65700000   0.589099463262
 0.65800000   0.589108656215
 0.65900000   0.589119651549
 0.66000000   0.589132449284
 0.66100000   0.589147049443
 0.66200000   0.589163452054
 0.66300000   0.589181657144
 0.66400000   0.589201664747
 0.66500000   0.589223474900
 0.66600000   0.589247087641
 0.66700000   0.589272503012
 0.66800000   0.589299721061
 0.66900000   0.589328741835
 0.67000000   0.589359565388
 0.67100000   0.589392191774
 0.67200000   0.589426621053
 0.67300000   0.589462853286
 0.67400000   0.589500888540
 0.67500000   0.589540726882
 0.67600000   0.589582368384
 0.67700000   0.589625813122
 0.67800000   0.589671061173
 0.67900000   0.589718112620
 0.68000000   0.589766967547
 0.68100000   0.589817626042
 0.68200000   0.589870088198
 0.68300000   0.589924354107
 0.68400000   0.589980423869
 0.68500000   0.590038297584
 0.68600000   0.590097975357
 0.68700000   0.590159457295
 0.68800000   0.590222743510
 0.68900000   0.590287834115
 0.69000000   0.590354729228
 0.69100000   0.590423428970
 0.69200000   0.590493933465
 0.69300000   0.590566242839
 0.69400000   0.590640357225
 0.69500000   0.590716276754
 0.69600000   0.590794001565
 0.69700000   0.590873531797
 0.69800000   0.590954867594
 0.69900000   0.591038009104
 0.70000000   0.591122956476
 0.70100000   0.591209709863
 0.70200000   0.591298269423
 0.70300000   0.591388635315
 0.70400000   0.591480807703
 0.70500000   0.591574786752
 0.70600000   0.591670572634
 0.70700000   0.591768165520
 0.70800000   0.591867565587
 0.70900000   0.591968773016
 0.71000000   0.592071787988
 0.71100000   0.592176610690
 0.71200000   0.592283241312
 0.71300000   0.592391680047
 0.71400000   0.592501927089
 0.71500000   0.592613982640
 0.71600000   0.592727846901
 0.71700000   0.592843520078
 0.71800000   0.592961002381
 0.71900000   0.593080294022
 0.72000000   0.593201395217
 0.72100000   0.593324306186
 0.72200000   0.593449027150
 0.72300000   0.593575558335
 0.72400000   0.593703899971
 0.72500000   0.593834052290
 0.72600000   0.593966015528
 0.72700000   0.594099789923
 0.72800000   0.594235375718
 0.72900000   0.594372773158
 0.73000000   0.594511982493
 0.73100000   0.594653003974
 0.73200000   0.594795837858
 0.73300000   0.594940484403
 0.73400000   0.595086943871
 0.73500000   0.595235216528
 0.73600000   0.595385302642
 0.73700000   0.595537202487
 0.73800000   0.595690916337
 0.73900000   0.595846444471
 0.74000000   0.596003787172
 0.74100000   0.596162944725
 0.74200000   0.596323917419
 0.74300000   0.596486705546
 0.74400000   0.596651309401
 0.74500000   0.596817729284
 0.74600000   0.596985965497
 0.74700000   0.597156018346
 0.74800000   0.597327888138
 0.74900000   0.597501575188
 0.75000000   0.597677079810
 0.75100000   0.597854402323
 0.75200000   0.598033543050
 0.75300000   0.598214502316
 0.75400000   0.598397280451
 0.75500000   0.598581877787
 0.75600000   0.598768294660
 0.75700000   0.598956531409
 0.75800000   0.599146588377
 0.75900000   0.599338465909
 0.76000000   0.599532164356
 0.76100000   0.599727684069
 0.76200000   0.599925025406
 0.76300000   0.600124188725
 0.76400000   0.600325174389
 0.76500000   0.600527982765
 0.76600000   0.600732614222
 0.76700000   0.600939069134
 0.76800000   0.601147347877
 0.76900000   0.601357450831
 0.77000000   0.601569378378
 0.77100000   0.601783130907
 0.77200000   0.601998708807
 0.77300000   0.602216112472
 0.77400000   0.602435342298
 0.77500000   0.602656398686
 0.77600000   0.602879282040
 0.77700000   0.603103992767
 0.77800000   0.603330531277
 0.77900000   0.603558897986
 0.78000000   0.603789093310
 0.78100000   0.604021117670
 0.78200000   0.604254971491
 0.78300000   0.604490655200
 0.78400000   0.604728169230
 0.78500000   0.604967514014
 0.78600000   0.605208689992
 0.78700000   0.605451697604
 0.78800000   0.605696537296
 0.78900000   0.605943209516
 0.79000000   0.606191714717
 0.79100000   0.606442053355
 0.79200000   0.606694225887
 0.79300000   0.606948232777
 0.79400000   0.607204074491
 0.79500000   0.607461751497
 0.79600000   0.607721264270
 0.79700000   0.607982613286
 0.79800000   0.608245799024
 0.79900000   0.608510821968
 0.80000000   0.608777682606
 0.80100000   0.609046381426
 0.80200000   0.609316918924
 0.80300000   0.609589295598
 0.80400000   0.609863511947
 0.80500000   0.610139568476
 0.80600000   0.610417465694
 0.80700000   0.610697204113
 0.80800000   0.610978784246
 0.80900000   0.611262206614
 0.81000000   0.611547471738
 0.81100000   0.611834580143
 0.81200000   0.612123532360
 0.81300000   0.612414328921
 0.81400000   0.612706970363
 0.81500000   0.613001457225
 0.81600000   0.613297790050
 0.81700000   0.613595969387
 0.81800000   0.613895995786
 0.81900000   0.614197869801
 0.82000000   0.614501591989
 0.82100000   0.614807162913
 0.82200000   0.615114583137
 0.82300000   0.615423853230
 0.82400000   0.615734973763
 0.82500000   0.616047945314
 0.82600000   0.616362768461
 0.82700000   0.616679443787
 0.82800000   0.616997971879
 0.82900000   0.617318353328
 0.83000000   0.617640588726
 0.83100000   0.617964678672
 0.83200000   0.618290623767
 0.83300000   0.618618424615
 0.83400000   0.618948081824
 0.83500000   0.619279596008
 0.83600000   0.619612967782
 0.83700000   0.619948197764
 0.83800000   0.620285286579
 0.83900000   0.620624234852
 0.84000000   0.620965043214
 0.84100000   0.621307712300
 0.84200000   0.621652242746
 0.84300000   0.621998635195
 0.84400000   0.622346890291
 0.84500000   0.622697008684
 0.84600000   0.623048991025
 0.84700000   0.623402837970
 0.84800000   0.623758550181
 0.84900000   0.624116128320
 0.85000000   0.624475573055
 0.85100000   0.624836885056
 0.85200000   0.625200064999
 0.85300000   0.625565113562
 0.85400000   0.625932031427
 0.85500000   0.626300819281
 0.85600000   0.626671477813
 0.85700000   0.627044007716
 0.85800000   0.627418409689
 0.85900000   0.627794684431
 0.86000000   0.628172832648
 0.86100000   0.628552855048
 0.86200000   0.628934752344
 0.86300000   0.629318525252
 0.86400000   0.629704174492
 0.86500000   0.630091700787
 0.86600000   0.630481104865
 0.86700000   0.630872387458
 0.86800000   0.631265549300
 0.86900000   0.631660591131
 0.87000000   0.632057513693
 0.87100000   0.632456317734
 0.87200000   0.632857004003
 0.87300000   0.633259573255
 0.87400000   0.633664026248
 0.87500000   0.634070363744
 0.87600000   0.634478586509
 0.87700000   0.634888695313
 0.87800000   0.635300690929
 0.87900000   0.635714574136
 0.88000000   0.636130345713
 0.88100000   0.636548006448
 0.88200000   0.636967557128
 0.88300000   0.637388998547
 0.88400000   0.637812331502
 0.88500000   0.638237556795
 0.88600000   0.638664675228
 0.88700000   0.639093687612
 0.88800000   0.639524594760
 0.88900000   0.639957397487
 0.89000000   0.640392096615
 0.89100000   0.640828692967
 0.89200000   0.641267187373
 0.89300000   0.641707580665
 0.89400000   0.642149873680
 0.89500000   0.642594067257
 0.89600000   0.643040162241
 0.89700000   0.643488159481
 0.89800000   0.643938059829
 0.89900000   0.644389864141
 0.90000000   0.644843573279
 0.90100000   0.645299188105
 0.90200000   0.645756709489
 0.90300000   0.646216138303
 0.90400000   0.646677475424
 0.90500000   0.647140721733
 0.90600000   0.647605878113
 0.90700000   0.648072945454
 0.90800000   0.648541924648
 0.90900000   0.649012816592
 0.91000000   0.649485622188
 0.91100000   0.649960342339
 0.91200000   0.650436977956
 0.91300000   0.650915529951
 0.91400000   0.651395999242
 0.91500000   0.651878386750
 0.91600000   0.652362693401
 0.91700000   0.652848920124
 0.91800000   0.653337067854
 0.91900000   0.653827137527
 0.92000000   0.654319130087
 0.92100000   0.654813046479
 0.92200000   0.655308887654
 0.92300000   0.655806654567
 0.92400000   0.656306348176
 0.92500000   0.656807969445
 0.92600000   0.657311519340
 0.92700000   0.657816998833
 0.92800000   0.658324408900
 0.92900000   0.658833750521
 0.93000000   0.659345024679
 0.93100000   0.659858232363
 0.93200000   0.660373374565
 0.93300000   0.660890452282
 0.93400000   0.661409466516
 0.93500000   0.661930418272
 0.93600000   0.662453308558
 0.93700000   0.662978138390
 0.93800000   0.663504908785
 0.93900000   0.664033620766
 0.94000000   0.664564275360
 0.94100000   0.665096873598
 0.94200000   0.665631416514
 0.94300000   0.666167905150
 0.94400000   0.666706340549
 0.94500000   0.667246723760
 0.94600000   0.667789055835
 0.94700000   0.668333337832
 0.94800000   0.668879570813
 0.94900000   0.669427755842
 0.95000000   0.669977893992
 0.95100000   0.670529986336
 0.95200000   0.671084033953
 0.95300000   0.671640037928
 0.95400000   0.672197999348
 0.95500000   0.672757919306
 0.95600000   0.673319798899
 0.95700000   0.673883639228
 0.95800000   0.674449441399
 0.95900000   0.675017206522
 0.96000000   0.675586935713
 0.96100000   0.676158630089
 0.96200000   0.676732290777
 0.96300000   0.677307918902
 0.96400000   0.677885515599
 0.96500000   0.678465082005
 0.96600000   0.679046619262
 0.96700000   0.679630128516
 0.96800000   0.680215610918
 0.96900000   0.680803067623
 0.97000000   0.681392499793
 0.97100000   0.681983908591
 0.97200000   0.682577295187
 0.97300000   0.683172660755
 0.97400000   0.683770006474
 0.97500000   0.684369333526
 0.97600000   0.684970643100
 0.97700000   0.685573936388
 0.97800000   0.686179214587
 0.97900000   0.686786478899
 0.98000000   0.687395730530
 0.98100000   0.688006970692
 0.98200000   0.688620200600
 0.98300000   0.689235421475
 0.98400000   0.689852634542
 0.98500000   0.690471841032
 0.98600000   0.691093042178
 0.98700000   0.691716239220
 0.98800000   0.692341433403
 0.98900000   0.692968625976
 0.99000000   0.693597818192
 0.99100000   0.694229011310
 0.99200000   0.694862206593
 0.99300000   0.695497405309
 0.99400000   0.696134608732
 0.99500000   0.696773818139
 0.99600000   0.697415034813
 0.99700000   0.698058260041
 0.99800000   0.698703495116
 0.99900000   0.699350741335
 1.00000000   0.700000000000


# Solution for b = 0.80
 0.00000000   1.000000000000
 0.00100000   0.998721192869
 0.00200000   0.997445100548
 0.00300000   0.996171719573
 0.00400000   0.994901046494
 0.00500000   0.993633077873
 0.00600000   0.992367810283
 0.00700000   0.991105240308
 0.00800000   0.989845364545
 0.00900000   0.988588179601
 0.01000000   0.987333682096
 0.01100000   0.986081868659
 0.01200000   0.984832735935
 0.01300000   0.983586280575
 0.01400000   0.982342499245
 0.01500000   0.981101388621
 0.01600000   0.979862945391
 0.01700000   0.978627166252
 0.01800000   0.977394047915
 0.01900000   0.976163587101
 0.02000000   0.974935780542
 0.02100000   0.973710624981
 0.02200000   0.972488117172
 0.02300000   0.971268253879
 0.02400000   0.970051031880
 0.02500000   0.968836447961
 0.02600000   0.967624498920
 0.02700000   0.966415181565
 0.02800000   0.965208492715
 0.02900000   0.964004429202
 0.03000000   0.962802987865
 0.03100000   0.961604165556
 0.03200000   0.960407959138
 0.03300000   0.959214365483
 0.03400000   0.958023381474
 0.03500000   0.956835004005
 0.03600000   0.955649229981
 0.03700000   0.954466056315
 0.03800000   0.953285479934
 0.03900000   0.952107497773
 0.04000000   0.950932106778
 0.04100000   0.949759303904
 0.04200000   0.948589086118
 0.04300000   0.947421450398
 0.04400000   0.946256393729
 0.04500000   0.945093913108
 0.04600000   0.943934005544
 0.04700000   0.942776668053
 0.04800000   0.941621897662
 0.04900000   0.940469691408
 0.05000000   0.939320046340
 0.05100000   0.938172959514
 0.05200000   0.937028427997
 0.05300000   0.935886448866
 0.05400000   0.934747019209
 0.05500000   0.933610136121
 0.05600000   0.932475796711
 0.05700000   0.931343998092
 0.05800000   0.930214737393
 0.05900000   0.929088011747
 0.06000000   0.927963818302
 0.06100000   0.926842154211
 0.06200000   0.925723016638
 0.06300000   0.924606402759
 0.06400000   0.923492309757
 0.06500000   0.922380734824
 0.06600000   0.921271675164
 0.06700000   0.920165127987
 0.06800000   0.919061090517
 0.06900000   0.917959559982
 0.07000000   0.916860533624
 0.07100000   0.915764008692
 0.07200000   0.914669982444
 0.07300000   0.913578452148
 0.07400000   0.912489415081
 0.07500000   0.911402868530
 0.07600000   0.910318809789
 0.07700000   0.909237236165
 0.07800000   0.908158144969
 0.07900000   0.907081533525
 0.08000000   0.906007399164
 0.08100000   0.904935739228
 0.08200000   0.903866551065
 0.08300000   0.902799832035
 0.08400000   0.901735579505
 0.08500000   0.900673790851
 0.08600000   0.899614463459
 0.08700000   0.898557594723
 0.08800000   0.897503182045
 0.08900000   0.896451222837
 0.09000000   0.895401714521
 0.09100000   0.894354654524
 0.09200000   0.893310040285
 0.09300000   0.892267869250
 0.09400000   0.891228138874
 0.09500000   0.890190846621
 0.09600000   0.889155989963
 0.09700000   0.888123566381
 0.09800000   0.887093573364
 0.09900000   0.886066008411
 0.10000000   0.885040869026
 0.10100000   0.884018152726
 0.10200000   0.882997857034
 0.10300000   0.881979979480
 0.10400000   0.880964517604
 0.10500000   0.879951468956
 0.10600000   0.878940831091
 0.10700000   0.877932601574
 0.10800000   0.876926777978
 0.10900000   0.875923357885
 0.11000000   0.874922338884
 0.11100000   0.873923718573
 0.11200000   0.872927494557
 0.11300000   0.871933664451
 0.11400000   0.870942225876
 0.11500000   0.869953176462
 0.11600000   0.868966513849
 0.11700000   0.867982235681
 0.11800000   0.867000339613
 0.11900000   0.866020823308
 0.12000000   0.865043684436
 0.12100000   0.864068920673
 0.12200000   0.863096529708
 0.12300000   0.862126509232
 0.12400000   0.861158856949
 0.12500000   0.860193570566
 0.12600000   0.859230647803
 0.12700000   0.858270086384
 0.12800000   0.857311884042
 0.12900000   0.856356038517
 0.13000000   0.855402547557
 0.13100000   0.854451408920
 0.13200000   0.853502620368
 0.13300000   0.852556179672
 0.13400000   0.851612084612
 0.13500000   0.850670332975
 0.13600000   0.849730922554
 0.13700000   0.848793851151
 0.13800000   0.847859116575
 0.13900000   0.846926716643
 0.14000000   0.845996649179
 0.14100000   0.845068912015
 0.14200000   0.844143502990
 0.14300000   0.843220419950
 0.14400000   0.842299660750
 0.14500000   0.841381223250
 0.14600000   0.840465105319
 0.14700000   0.839551304833
 0.14800000   0.838639819676
 0.14900000   0.837730647738
 0.15000000   0.836823786917
 0.15100000   0.835919235118
 0.15200000   0.835016990253
 0.15300000   0.834117050242
 0.15400000   0.833219413012
 0.15500000   0.832324076495
 0.15600000   0.831431038635
 0.15700000   0.830540297377
 0.15800000   0.829651850679
 0.15900000   0.828765696501
 0.16000000   0.827881832814
 0.16100000   0.827000257594
 0.16200000   0.826120968824
 0.16300000   0.825243964495
 0.16400000   0.824369242604
 0.16500000   0.823496801155
 0.16600000   0.822626638160
 0.16700000   0.821758751637
 0.16800000   0.820893139611
 0.16900000   0.820029800115
 0.17000000   0.819168731187
 0.17100000   0.818309930872
 0.17200000   0.817453397224
 0.17300000   0.816599128301
 0.17400000   0.815747122170
 0.17500000   0.814897376904
 0.17600000   0.814049890583
 0.17700000   0.813204661292
 0.17800000   0.812361687125
 0.17900000   0.811520966182
 0.18000000   0.810682496569
 0.18100000   0.809846276399
 0.18200000   0.809012303792
 0.18300000   0.808180576874
 0.18400000   0.807351093779
 0.18500000   0.806523852646
 0.18600000   0.805698851621
 0.18700000   0.804876088856
 0.18800000   0.804055562512
 0.18900000   0.803237270753
 0.19000000   0.802421211752
 0.19100000   0.801607383687
 0.19200000   0.800795784744
 0.19300000   0.799986413115
 0.19400000   0.799179266996
 0.19500000   0.798374344593
 0.19600000   0.797571644117
 0.19700000   0.796771163784
 0.19800000   0.795972901818
 0.19900000   0.795176856449
 0.20000000   0.794383025914
 0.20100000   0.793591408454
 0.20200000   0.792802002319
 0.20300000   0.792014805763
 0.20400000   0.791229817048
 0.20500000   0.790447034441
 0.20600000   0.789666456217
 0.20700000   0.788888080655
 0.20800000   0.788111906041
 0.20900000   0.787337930667
 0.21000000   0.786566152833
 0.21100000   0.785796570843
 0.21200000   0.785029183007
 0.21300000   0.784263987642
 0.21400000   0.783500983072
 0.21500000   0.782740167626
 0.21600000   0.781981539638
 0.21700000   0.781225097449
 0.21800000   0.780470839408
 0.21900000   0.779718763867
 0.22000000   0.778968869185
 0.22100000   0.778221153727
 0.22200000   0.777475615866
 0.22300000   0.776732253977
 0.22400000   0.775991066444
 0.22500000   0.775252051656
 0.22600000   0.774515208008
 0.22700000   0.773780533900
 0.22800000   0.773048027740
 0.22900000   0.772317687939
 0.23000000   0.771589512917
 0.23100000   0.770863501097
 0.23200000   0.770139650909
 0.23300000   0.769417960790
 0.23400000   0.768698429181
 0.23500000   0.767981054530
 0.23600000   0.767265835289
 0.23700000   0.766552769918
 0.23800000   0.765841856881
 0.23900000   0.765133094649
 0.24000000   0.764426481697
 0.24100000   0.763722016509
 0.24200000   0.763019697571
 0.24300000   0.762319523376
 0.24400000   0.761621492423
 0.24500000   0.760925603217
 0.24600000   0.760231854268
 0.24700000   0.759540244091
 0.24800000   0.758850771208
 0.24900000   0.758163434146
 0.25000000   0.757478231437
 0.25100000   0.756795161620
 0.25200000   0.756114223237
 0.25300000   0.755435414838
 0.25400000   0.754758734978
 0.25500000   0.754084182216
 0.25600000   0.753411755119
 0.25700000   0.752741452257
 0.25800000   0.752073272207
 0.25900000   0.751407213552
 0.26000000   0.750743274878
 0.26100000   0.750081454779
 0.26200000   0.749421751852
 0.26300000   0.748764164703
 0.26400000   0.748108691939
 0.26500000   0.747455332175
 0.26600000   0.746804084032
 0.26700000   0.746154946134
 0.26800000   0.745507917112
 0.26900000   0.744862995603
 0.27000000   0.744220180246
 0.27100000   0.743579469690
 0.27200000   0.742940862585
 0.27300000   0.742304357589
 0.27400000   0.741669953365
 0.27500000   0.741037648579
 0.27600000   0.740407441906
 0.27700000   0.739779332022
 0.27800000   0.739153317612
 0.27900000   0.738529397364
 0.28000000   0.737907569972
 0.28100000   0.737287834135
 0.28200000   0.736670188557
 0.28300000   0.736054631948
 0.28400000   0.735441163021
 0.28500000   0.734829780497
 0.28600000   0.734220483101
 0.28700000   0.733613269562
 0.28800000   0.733008138615
 0.28900000   0.732405089001
 0.29000000   0.731804119465
 0.29100000   0.731205228757
 0.29200000   0.730608415633
 0.29300000   0.730013678852
 0.29400000   0.729421017181
 0.29500000   0.728830429389
 0.29600000   0.728241914253
 0.29700000   0.727655470554
 0.29800000   0.727071097075
 0.29900000   0.726488792610
 0.30000000   0.725908555951
 0.30100000   0.725330385901
 0.30200000   0.724754281265
 0.30300000   0.724180240853
 0.30400000   0.723608263481
 0.30500000   0.723038347969
 0.30600000   0.722470493142
 0.30700000   0.721904697830
 0.30800000   0.721340960869
 0.30900000   0.720779281098
 0.31000000   0.720219657362
 0.31100000   0.719662088511
 0.31200000   0.719106573400
 0.31300000   0.718553110888
 0.31400000   0.718001699839
 0.31500000   0.717452339122
 0.31600000   0.716905027611
 0.31700000   0.716359764186
 0.31800000   0.715816547729
 0.31900000   0.715275377129
 0.32000000   0.714736251279
 0.32100000   0.714199169077
 0.32200000   0.713664129426
 0.32300000   0.713131131233
 0.32400000   0.712600173410
 0.32500000   0.712071254875
 0.32600000   0.711544374548
 0.32700000   0.711019531357
 0.32800000   0.710496724232
 0.32900000   0.709975952110
 0.33000000   0.709457213930
 0.33100000   0.708940508638
 0.33200000   0.708425835184
 0.33300000   0.707913192522
 0.33400000   0.707402579612
 0.33500000   0.706893995417
 0.33600000   0.706387438906
 0.33700000   0.705882909052
 0.33800000   0.705380404833
 0.33900000   0.704879925231
 0.34000000   0.704381469233
 0.34100000   0.703885035830
 0.34200000   0.703390624020
 0.34300000   0.702898232801
 0.34400000   0.702407861181
 0.34500000   0.701919508169
 0.34600000   0.701433172778
 0.34700000   0.700948854029
 0.34800000   0.700466550945
 0.34900000   0.699986262554
 0.35000000   0.699507987888
 0.35100000   0.699031725984
 0.35200000   0.698557475885
 0.35300000   0.698085236636
 0.35400000   0.697615007287
 0.35500000   0.697146786895
 0.35600000   0.696680574519
 0.35700000   0.696216369222
 0.35800000   0.695754170073
 0.35900000   0.695293976146
 0.36000000   0.694835786517
 0.36100000   0.694379600268
 0.36200000   0.693925416486
 0.36300000   0.693473234262
 0.36400000   0.693023052690
 0.36500000   0.692574870871
 0.36600000   0.692128687907
 0.36700000   0.691684502908
 0.36800000   0.691242314986
 0.36900000   0.690802123258
 0.37000000   0.690363926846
 0.37100000   0.689927724876
 0.37200000   0.689493516477
 0.37300000   0.689061300785
 0.37400000   0.688631076938
 0.37500000   0.688202844079
 0.37600000   0.687776601357
 0.37700000   0.687352347923
 0.37800000   0.686930082933
 0.37900000   0.686509805547
 0.38000000   0.686091514931
 0.38100000   0.685675210254
 0.38200000   0.685260890689
 0.38300000   0.684848555414
 0.38400000   0.684438203610
 0.38500000   0.684029834465
 0.38600000   0.683623447168
 0.38700000   0.683219040914
 0.38800000   0.682816614903
 0.38900000   0.682416168337
 0.39000000   0.682017700425
 0.39100000   0.681621210377
 0.39200000   0.681226697410
 0.39300000   0.680834160744
 0.39400000   0.680443599603
 0.39500000   0.680055013216
 0.39600000   0.679668400816
 0.39700000   0.679283761639
 0.39800000   0.678901094927
 0.39900000   0.678520399925
 0.40000000   0.678141675883
 0.40100000   0.677764922055
 0.40200000   0.677390137697
 0.40300000   0.677017322073
 0.40400000   0.676646474449
 0.40500000   0.676277594094
 0.40600000   0.675910680283
 0.40700000   0.675545732295
 0.40800000   0.675182749412
 0.40900000   0.674821730922
 0.41000000   0.674462676115
 0.41100000   0.674105584286
 0.41200000   0.673750454734
 0.41300000   0.673397286764
 0.41400000   0.673046079681
 0.41500000   0.672696832798
 0.41600000   0.672349545430
 0.41700000   0.672004216896
 0.41800000   0.671660846521
 0.41900000   0.671319433632
 0.42000000   0.670979977560
 0.42100000   0.670642477643
 0.42200000   0.670306933219
 0.42300000   0.669973343632
 0.42400000   0.669641708232
 0.42500000   0.669312026368
 0.42600000   0.668984297399
 0.42700000   0.668658520683
 0.42800000   0.668334695585
 0.42900000   0.668012821473
 0.43000000   0.667692897719
 0.43100000   0.667374923699
 0.43200000   0.667058898794
 0.43300000   0.666744822387
 0.43400000   0.666432693866
 0.43500000   0.666122512625
 0.43600000   0.665814278058
 0.43700000   0.665507989566
 0.43800000   0.665203646553
 0.43900000   0.664901248427
 0.44000000   0.664600794600
 0.44100000   0.664302284487
 0.44200000   0.664005717509
 0.44300000   0.663711093089
 0.44400000   0.663418410656
 0.44500000   0.663127669641
 0.44600000   0.662838869479
 0.44700000   0.662552009610
 0.44800000   0.662267089478
 0.44900000   0.661984108529
 0.45000000   0.661703066217
 0.45100000   0.661423961994
 0.45200000   0.661146795321
 0.45300000   0.660871565661
 0.45400000   0.660598272481
 0.45500000   0.660326915251
 0.45600000   0.660057493447
 0.45700000   0.659790006546
 0.45800000   0.659524454032
 0.45900000   0.659260835391
 0.46000000   0.658999150113
 0.46100000   0.658739397691
 0.46200000   0.658481577626
 0.46300000   0.658225689417
 0.46400000   0.657971732571
 0.46500000   0.657719706597
 0.46600000   0.657469611009
 0.46700000   0.657221445324
 0.46800000   0.656975209063
 0.46900000   0.656730901752
 0.47000000   0.656488522918
 0.47100000   0.656248072095
 0.47200000   0.656009548819
 0.47300000   0.655772952631
 0.47400000   0.655538283074
 0.47500000   0.655305539696
 0.47600000   0.655074722049
 0.47700000   0.654845829689
 0.47800000   0.654618862175
 0.47900000   0.654393819071
 0.48000000   0.654170699942
 0.48100000   0.653949504361
 0.48200000   0.653730231901
 0.48300000   0.653512882141
 0.48400000   0.653297454663
 0.48500000   0.653083949053
 0.48600000   0.652872364900
 0.48700000   0.652662701799
 0.48800000   0.652454959347
 0.48900000   0.652249137143
 0.49000000   0.652045234795
 0.49100000   0.651843251909
 0.49200000   0.651643188098
 0.49300000   0.651445042978
 0.49400000   0.651248816170
 0.49500000   0.651054507297
 0.49600000   0.650862115985
 0.49700000   0.650671641867
 0.49800000   0.650483084577
 0.49900000   0.650296443754
 0.50000000   0.650111719040
 0.50100000   0.649928910081
 0.50200000   0.649748016527
 0.50300000   0.649569038032
 0.50400000   0.649391974252
 0.50500000   0.649216824849
 0.50600000   0.649043589488
 0.50700000   0.648872267836
 0.50800000   0.648702859567
 0.50900000   0.648535364356
 0.51000000   0.648369781882
 0.51100000   0.648206111830
 0.51200000   0.648044353885
 0.51300000   0.647884507739
 0.51400000   0.647726573086
 0.51500000   0.647570549624
 0.51600000   0.647416437056
 0.51700000   0.647264235086
 0.51800000   0.647113943424
 0.51900000   0.646965561782
 0.52000000   0.646819089878
 0.52100000   0.646674527432
 0.52200000   0.646531874167
 0.52300000   0.646391129811
 0.52400000   0.646252294097
 0.52500000   0.646115366757
 0.52600000   0.645980347533
 0.52700000   0.645847236165
 0.52800000   0.645716032400
 0.52900000   0.645586735987
 0.53000000   0.645459346681
 0.53100000   0.645333864237
 0.53200000   0.645210288417
 0.53300000   0.645088618986
 0.53400000   0.644968855710
 0.53500000   0.644850998363
 0.53600000   0.644735046719
 0.53700000   0.644621000558
 0.53800000   0.644508859661
 0.53900000   0.644398623816
 0.54000000   0.644290292813
 0.54100000   0.644183866444
 0.54200000   0.644079344508
 0.54300000   0.643976726805
 0.54400000   0.643876013141
 0.54500000   0.643777203322
 0.54600000   0.643680297162
 0.54700000   0.643585294476
 0.54800000   0.643492195082
 0.54900000   0.643400998804
 0.55000000   0.643311705468
 0.55100000   0.643224314904
 0.55200000   0.643138826946
 0.55300000   0.643055241431
 0.55400000   0.642973558201
 0.55500000   0.642893777099
 0.55600000   0.642815897974
 0.55700000   0.642739920679
 0.55800000   0.642665845068
 0.55900000   0.642593671001
 0.56000000   0.642523398340
 0.56100000   0.642455026952
 0.56200000   0.642388556706
 0.56300000   0.642323987478
 0.56400000   0.642261319143
 0.56500000   0.642200551582
 0.56600000   0.642141684681
 0.56700000   0.642084718326
 0.56800000   0.642029652411
 0.56900000   0.641976486830
 0.57000000   0.641925221482
 0.57100000   0.641875856270
 0.57200000   0.641828391100
 0.57300000   0.641782825882
 0.57400000   0.641739160529
 0.57500000   0.641697394959
 0.57600000   0.641657529092
 0.57700000   0.641619562851
 0.57800000   0.641583496166
 0.57900000   0.641549328968
 0.58000000   0.641517061191
 0.58100000   0.641486692775
 0.58200000   0.641458223662
 0.58300000   0.641431653797
 0.58400000   0.641406983130
 0.58500000   0.641384211615
 0.58600000   0.641363339208
 0.58700000   0.641344365870
 0.58800000   0.641327291563
 0.58900000   0.641312116257
 0.59000000   0.641298839923
 0.59100000   0.641287462534
 0.59200000   0.641277984069
 0.59300000   0.641270404511
 0.59400000   0.641264723845
 0.59500000   0.641260942060
 0.59600000   0.641259059150
 0.59700000   0.641259075109
 0.59800000   0.641260989940
 0.59900000   0.641264803644
 0.60000000   0.641270516230
 0.60100000   0.641278127708
 0.60200000   0.641287638092
 0.60300000   0.641299047401
 0.60400000   0.641312355657
 0.60500000   0.641327562885
 0.60600000   0.641344669113
 0.60700000   0.641363674374
 0.60800000   0.641384578704
 0.60900000   0.641407382143
 0.61000000   0.641432084734
 0.61100000   0.641458686524
 0.61200000   0.641487187563
 0.61300000   0.641517587907
 0.61400000   0.641549887612
 0.61500000   0.641584086739
 0.61600000   0.641620185355
 0.61700000   0.641658183526
 0.61800000   0.641698081327
 0.61900000   0.641739878831
 0.62000000   0.641783576119
 0.62100000   0.641829173274
 0.62200000   0.641876670382
 0.62300000   0.641926067534
 0.62400000   0.641977364824
 0.62500000   0.642030562348
 0.62600000   0.642085660208
 0.62700000   0.642142658509
 0.62800000   0.642201557359
 0.62900000   0.642262356870
 0.63000000   0.642325057157
 0.63100000   0.642389658341
 0.63200000   0.642456160543
 0.63300000   0.642524563889
 0.63400000   0.642594868511
 0.63500000   0.642667074542
 0.63600000   0.642741182118
 0.63700000   0.642817191382
 0.63800000   0.642895102477
 0.63900000   0.642974915551
 0.64000000   0.643056630757
 0.64100000   0.643140248250
 0.64200000   0.643225768189
 0.64300000   0.643313190736
 0.64400000   0.643402516059
 0.64500000   0.643493744326
 0.64600000   0.643586875712
 0.64700000   0.643681910394
 0.64800000   0.643778848553
 0.64900000   0.643877690373
 0.65000000   0.643978436042
 0.65100000   0.644081085753
 0.65200000   0.644185639700
 0.65300000   0.644292098083
 0.65400000   0.644400461104
 0.65500000   0.644510728971
 0.65600000   0.644622901893
 0.65700000   0.644736980083
 0.65800000   0.644852963759
 0.65900000   0.644970853143
 0.66000000   0.645090648458
 0.66100000   0.645212349934
 0.66200000   0.645335957801
 0.66300000   0.645461472296
 0.66400000   0.645588893659
 0.66500000   0.645718222131
 0.66600000   0.645849457960
 0.66700000   0.645982601397
 0.66800000   0.646117652694
 0.66900000   0.646254612110
 0.67000000   0.646393479907
 0.67100000   0.646534256348
 0.67200000   0.646676941703
 0.67300000   0.646821536245
 0.67400000   0.646968040249
 0.67500000   0.647116453995
 0.67600000   0.647266777766
 0.67700000   0.647419011850
 0.67800000   0.647573156538
 0.67900000   0.647729212124
 0.68000000   0.647887178906
 0.68100000   0.648047057186
 0.68200000   0.648208847270
 0.68300000   0.648372549467
 0.68400000   0.648538164091
 0.68500000   0.648705691457
 0.68600000   0.648875131887
 0.68700000   0.649046485704
 0.68800000   0.649219753238
 0.68900000   0.649394934818
 0.69000000   0.649572030780
 0.69100000   0.649751041464
 0.69200000   0.649931967213
 0.69300000   0.650114808372
 0.69400000   0.650299565293
 0.69500000   0.650486238328
 0.69600000   0.650674827836
 0.69700000   0.650865334179
 0.69800000   0.651057757720
 0.69900000   0.651252098831
 0.70000000   0.651448357882
 0.70100000   0.651646535251
 0.70200000   0.651846631318
 0.70300000   0.652048646466
 0.70400000   0.652252581084
 0.70500000   0.652458435562
 0.70600000   0.652666210297
 0.70700000   0.652875905687
 0.70800000   0.653087522135
 0.70900000   0.653301060048
 0.71000000   0.653516519835
 0.71100000   0.653733901912
 0.71200000   0.653953206695
 0.71300000   0.654174434608
 0.71400000   0.654397586074
 0.71500000   0.654622661524
 0.71600000   0.654849661390
 0.71700000   0.655078586110
 0.71800000   0.655309436124
 0.71900000   0.655542211876
 0.72000000   0.655776913816
 0.72100000   0.656013542394
 0.72200000   0.656252098068
 0.72300000   0.656492581296
 0.72400000   0.656734992543
 0.72500000   0.656979332276
 0.72600000   0.657225600965
 0.72700000   0.657473799087
 0.72800000   0.657723927121
 0.72900000   0.657975985548
 0.73000000   0.658229974855
 0.73100000   0.658485895534
 0.73200000   0.658743748078
 0.73300000   0.659003532986
 0.73400000   0.659265250759
 0.73500000   0.659528901904
 0.73600000   0.659794486930
 0.73700000   0.660062006352
 0.73800000   0.660331460686
 0.73900000   0.660602850454
 0.74000000   0.660876176181
 0.74100000   0.661151438397
 0.74200000   0.661428637635
 0.74300000   0.661707774432
 0.74400000   0.661988849328
 0.74500000   0.662271862869
 0.74600000   0.662556815603
 0.74700000   0.662843708083
 0.74800000   0.663132540865
 0.74900000   0.663423314511
 0.75000000   0.663716029583
 0.75100000   0.664010686652
 0.75200000   0.664307286289
 0.75300000   0.664605829070
 0.75400000   0.664906315575
 0.75500000   0.665208746390
 0.75600000   0.665513122101
 0.75700000   0.665819443300
 0.75800000   0.666127710585
 0.75900000   0.666437924555
 0.76000000   0.666750085814
 0.76100000   0.667064194969
 0.76200000   0.667380252633
 0.76300000   0.667698259422
 0.76400000   0.668018215956
 0.76500000   0.668340122858
 0.76600000   0.668663980757
 0.76700000   0.668989790285
 0.76800000   0.669317552077
 0.76900000   0.669647266773
 0.77000000   0.669978935018
 0.77100000   0.670312557459
 0.77200000   0.670648134749
 0.77300000   0.670985667543
 0.77400000   0.671325156502
 0.77500000   0.671666602291
 0.77600000   0.672010005576
 0.77700000   0.672355367032
 0.77800000   0.672702687333
 0.77900000   0.673051967161
 0.78000000   0.673403207200
 0.78100000   0.673756408138
 0.78200000   0.674111570669
 0.78300000   0.674468695489
 0.78400000   0.674827783299
 0.78500000   0.675188834805
 0.78600000   0.675551850714
 0.78700000   0.675916831741
 0.78800000   0.676283778603
 0.78900000   0.676652692021
 0.79000000   0.677023572721
 0.79100000   0.677396421433
 0.79200000   0.677771238891
 0.79300000   0.678148025832
 0.79400000   0.678526782999
 0.79500000   0.678907511138
 0.79600000   0.679290211000
 0.79700000   0.679674883340
 0.79800000   0.680061528916
 0.79900000   0.680450148491
 0.80000000   0.680840742834
 0.80100000   0.681233312715
 0.80200000   0.681627858909
 0.80300000   0.682024382198
 0.80400000   0.682422883365
 0.80500000   0.682823363198
 0.80600000   0.683225822490
 0.80700000   0.683630262037
 0.80800000   0.684036682642
 0.80900000   0.684445085108
 0.81000000   0.684855470247
 0.81100000   0.685267838870
 0.81200000   0.685682191798
 0.81300000   0.686098529851
 0.81400000   0.686516853857
 0.81500000   0.686937164646
 0.81600000   0.687359463055
 0.81700000   0.687783749921
 0.81800000   0.688210026090
 0.81900000   0.688638292410
 0.82000000   0.689068549732
 0.82100000   0.689500798914
 0.82200000   0.689935040816
 0.82300000   0.690371276306
 0.82400000   0.690809506251
 0.82500000   0.691249731527
 0.82600000   0.691691953012
 0.82700000   0.692136171589
 0.82800000   0.692582388145
 0.82900000   0.693030603573
 0.83000000   0.693480818767
 0.83100000   0.693933034630
 0.83200000   0.694387252065
 0.83300000   0.694843471982
 0.83400000   0.695301695295
 0.83500000   0.695761922922
 0.83600000   0.696224155786
 0.83700000   0.696688394813
 0.83800000   0.697154640936
 0.83900000   0.697622895090
 0.84000000   0.698093158217
 0.84100000   0.698565431259
 0.84200000   0.699039715169
 0.84300000   0.699516010898
 0.84400000   0.699994319406
 0.84500000   0.700474641656
 0.84600000   0.700956978615
 0.84700000   0.701441331255
 0.84800000   0.701927700553
 0.84900000   0.702416087489
 0.85000000   0.702906493050
 0.85100000   0.703398918226
 0.85200000   0.703893364010
 0.85300000   0.704389831404
 0.85400000   0.704888321410
 0.85500000   0.705388835037
 0.85600000   0.705891373298
 0.85700000   0.706395937211
 0.85800000   0.706902527798
 0.85900000   0.707411146086
 0.86000000   0.707921793108
 0.86100000   0.708434469898
 0.86200000   0.708949177498
 0.86300000   0.709465916953
 0.86400000   0.709984689314
 0.86500000   0.710505495636
 0.86600000   0.711028336977
 0.86700000   0.711553214403
 0.86800000   0.712080128982
 0.86900000   0.712609081789
 0.87000000   0.713140073900
 0.87100000   0.713673106401
 0.87200000   0.714208180377
 0.87300000   0.714745296923
 0.87400000   0.715284457136
 0.87500000   0.715825662117
 0.87600000   0.716368912973
 0.87700000   0.716914210817
 0.87800000   0.717461556765
 0.87900000   0.718010951938
 0.88000000   0.718562397462
 0.88100000   0.719115894468
 0.88200000   0.719671444093
 0.88300000   0.720229047476
 0.88400000   0.720788705764
 0.88500000   0.721350420106
 0.88600000   0.721914191658
 0.88700000   0.722480021580
 0.88800000   0.723047911037
 0.88900000   0.723617861198
 0.89000000   0.724189873240
 0.89100000   0.724763948341
 0.89200000   0.725340087686
 0.89300000   0.725918292465
 0.89400000   0.726498563873
 0.89500000   0.727080903108
 0.89600000   0.727665311376
 0.89700000   0.728251789886
 0.89800000   0.728840339852
 0.89900000   0.729430962495
 0.90000000   0.730023659038
 0.90100000   0.730618430711
 0.90200000   0.731215278749
 0.90300000   0.731814204391
 0.90400000   0.732415208882
 0.90500000   0.733018293473
 0.90600000   0.733623459416
 0.90700000   0.734230707974
 0.90800000   0.734840040410
 0.90900000   0.735451457995
 0.91000000   0.736064962004
 0.91100000   0.736680553718
 0.91200000   0.737298234422
 0.91300000   0.737918005407
 0.91400000   0.738539867968
 0.91500000   0.739163823407
 0.91600000   0.739789873031
 0.91700000   0.740418018150
 0.91800000   0.741048260081
 0.91900000   0.741680600147
 0.92000000   0.742315039673
 0.92100000   0.742951579994
 0.92200000   0.743590222446
 0.92300000   0.744230968372
 0.92400000   0.744873819121
 0.92500000   0.745518776046
 0.92600000   0.746165840506
 0.92700000   0.746815013865
 0.92800000   0.747466297493
 0.92900000   0.748119692764
 0.93000000   0.748775201058
 0.93100000   0.749432823762
 0.93200000   0.750092562266
 0.93300000   0.750754417966
 0.93400000   0.751418392265
 0.93500000   0.752084486569
 0.93600000   0.752752702290
 0.93700000   0.753423040848
 0.93800000   0.754095503665
 0.93900000   0.754770092171
 0.94000000   0.755446807799
 0.94100000   0.756125651990
 0.94200000   0.756806626190
 0.94300000   0.757489731849
 0.94400000   0.758174970424
 0.94500000   0.758862343376
 0.94600000   0.759551852174
 0.94700000   0.760243498290
 0.94800000   0.760937283204
 0.94900000   0.761633208400
 0.95000000   0.762331275368
 0.95100000   0.763031485603
 0.95200000   0.763733840606
 0.95300000   0.764438341885
 0.95400000   0.765144990953
 0.95500000   0.765853789327
 0.95600000   0.766564738531
 0.95700000   0.767277840095
 0.95800000   0.767993095555
 0.95900000   0.768710506452
 0.96000000   0.769430074332
 0.96100000   0.770151800748
 0.96200000   0.770875687259
 0.96300000   0.771601735429
 0.96400000   0.772329946827
 0.96500000   0.773060323030
 0.96600000   0.773792865620
 0.96700000   0.774527576184
 0.96800000   0.775264456315
 0.96900000   0.776003507613
 0.97000000   0.776744731683
 0.97100000   0.777488130136
 0.97200000   0.778233704589
 0.97300000   0.778981456665
 0.97400000   0.779731387993
 0.97500000   0.780483500207
 0.97600000   0.781237794950
 0.97700000   0.781994273867
 0.97800000   0.782752938612
 0.97900000   0.783513790843
 0.98000000   0.784276832226
 0.98100000   0.785042064431
 0.98200000   0.785809489136
 0.98300000   0.786579108024
 0.98400000   0.787350922784
 0.98500000   0.788124935112
 0.98600000   0.788901146709
 0.98700000   0.789679559283
 0.98800000   0.790460174549
 0.98900000   0.791242994225
 0.99000000   0.792028020039
 0.99100000   0.792815253722
 0.99200000   0.793604697015
 0.99300000   0.794396351661
 0.99400000   0.795190219413
 0.99500000   0.795986302027
 0.99600000   0.796784601268
 0.99700000   0.797585118907
 0.99800000   0.798387856718
 0.99900000   0.799192816486
 1.00000000   0.800000000000


# Solution for b = 0.90
 0.00000000   1.000000000000
 0.00100000   0.998793611753
 0.00200000   0.997589938511
 0.00300000   0.996388977009
 0.00400000   0.995190723992
 0.00500000   0.993995176215
 0.00600000   0.992802330448
 0.00700000   0.991612183468
 0.00800000   0.990424732066
 0.00900000   0.989239973043
 0.01000000   0.988057903210
 0.01100000   0.986878519391
 0.01200000   0.985701818420
 0.01300000   0.984527797142
 0.01400000   0.983356452412
 0.01500000   0.982187781098
 0.01600000   0.981021780076
 0.01700000   0.979858446236
 0.01800000   0.978697776475
 0.01900000   0.977539767705
 0.02000000   0.976384416844
 0.02100000   0.975231720824
 0.02200000   0.974081676586
 0.02300000   0.972934281084
 0.02400000   0.971789531278
 0.02500000   0.970647424143
 0.02600000   0.969507956661
 0.02700000   0.968371125827
 0.02800000   0.967236928645
 0.02900000   0.966105362129
 0.03000000   0.964976423305
 0.03100000   0.963850109208
 0.03200000   0.962726416882
 0.03300000   0.961605343385
 0.03400000   0.960486885780
 0.03500000   0.959371041145
 0.03600000   0.958257806565
 0.03700000   0.957147179136
 0.03800000   0.956039155964
 0.03900000   0.954933734166
 0.04000000   0.953830910867
 0.04100000   0.952730683203
 0.04200000   0.951633048320
 0.04300000   0.950538003373
 0.04400000   0.949445545528
 0.04500000   0.948355671961
 0.04600000   0.947268379855
 0.04700000   0.946183666407
 0.04800000   0.945101528820
 0.04900000   0.944021964308
 0.05000000   0.942944970096
 0.05100000   0.941870543416
 0.05200000   0.940798681511
 0.05300000   0.939729381634
 0.05400000   0.938662641046
 0.05500000   0.937598457019
 0.05600000   0.936536826834
 0.05700000   0.935477747781
 0.05800000   0.934421217159
 0.05900000   0.933367232277
 0.06000000   0.932315790455
 0.06100000   0.931266889018
 0.06200000   0.930220525304
 0.06300000   0.929176696659
 0.06400000   0.928135400439
 0.06500000   0.927096634006
 0.06600000   0.926060394736
 0.06700000   0.925026680010
 0.06800000   0.923995487221
 0.06900000   0.922966813769
 0.07000000   0.921940657063
 0.07100000   0.920917014524
 0.07200000   0.919895883577
 0.07300000   0.918877261660
 0.07400000   0.917861146219
 0.07500000   0.916847534707
 0.07600000   0.915836424589
 0.07700000   0.914827813336
 0.07800000   0.913821698429
 0.07900000   0.912818077357
 0.08000000   0.911816947620
 0.08100000   0.910818306724
 0.08200000   0.909822152185
 0.08300000   0.908828481528
 0.08400000   0.907837292285
 0.08500000   0.906848581998
 0.08600000   0.905862348218
 0.08700000   0.904878588503
 0.08800000   0.903897300420
 0.08900000   0.902918481546
 0.09000000   0.901942129465
 0.09100000   0.900968241768
 0.09200000   0.899996816059
 0.09300000   0.899027849945
 0.09400000   0.898061341045
 0.09500000   0.897097286985
 0.09600000   0.896135685400
 0.09700000   0.895176533932
 0.09800000   0.894219830233
 0.09900000   0.893265571961
 0.10000000   0.892313756785
 0.10100000   0.891364382381
 0.10200000   0.890417446431
 0.10300000   0.889472946628
 0.10400000   0.888530880673
 0.10500000   0.887591246273
 0.10600000   0.886654041145
 0.10700000   0.885719263012
 0.10800000   0.884786909609
 0.10900000   0.883856978674
 0.11000000   0.882929467956
 0.11100000   0.882004375212
 0.11200000   0.881081698205
 0.11300000   0.880161434708
 0.11400000   0.879243582500
 0.11500000   0.878328139370
 0.11600000   0.877415103113
 0.11700000   0.876504471532
 0.11800000   0.875596242439
 0.11900000   0.874690413653
 0.12000000   0.873786983000
 0.12100000   0.872885948314
 0.12200000   0.871987307439
 0.12300000   0.871091058224
 0.12400000   0.870197198526
 0.12500000   0.869305726210
 0.12600000   0.868416639148
 0.12700000   0.867529935222
 0.12800000   0.866645612319
 0.12900000   0.865763668334
 0.13000000   0.864884101171
 0.13100000   0.864006908739
 0.13200000   0.863132088956
 0.13300000   0.862259639747
 0.13400000   0.861389559046
 0.13500000   0.860521844792
 0.13600000   0.859656494933
 0.13700000   0.858793507424
 0.13800000   0.857932880227
 0.13900000   0.857074611311
 0.14000000   0.856218698653
 0.14100000   0.855365140237
 0.14200000   0.854513934056
 0.14300000   0.853665078106
 0.14400000   0.852818570395
 0.14500000   0.851974408935
 0.14600000   0.851132591747
 0.14700000   0.850293116857
 0.14800000   0.849455982300
 0.14900000   0.848621186119
 0.15000000   0.847788726361
 0.15100000   0.846958601083
 0.15200000   0.846130808348
 0.15300000   0.845305346224
 0.15400000   0.844482212790
 0.15500000   0.843661406130
 0.15600000   0.842842924333
 0.15700000   0.842026765499
 0.15800000   0.841212927732
 0.15900000   0.840401409144
 0.16000000   0.839592207853
 0.16100000   0.838785321985
 0.16200000   0.837980749673
 0.16300000   0.837178489056
 0.16400000   0.836378538280
 0.16500000   0.835580895499
 0.16600000   0.834785558871
 0.16700000   0.833992526563
 0.16800000   0.833201796749
 0.16900000   0.832413367609
 0.17000000   0.831627237330
 0.17100000   0.830843404104
 0.17200000   0.830061866133
 0.17300000   0.829282621624
 0.17400000   0.828505668788
 0.17500000   0.827731005848
 0.17600000   0.826958631030
 0.17700000   0.826188542566
 0.17800000   0.825420738697
 0.17900000   0.824655217671
 0.18000000   0.823891977738
 0.18100000   0.823131017160
 0.18200000   0.822372334203
 0.18300000   0.821615927139
 0.18400000   0.820861794247
 0.18500000   0.820109933813
 0.18600000   0.819360344129
 0.18700000   0.818613023493
 0.18800000   0.817867970211
 0.18900000   0.817125182594
 0.19000000   0.816384658959
 0.19100000   0.815646397631
 0.19200000   0.814910396939
 0.19300000   0.814176655222
 0.19400000   0.813445170821
 0.19500000   0.812715942087
 0.19600000   0.811988967375
 0.19700000   0.811264245046
 0.19800000   0.810541773470
 0.19900000   0.809821551021
 0.20000000   0.809103576078
 0.20100000   0.808387847031
 0.20200000   0.807674362270
 0.20300000   0.806963120197
 0.20400000   0.806254119216
 0.20500000   0.805547357738
 0.20600000   0.804842834182
 0.20700000   0.804140546972
 0.20800000   0.803440494537
 0.20900000   0.802742675314
 0.21000000   0.802047087744
 0.21100000   0.801353730277
 0.21200000   0.800662601365
 0.21300000   0.799973699471
 0.21400000   0.799287023059
 0.21500000   0.798602570602
 0.21600000   0.797920340579
 0.21700000   0.797240331474
 0.21800000   0.796562541777
 0.21900000   0.795886969984
 0.22000000   0.795213614598
 0.22100000   0.794542474127
 0.22200000   0.793873547084
 0.22300000   0.793206831989
 0.22400000   0.792542327369
 0.22500000   0.791880031754
 0.22600000   0.791219943683
 0.22700000   0.790562061698
 0.22800000   0.789906384349
 0.22900000   0.789252910190
 0.23000000   0.788601637783
 0.23100000   0.787952565694
 0.23200000   0.787305692495
 0.23300000   0.786661016764
 0.23400000   0.786018537086
 0.23500000   0.785378252049
 0.23600000   0.784740160249
 0.23700000   0.784104260286
 0.23800000   0.783470550768
 0.23900000   0.782839030307
 0.24000000   0.782209697521
 0.24100000   0.781582551033
 0.24200000   0.780957589473
 0.24300000   0.780334811476
 0.24400000   0.779714215682
 0.24500000   0.779095800737
 0.24600000   0.778479565294
 0.24700000   0.777865508008
 0.24800000   0.777253627545
 0.24900000   0.776643922571
 0.25000000   0.776036391761
 0.25100000   0.775431033794
 0.25200000   0.774827847355
 0.25300000   0.774226831136
 0.25400000   0.773627983831
 0.25500000   0.773031304143
 0.25600000   0.772436790779
 0.25700000   0.771844442451
 0.25800000   0.771254257876
 0.25900000   0.770666235779
 0.26000000   0.770080374888
 0.26100000   0.769496673938
 0.26200000   0.768915131667
 0.26300000   0.768335746821
 0.26400000   0.767758518150
 0.26500000   0.767183444411
 0.26600000   0.766610524363
 0.26700000   0.766039756775
 0.26800000   0.765471140416
 0.26900000   0.764904674065
 0.27000000   0.764340356504
 0.27100000   0.763778186521
 0.27200000   0.763218162909
 0.27300000   0.762660284466
 0.27400000   0.762104549995
 0.27500000   0.761550958306
 0.27600000   0.760999508212
 0.27700000   0.760450198534
 0.27800000   0.759903028095
 0.27900000   0.759357995725
 0.28000000   0.758815100259
 0.28100000   0.758274340538
 0.28200000   0.757735715407
 0.28300000   0.757199223717
 0.28400000   0.756664864322
 0.28500000   0.756132636085
 0.28600000   0.755602537871
 0.28700000   0.755074568551
 0.28800000   0.754548727002
 0.28900000   0.754025012104
 0.29000000   0.753503422746
 0.29100000   0.752983957817
 0.29200000   0.752466616216
 0.29300000   0.751951396843
 0.29400000   0.751438298605
 0.29500000   0.750927320416
 0.29600000   0.750418461190
 0.29700000   0.749911719852
 0.29800000   0.749407095326
 0.29900000   0.748904586547
 0.30000000   0.748404192450
 0.30100000   0.747905911978
 0.30200000   0.747409744078
 0.30300000   0.746915687701
 0.30400000   0.746423741806
 0.30500000   0.745933905354
 0.30600000   0.745446177312
 0.30700000   0.744960556651
 0.30800000   0.744477042350
 0.30900000   0.743995633389
 0.31000000   0.743516328755
 0.31100000   0.743039127440
 0.31200000   0.742564028441
 0.31300000   0.742091030758
 0.31400000   0.741620133399
 0.31500000   0.741151335373
 0.31600000   0.740684635699
 0.31700000   0.740220033396
 0.31800000   0.739757527490
 0.31900000   0.739297117011
 0.32000000   0.738838800996
 0.32100000   0.738382578484
 0.32200000   0.737928448522
 0.32300000   0.737476410157
 0.32400000   0.737026462446
 0.32500000   0.736578604448
 0.32600000   0.736132835227
 0.32700000   0.735689153852
 0.32800000   0.735247559397
 0.32900000   0.734808050941
 0.33000000   0.734370627567
 0.33100000   0.733935288364
 0.33200000   0.733502032423
 0.33300000   0.733070858843
 0.33400000   0.732641766727
 0.33500000   0.732214755180
 0.33600000   0.731789823316
 0.33700000   0.731366970249
 0.33800000   0.730946195102
 0.33900000   0.730527497001
 0.34000000   0.730110875075
 0.34100000   0.729696328461
 0.34200000   0.729283856297
 0.34300000   0.728873457729
 0.34400000   0.728465131906
 0.34500000   0.728058877981
 0.34600000   0.727654695113
 0.34700000   0.727252582465
 0.34800000   0.726852539204
 0.34900000   0.726454564504
 0.35000000   0.726058657541
 0.35100000   0.725664817496
 0.35200000   0.725273043556
 0.35300000   0.724883334911
 0.35400000   0.724495690756
 0.35500000   0.724110110293
 0.35600000   0.723726592724
 0.35700000   0.723345137259
 0.35800000   0.722965743111
 0.35900000   0.722588409499
 0.36000000   0.722213135645
 0.36100000   0.721839920777
 0.36200000   0.721468764125
 0.36300000   0.721099664927
 0.36400000   0.720732622423
 0.36500000   0.720367635858
 0.36600000   0.720004704482
 0.36700000   0.719643827550
 0.36800000   0.719285004319
 0.36900000   0.718928234054
 0.37000000   0.718573516021
 0.37100000   0.718220849494
 0.37200000   0.717870233748
 0.37300000   0.717521668065
 0.37400000   0.717175151730
 0.37500000   0.716830684034
 0.37600000   0.716488264270
 0.37700000   0.716147891738
 0.37800000   0.715809565741
 0.37900000   0.715473285587
 0.38000000   0.715139050587
 0.38100000   0.714806860058
 0.38200000   0.714476713322
 0.38300000   0.714148609704
 0.38400000   0.713822548533
 0.38500000   0.713498529143
 0.38600000   0.713176550874
 0.38700000   0.712856613067
 0.38800000   0.712538715071
 0.38900000   0.712222856236
 0.39000000   0.711909035920
 0.39100000   0.711597253482
 0.39200000   0.711287508286
 0.39300000   0.710979799703
 0.39400000   0.710674127106
 0.39500000   0.710370489871
 0.39600000   0.710068887382
 0.39700000   0.709769319025
 0.39800000   0.709471784190
 0.39900000   0.709176282273
 0.40000000   0.708882812673
 0.40100000   0.708591374793
 0.40200000   0.708301968042
 0.40300000   0.708014591831
 0.40400000   0.707729245578
 0.40500000   0.707445928703
 0.40600000   0.707164640631
 0.40700000   0.706885380792
 0.40800000   0.706608148619
 0.40900000   0.706332943550
 0.41000000   0.706059765028
 0.41100000   0.705788612499
 0.41200000   0.705519485414
 0.41300000   0.705252383227
 0.41400000   0.704987305399
 0.41500000   0.704724251391
 0.41600000   0.704463220673
 0.41700000   0.704204212716
 0.41800000   0.703947226995
 0.41900000   0.703692262993
 0.42000000   0.703439320192
 0.42100000   0.703188398082
 0.42200000   0.702939496157
 0.42300000   0.702692613912
 0.42400000   0.702447750850
 0.42500000   0.702204906476
 0.42600000   0.701964080301
 0.42700000   0.701725271837
 0.42800000   0.701488480604
 0.42900000   0.701253706124
 0.43000000   0.701020947922
 0.43100000   0.700790205531
 0.43200000   0.700561478485
 0.43300000   0.700334766323
 0.43400000   0.700110068588
 0.43500000   0.699887384828
 0.43600000   0.699666714594
 0.43700000   0.699448057443
 0.43800000   0.699231412933
 0.43900000   0.699016780629
 0.44000000   0.698804160099
 0.44100000   0.698593550915
 0.44200000   0.698384952655
 0.44300000   0.698178364897
 0.44400000   0.697973787228
 0.44500000   0.697771219235
 0.44600000   0.697570660513
 0.44700000   0.697372110657
 0.44800000   0.697175569270
 0.44900000   0.696981035955
 0.45000000   0.696788510324
 0.45100000   0.696597991989
 0.45200000   0.696409480567
 0.45300000   0.696222975682
 0.45400000   0.696038476957
 0.45500000   0.695855984024
 0.45600000   0.695675496517
 0.45700000   0.695497014072
 0.45800000   0.695320536333
 0.45900000   0.695146062946
 0.46000000   0.694973593561
 0.46100000   0.694803127833
 0.46200000   0.694634665419
 0.46300000   0.694468205984
 0.46400000   0.694303749192
 0.46500000   0.694141294715
 0.46600000   0.693980842227
 0.46700000   0.693822391408
 0.46800000   0.693665941940
 0.46900000   0.693511493511
 0.47000000   0.693359045810
 0.47100000   0.693208598534
 0.47200000   0.693060151380
 0.47300000   0.692913704053
 0.47400000   0.692769256260
 0.47500000   0.692626807711
 0.47600000   0.692486358121
 0.47700000   0.692347907211
 0.47800000   0.692211454704
 0.47900000   0.692077000326
 0.48000000   0.691944543809
 0.48100000   0.691814084889
 0.48200000   0.691685623305
 0.48300000   0.691559158800
 0.48400000   0.691434691122
 0.48500000   0.691312220022
 0.48600000   0.691191745256
 0.48700000   0.691073266583
 0.48800000   0.690956783767
 0.48900000   0.690842296576
 0.49000000   0.690729804780
 0.49100000   0.690619308156
 0.49200000   0.690510806482
 0.49300000   0.690404299544
 0.49400000   0.690299787127
 0.49500000   0.690197269024
 0.49600000   0.690096745030
 0.49700000   0.689998214945
 0.49800000   0.689901678572
 0.49900000   0.689807135719
 0.50000000   0.689714586197
 0.50100000   0.689624029823
 0.50200000   0.689535466415
 0.50300000   0.689448895796
 0.50400000   0.689364317795
 0.50500000   0.689281732243
 0.50600000   0.689201138976
 0.50700000   0.689122537832
 0.50800000   0.689045928655
 0.50900000   0.688971311293
 0.51000000   0.688898685598
 0.51100000   0.688828051423
 0.51200000   0.688759408629
 0.51300000   0.688692757079
 0.51400000   0.688628096641
 0.51500000   0.688565427185
 0.51600000   0.688504748586
 0.51700000   0.688446060725
 0.51800000   0.688389363484
 0.51900000   0.688334656750
 0.52000000   0.688281940415
 0.52100000   0.688231214373
 0.52200000   0.688182478523
 0.52300000   0.688135732770
 0.52400000   0.688090977018
 0.52500000   0.688048211180
 0.52600000   0.688007435171
 0.52700000   0.687968648908
 0.52800000   0.687931852316
 0.52900000   0.687897045321
 0.53000000   0.687864227853
 0.53100000   0.687833399847
 0.53200000   0.687804561242
 0.53300000   0.687777711981
 0.53400000   0.687752852010
 0.53500000   0.687729981280
 0.53600000   0.687709099745
 0.53700000   0.687690207364
 0.53800000   0.687673304099
 0.53900000   0.687658389916
 0.54000000   0.687645464786
 0.54100000   0.687634528684
 0.54200000   0.687625581586
 0.54300000   0.687618623476
 0.54400000   0.687613654340
 0.54500000   0.687610674168
 0.54600000   0.687609682954
 0.54700000   0.687610680695
 0.54800000   0.687613667395
 0.54900000   0.687618643058
 0.55000000   0.687625607695
 0.55100000   0.687634561320
 0.55200000   0.687645503950
 0.55300000   0.687658435607
 0.55400000   0.687673356318
 0.55500000   0.687690266111
 0.55600000   0.687709165020
 0.55700000   0.687730053083
 0.55800000   0.687752930341
 0.55900000   0.687777796840
 0.56000000   0.687804652630
 0.56100000   0.687833497763
 0.56200000   0.687864332297
 0.56300000   0.687897156294
 0.56400000   0.687931969819
 0.56500000   0.687968772941
 0.56600000   0.688007565733
 0.56700000   0.688048348272
 0.56800000   0.688091120640
 0.56900000   0.688135882922
 0.57000000   0.688182635207
 0.57100000   0.688231377587
 0.57200000   0.688282110161
 0.57300000   0.688334833028
 0.57400000   0.688389546294
 0.57500000   0.688446250068
 0.57600000   0.688504944462
 0.57700000   0.688565629593
 0.57800000   0.688628305583
 0.57900000   0.688692972556
 0.58000000   0.688759630640
 0.58100000   0.688828279969
 0.58200000   0.688898920679
 0.58300000   0.688971552911
 0.58400000   0.689046176809
 0.58500000   0.689122792523
 0.58600000   0.689201400204
 0.58700000   0.689282000009
 0.58800000   0.689364592100
 0.58900000   0.689449176639
 0.59000000   0.689535753797
 0.59100000   0.689624323746
 0.59200000   0.689714886661
 0.59300000   0.689807442724
 0.59400000   0.689901992119
 0.59500000   0.689998535034
 0.59600000   0.690097071662
 0.59700000   0.690197602200
 0.59800000   0.690300126848
 0.59900000   0.690404645809
 0.60000000   0.690511159294
 0.60100000   0.690619667514
 0.60200000   0.690730170686
 0.60300000   0.690842669029
 0.60400000   0.690957162770
 0.60500000   0.691073652135
 0.60600000   0.691192137358
 0.60700000   0.691312618675
 0.60800000   0.691435096327
 0.60900000   0.691559570558
 0.61000000   0.691686041616
 0.61100000   0.691814509755
 0.61200000   0.691944975230
 0.61300000   0.692077438303
 0.61400000   0.692211899237
 0.61500000   0.692348358303
 0.61600000   0.692486815771
 0.61700000   0.692627271920
 0.61800000   0.692769727030
 0.61900000   0.692914181385
 0.62000000   0.693060635274
 0.62100000   0.693209088991
 0.62200000   0.693359542832
 0.62300000   0.693511997098
 0.62400000   0.693666452094
 0.62500000   0.693822908129
 0.62600000   0.693981365517
 0.62700000   0.694141824574
 0.62800000   0.694304285621
 0.62900000   0.694468748984
 0.63000000   0.694635214993
 0.63100000   0.694803683980
 0.63200000   0.694974156284
 0.63300000   0.695146632245
 0.63400000   0.695321112209
 0.63500000   0.695497596526
 0.63600000   0.695676085550
 0.63700000   0.695856579638
 0.63800000   0.696039079153
 0.63900000   0.696223584461
 0.64000000   0.696410095931
 0.64100000   0.696598613938
 0.64200000   0.696789138860
 0.64300000   0.696981671079
 0.64400000   0.697176210983
 0.64500000   0.697372758961
 0.64600000   0.697571315408
 0.64700000   0.697771880724
 0.64800000   0.697974455311
 0.64900000   0.698179039577
 0.65000000   0.698385633931
 0.65100000   0.698594238791
 0.65200000   0.698804854574
 0.65300000   0.699017481705
 0.65400000   0.699232120612
 0.65500000   0.699448771726
 0.65600000   0.699667435484
 0.65700000   0.699888112325
 0.65800000   0.700110802693
 0.65900000   0.700335507038
 0.66000000   0.700562225812
 0.66100000   0.700790959471
 0.66200000   0.701021708477
 0.66300000   0.701254473294
 0.66400000   0.701489254392
 0.66500000   0.701726052245
 0.66600000   0.701964867329
 0.66700000   0.702205700127
 0.66800000   0.702448551125
 0.66900000   0.702693420812
 0.67000000   0.702940309684
 0.67100000   0.703189218239
 0.67200000   0.703440146979
 0.67300000   0.703693096412
 0.67400000   0.703948067049
 0.67500000   0.704205059404
 0.67600000   0.704464073999
 0.67700000   0.704725111356
 0.67800000   0.704988172005
 0.67900000   0.705253256476
 0.68000000   0.705520365307
 0.68100000   0.705789499038
 0.68200000   0.706060658215
 0.68300000   0.706333843387
 0.68400000   0.706609055107
 0.68500000   0.706886293933
 0.68600000   0.707165560427
 0.68700000   0.707446855156
 0.68800000   0.707730178690
 0.68900000   0.708015531604
 0.69000000   0.708302914478
 0.69100000   0.708592327894
 0.69200000   0.708883772440
 0.69300000   0.709177248709
 0.69400000   0.709472757297
 0.69500000   0.709770298804
 0.69600000   0.710069873836
 0.69700000   0.710371483001
 0.69800000   0.710675126914
 0.69900000   0.710980806192
 0.70000000   0.711288521458
 0.70100000   0.711598273338
 0.70200000   0.711910062463
 0.70300000   0.712223889468
 0.70400000   0.712539754993
 0.70500000   0.712857659683
 0.70600000   0.713177604185
 0.70700000   0.713499589151
 0.70800000   0.713823615241
 0.70900000   0.714149683113
 0.71000000   0.714477793436
 0.71100000   0.714807946878
 0.71200000   0.715140144115
 0.71300000   0.715474385825
 0.71400000   0.715810672692
 0.71500000   0.716149005405
 0.71600000   0.716489384654
 0.71700000   0.716831811137
 0.71800000   0.717176285555
 0.71900000   0.717522808614
 0.72000000   0.717871381024
 0.72100000   0.718222003499
 0.72200000   0.718574676758
 0.72300000   0.718929401524
 0.72400000   0.719286178525
 0.72500000   0.719645008494
 0.72600000   0.720005892168
 0.72700000   0.720368830287
 0.72800000   0.720733823598
 0.72900000   0.721100872850
 0.73000000   0.721469978799
 0.73100000   0.721841142204
 0.73200000   0.722214363828
 0.73300000   0.722589644440
 0.73400000   0.722966984813
 0.73500000   0.723346385724
 0.73600000   0.723727847955
 0.73700000   0.724111372293
 0.73800000   0.724496959528
 0.73900000   0.724884610456
 0.74000000   0.725274325877
 0.74100000   0.725666106597
 0.74200000   0.726059953423
 0.74300000   0.726455867171
 0.74400000   0.726853848658
 0.74500000   0.727253898709
 0.74600000   0.727656018149
 0.74700000   0.728060207813
 0.74800000   0.728466468536
 0.74900000   0.728874801160
 0.75000000   0.729285206531
 0.75100000   0.729697685501
 0.75200000   0.730112238925
 0.75300000   0.730528867663
 0.75400000   0.730947572579
 0.75500000   0.731368354544
 0.75600000   0.731791214431
 0.75700000   0.732216153119
 0.75800000   0.732643171492
 0.75900000   0.733072270438
 0.76000000   0.733503450850
 0.76100000   0.733936713626
 0.76200000   0.734372059667
 0.76300000   0.734809489883
 0.76400000   0.735249005183
 0.76500000   0.735690606485
 0.76600000   0.736134294710
 0.76700000   0.736580070784
 0.76800000   0.737027935639
 0.76900000   0.737477890209
 0.77000000   0.737929935436
 0.77100000   0.738384072265
 0.77200000   0.738840301645
 0.77300000   0.739298624532
 0.77400000   0.739759041885
 0.77500000   0.740221554670
 0.77600000   0.740686163854
 0.77700000   0.741152870414
 0.77800000   0.741621675327
 0.77900000   0.742092579577
 0.78000000   0.742565584154
 0.78100000   0.743040690051
 0.78200000   0.743517898267
 0.78300000   0.743997209805
 0.78400000   0.744478625673
 0.78500000   0.744962146886
 0.78600000   0.745447774460
 0.78700000   0.745935509420
 0.78800000   0.746425352793
 0.78900000   0.746917305613
 0.79000000   0.747411368917
 0.79100000   0.747907543748
 0.79200000   0.748405831155
 0.79300000   0.748906232190
 0.79400000   0.749408747911
 0.79500000   0.749913379382
 0.79600000   0.750420127669
 0.79700000   0.750928993846
 0.79800000   0.751439978992
 0.79900000   0.751953084188
 0.80000000   0.752468310524
 0.80100000   0.752985659092
 0.80200000   0.753505130991
 0.80300000   0.754026727323
 0.80400000   0.754550449197
 0.80500000   0.755076297728
 0.80600000   0.755604274032
 0.80700000   0.756134379235
 0.80800000   0.756666614464
 0.80900000   0.757200980854
 0.81000000   0.757737479544
 0.81100000   0.758276111679
 0.81200000   0.758816878407
 0.81300000   0.759359780883
 0.81400000   0.759904820268
 0.81500000   0.760451997725
 0.81600000   0.761001314426
 0.81700000   0.761552771546
 0.81800000   0.762106370265
 0.81900000   0.762662111770
 0.82000000   0.763219997251
 0.82100000   0.763780027905
 0.82200000   0.764342204934
 0.82300000   0.764906529545
 0.82400000   0.765473002950
 0.82500000   0.766041626366
 0.82600000   0.766612401016
 0.82700000   0.767185328129
 0.82800000   0.767760408939
 0.82900000   0.768337644683
 0.83000000   0.768917036607
 0.83100000   0.769498585960
 0.83200000   0.770082293997
 0.83300000   0.770668161979
 0.83400000   0.771256191170
 0.83500000   0.771846382844
 0.83600000   0.772438738275
 0.83700000   0.773033258747
 0.83800000   0.773629945546
 0.83900000   0.774228799966
 0.84000000   0.774829823306
 0.84100000   0.775433016868
 0.84200000   0.776038381964
 0.84300000   0.776645919907
 0.84400000   0.777255632018
 0.84500000   0.777867519623
 0.84600000   0.778481584054
 0.84700000   0.779097826648
 0.84800000   0.779716248748
 0.84900000   0.780336851701
 0.85000000   0.780959636862
 0.85100000   0.781584605590
 0.85200000   0.782211759250
 0.85300000   0.782841099214
 0.85400000   0.783472626857
 0.85500000   0.784106343561
 0.85600000   0.784742250714
 0.85700000   0.785380349709
 0.85800000   0.786020641946
 0.85900000   0.786663128829
 0.86000000   0.787307811769
 0.86100000   0.787954692182
 0.86200000   0.788603771490
 0.86300000   0.789255051120
 0.86400000   0.789908532506
 0.86500000   0.790564217088
 0.86600000   0.791222106310
 0.86700000   0.791882201624
 0.86800000   0.792544504485
 0.86900000   0.793209016358
 0.87000000   0.793875738709
 0.87100000   0.794544673013
 0.87200000   0.795215820751
 0.87300000   0.795889183409
 0.87400000   0.796564762478
 0.87500000   0.797242559456
 0.87600000   0.797922575847
 0.87700000   0.798604813161
 0.87800000   0.799289272913
 0.87900000   0.799975956626
 0.88000000   0.800664865827
 0.88100000   0.801356002049
 0.88200000   0.802049366833
 0.88300000   0.802744961723
 0.88400000   0.803442788273
 0.88500000   0.804142848039
 0.88600000   0.804845142586
 0.88700000   0.805549673484
 0.88800000   0.806256442308
 0.88900000   0.806965450641
 0.89000000   0.807676700072
 0.89100000   0.808390192195
 0.89200000   0.809105928611
 0.89300000   0.809823910926
 0.89400000   0.810544140754
 0.89500000   0.811266619714
 0.89600000   0.811991349431
 0.89700000   0.812718331538
 0.89800000   0.813447567672
 0.89900000   0.814179059478
 0.90000000   0.814912808606
 0.90100000   0.815648816713
 0.90200000   0.816387085463
 0.90300000   0.817127616525
 0.90400000   0.817870411575
 0.90500000   0.818615472295
 0.90600000   0.819362800374
 0.90700000   0.820112397508
 0.90800000   0.820864265397
 0.90900000   0.821618405749
 0.91000000   0.822374820279
 0.91100000   0.823133510708
 0.91200000   0.823894478764
 0.91300000   0.824657726179
 0.91400000   0.825423254695
 0.91500000   0.826191066058
 0.91600000   0.826961162022
 0.91700000   0.827733544346
 0.91800000   0.828508214799
 0.91900000   0.829285175151
 0.92000000   0.830064427185
 0.92100000   0.830845972685
 0.92200000   0.831629813446
 0.92300000   0.832415951267
 0.92400000   0.833204387954
 0.92500000   0.833995125321
 0.92600000   0.834788165188
 0.92700000   0.835583509381
 0.92800000   0.836381159734
 0.92900000   0.837181118087
 0.93000000   0.837983386288
 0.93100000   0.838787966189
 0.93200000   0.839594859652
 0.93300000   0.840404068545
 0.93400000   0.841215594741
 0.93500000   0.842029440122
 0.93600000   0.842845606577
 0.93700000   0.843664095999
 0.93800000   0.844484910293
 0.93900000   0.845308051366
 0.94000000   0.846133521134
 0.94100000   0.846961321522
 0.94200000   0.847791454458
 0.94300000   0.848623921880
 0.94400000   0.849458725732
 0.94500000   0.850295867965
 0.94600000   0.851135350539
 0.94700000   0.851977175417
 0.94800000   0.852821344574
 0.94900000   0.853667859988
 0.95000000   0.854516723647
 0.95100000   0.855367937545
 0.95200000   0.856221503683
 0.95300000   0.857077424070
 0.95400000   0.857935700722
 0.95500000   0.858796335662
 0.95600000   0.859659330921
 0.95700000   0.860524688536
 0.95800000   0.861392410552
 0.95900000   0.862262499023
 0.96000000   0.863134956007
 0.96100000   0.864009783573
 0.96200000   0.864886983795
 0.96300000   0.865766558756
 0.96400000   0.866648510544
 0.96500000   0.867532841258
 0.96600000   0.868419553001
 0.96700000   0.869308647887
 0.96800000   0.870200128034
 0.96900000   0.871093995570
 0.97000000   0.871990252631
 0.97100000   0.872888901359
 0.97200000   0.873789943903
 0.97300000   0.874693382423
 0.97400000   0.875599219083
 0.97500000   0.876507456056
 0.97600000   0.877418095525
 0.97700000   0.878331139677
 0.97800000   0.879246590710
 0.97900000   0.880164450827
 0.98000000   0.881084722241
 0.98100000   0.882007407172
 0.98200000   0.882932507848
 0.98300000   0.883860026505
 0.98400000   0.884789965386
 0.98500000   0.885722326743
 0.98600000   0.886657112836
 0.98700000   0.887594325933
 0.98800000   0.888533968309
 0.98900000   0.889476042248
 0.99000000   0.890420550042
 0.99100000   0.891367493990
 0.99200000   0.892316876401
 0.99300000   0.893268699591
 0.99400000   0.894222965883
 0.99500000   0.895179677612
 0.99600000   0.896138837116
 0.99700000   0.897100446746
 0.99800000   0.898064508858
 0.99900000   0.899031025818
 1.00000000   0.900000000000


# Solution for b = 1.00
 0.00000000   1.000000000000
 0.00100000   0.998865112138
 0.00200000   0.997732939476
 0.00300000   0.996603478940
 0.00400000   0.995476727471
 0.00500000   0.994352682016
 0.00600000   0.993231339537
 0.00700000   0.992112697003
 0.00800000   0.990996751396
 0.00900000   0.989883499708
 0.01000000   0.988772938943
 0.01100000   0.987665066112
 0.01200000   0.986559878240
 0.01300000   0.985457372361
 0.01400000   0.984357545520
 0.01500000   0.983260394772
 0.01600000   0.982165917183
 0.01700000   0.981074109828
 0.01800000   0.979984969793
 0.01900000   0.978898494175
 0.02000000   0.977814680081
 0.02100000   0.976733524628
 0.02200000   0.975655024943
 0.02300000   0.974579178163
 0.02400000   0.973505981436
 0.02500000   0.972435431919
 0.02600000   0.971367526779
 0.02700000   0.970302263195
 0.02800000   0.969239638353
 0.02900000   0.968179649452
 0.03000000   0.967122293698
 0.03100000   0.966067568309
 0.03200000   0.965015470513
 0.03300000   0.963965997545
 0.03400000   0.962919146653
 0.03500000   0.961874915094
 0.03600000   0.960833300133
 0.03700000   0.959794299047
 0.03800000   0.958757909121
 0.03900000   0.957724127650
 0.04000000   0.956692951939
 0.04100000   0.955664379303
 0.04200000   0.954638407066
 0.04300000   0.953615032560
 0.04400000   0.952594253129
 0.04500000   0.951576066125
 0.04600000   0.950560468910
 0.04700000   0.949547458855
 0.04800000   0.948537033341
 0.04900000   0.947529189757
 0.05000000   0.946523925502
 0.05100000   0.945521237986
 0.05200000   0.944521124625
 0.05300000   0.943523582846
 0.05400000   0.942528610086
 0.05500000   0.941536203789
 0.05600000   0.940546361410
 0.05700000   0.939559080413
 0.05800000   0.938574358269
 0.05900000   0.937592192460
 0.06000000   0.936612580477
 0.06100000   0.935635519819
 0.06200000   0.934661007995
 0.06300000   0.933689042521
 0.06400000   0.932719620924
 0.06500000   0.931752740740
 0.06600000   0.930788399512
 0.06700000   0.929826594793
 0.06800000   0.928867324144
 0.06900000   0.927910585136
 0.07000000   0.926956375347
 0.07100000   0.926004692367
 0.07200000   0.925055533790
 0.07300000   0.924108897222
 0.07400000   0.923164780277
 0.07500000   0.922223180577
 0.07600000   0.921284095753
 0.07700000   0.920347523444
 0.07800000   0.919413461299
 0.07900000   0.918481906973
 0.08000000   0.917552858132
 0.08100000   0.916626312449
 0.08200000   0.915702267606
 0.08300000   0.914780721292
 0.08400000   0.913861671208
 0.08500000   0.912945115058
 0.08600000   0.912031050559
 0.08700000   0.911119475435
 0.08800000   0.910210387416
 0.08900000   0.909303784243
 0.09000000   0.908399663665
 0.09100000   0.907498023437
 0.09200000   0.906598861324
 0.09300000   0.905702175100
 0.09400000   0.904807962544
 0.09500000   0.903916221446
 0.09600000   0.903026949604
 0.09700000   0.902140144821
 0.09800000   0.901255804912
 0.09900000   0.900373927697
 0.10000000   0.899494511006
 0.10100000   0.898617552676
 0.10200000   0.897743050551
 0.10300000   0.896871002485
 0.10400000   0.896001406340
 0.10500000   0.895134259982
 0.10600000   0.894269561290
 0.10700000   0.893407308147
 0.10800000   0.892547498445
 0.10900000   0.891690130086
 0.11000000   0.890835200976
 0.11100000   0.889982709031
 0.11200000   0.889132652174
 0.11300000   0.888285028336
 0.11400000   0.887439835456
 0.11500000   0.886597071479
 0.11600000   0.885756734361
 0.11700000   0.884918822062
 0.11800000   0.884083332551
 0.11900000   0.883250263805
 0.12000000   0.882419613808
 0.12100000   0.881591380552
 0.12200000   0.880765562036
 0.12300000   0.879942156267
 0.12400000   0.879121161259
 0.12500000   0.878302575033
 0.12600000   0.877486395619
 0.12700000   0.876672621053
 0.12800000   0.875861249378
 0.12900000   0.875052278646
 0.13000000   0.874245706915
 0.13100000   0.873441532252
 0.13200000   0.872639752729
 0.13300000   0.871840366426
 0.13400000   0.871043371432
 0.13500000   0.870248765841
 0.13600000   0.869456547755
 0.13700000   0.868666715284
 0.13800000   0.867879266544
 0.13900000   0.867094199658
 0.14000000   0.866311512759
 0.14100000   0.865531203983
 0.14200000   0.864753271475
 0.14300000   0.863977713389
 0.14400000   0.863204527882
 0.14500000   0.862433713122
 0.14600000   0.861665267281
 0.14700000   0.860899188540
 0.14800000   0.860135475086
 0.14900000   0.859374125113
 0.15000000   0.858615136824
 0.15100000   0.857858508425
 0.15200000   0.857104238132
 0.15300000   0.856352324167
 0.15400000   0.855602764759
 0.15500000   0.854855558144
 0.15600000   0.854110702564
 0.15700000   0.853368196269
 0.15800000   0.852628037515
 0.15900000   0.851890224565
 0.16000000   0.851154755690
 0.16100000   0.850421629165
 0.16200000   0.849690843274
 0.16300000   0.848962396307
 0.16400000   0.848236286561
 0.16500000   0.847512512340
 0.16600000   0.846791071954
 0.16700000   0.846071963719
 0.16800000   0.845355185960
 0.16900000   0.844640737006
 0.17000000   0.843928615194
 0.17100000   0.843218818867
 0.17200000   0.842511346377
 0.17300000   0.841806196078
 0.17400000   0.841103366334
 0.17500000   0.840402855515
 0.17600000   0.839704661997
 0.17700000   0.839008784162
 0.17800000   0.838315220400
 0.17900000   0.837623969107
 0.18000000   0.836935028683
 0.18100000   0.836248397539
 0.18200000   0.835564074088
 0.18300000   0.834882056752
 0.18400000   0.834202343958
 0.18500000   0.833524934142
 0.18600000   0.832849825743
 0.18700000   0.832177017208
 0.18800000   0.831506506991
 0.18900000   0.830838293550
 0.19000000   0.830172375352
 0.19100000   0.829508750868
 0.19200000   0.828847418578
 0.19300000   0.828188376964
 0.19400000   0.827531624520
 0.19500000   0.826877159741
 0.19600000   0.826224981130
 0.19700000   0.825575087198
 0.19800000   0.824927476460
 0.19900000   0.824282147437
 0.20000000   0.823639098658
 0.20100000   0.822998328658
 0.20200000   0.822359835975
 0.20300000   0.821723619157
 0.20400000   0.821089676757
 0.20500000   0.820458007332
 0.20600000   0.819828609448
 0.20700000   0.819201481675
 0.20800000   0.818576622590
 0.20900000   0.817954030776
 0.21000000   0.817333704821
 0.21100000   0.816715643321
 0.21200000   0.816099844877
 0.21300000   0.815486308095
 0.21400000   0.814875031588
 0.21500000   0.814266013974
 0.21600000   0.813659253880
 0.21700000   0.813054749934
 0.21800000   0.812452500775
 0.21900000   0.811852505043
 0.22000000   0.811254761388
 0.22100000   0.810659268465
 0.22200000   0.810066024931
 0.22300000   0.809475029455
 0.22400000   0.808886280708
 0.22500000   0.808299777367
 0.22600000   0.807715518115
 0.22700000   0.807133501643
 0.22800000   0.806553726645
 0.22900000   0.805976191822
 0.23000000   0.805400895880
 0.23100000   0.804827837532
 0.23200000   0.804257015496
 0.23300000   0.803688428495
 0.23400000   0.803122075260
 0.23500000   0.802557954526
 0.23600000   0.801996065033
 0.23700000   0.801436405528
 0.23800000   0.800878974764
 0.23900000   0.800323771498
 0.24000000   0.799770794494
 0.24100000   0.799220042522
 0.24200000   0.798671514356
 0.24300000   0.798125208776
 0.24400000   0.797581124570
 0.24500000   0.797039260528
 0.24600000   0.796499615448
 0.24700000   0.795962188133
 0.24800000   0.795426977391
 0.24900000   0.794893982036
 0.25000000   0.794363200887
 0.25100000   0.793834632771
 0.25200000   0.793308276517
 0.25300000   0.792784130961
 0.25400000   0.792262194945
 0.25500000   0.791742467317
 0.25600000   0.791224946928
 0.25700000   0.790709632636
 0.25800000   0.790196523305
 0.25900000   0.789685617805
 0.26000000   0.789176915009
 0.26100000   0.788670413796
 0.26200000   0.788166113053
 0.26300000   0.787664011670
 0.26400000   0.787164108543
 0.26500000   0.786666402572
 0.26600000   0.786170892666
 0.26700000   0.785677577735
 0.26800000   0.785186456698
 0.26900000   0.784697528477
 0.27000000   0.784210792001
 0.27100000   0.783726246202
 0.27200000   0.783243890020
 0.27300000   0.782763722398
 0.27400000   0.782285742287
 0.27500000   0.781809948640
 0.27600000   0.781336340418
 0.27700000   0.780864916586
 0.27800000   0.780395676114
 0.27900000   0.779928617978
 0.28000000   0.779463741159
 0.28100000   0.779001044643
 0.28200000   0.778540527422
 0.28300000   0.778082188492
 0.28400000   0.777626026855
 0.28500000   0.777172041518
 0.28600000   0.776720231493
 0.28700000   0.776270595798
 0.28800000   0.775823133456
 0.28900000   0.775377843493
 0.29000000   0.774934724943
 0.29100000   0.774493776845
 0.29200000   0.774054998240
 0.29300000   0.773618388177
 0.29400000   0.773183945710
 0.29500000   0.772751669898
 0.29600000   0.772321559803
 0.29700000   0.771893614495
 0.29800000   0.771467833047
 0.29900000   0.771044214538
 0.30000000   0.770622758052
 0.30100000   0.770203462679
 0.30200000   0.769786327511
 0.30300000   0.769371351649
 0.30400000   0.768958534196
 0.30500000   0.768547874262
 0.30600000   0.768139370960
 0.30700000   0.767733023411
 0.30800000   0.767328830737
 0.30900000   0.766926792069
 0.31000000   0.766526906540
 0.31100000   0.766129173289
 0.31200000   0.765733591462
 0.31300000   0.765340160206
 0.31400000   0.764948878676
 0.31500000   0.764559746032
 0.31600000   0.764172761436
 0.31700000   0.763787924057
 0.31800000   0.763405233071
 0.31900000   0.763024687655
 0.32000000   0.762646286992
 0.32100000   0.762270030273
 0.32200000   0.761895916689
 0.32300000   0.761523945440
 0.32400000   0.761154115729
 0.32500000   0.760786426764
 0.32600000   0.760420877757
 0.32700000   0.760057467928
 0.32800000   0.759696196497
 0.32900000   0.759337062694
 0.33000000   0.758980065751
 0.33100000   0.758625204904
 0.33200000   0.758272479396
 0.33300000   0.757921888474
 0.33400000   0.757573431390
 0.33500000   0.757227107400
 0.33600000   0.756882915766
 0.33700000   0.756540855753
 0.33800000   0.756200926633
 0.33900000   0.755863127682
 0.34000000   0.755527458180
 0.34100000   0.755193917412
 0.34200000   0.754862504669
 0.34300000   0.754533219246
 0.34400000   0.754206060441
 0.34500000   0.753881027560
 0.34600000   0.753558119911
 0.34700000   0.753237336809
 0.34800000   0.752918677571
 0.34900000   0.752602141522
 0.35000000   0.752287727989
 0.35100000   0.751975436305
 0.35200000   0.751665265808
 0.35300000   0.751357215840
 0.35400000   0.751051285747
 0.35500000   0.750747474881
 0.35600000   0.750445782598
 0.35700000   0.750146208260
 0.35800000   0.749848751232
 0.35900000   0.749553410884
 0.36000000   0.749260186592
 0.36100000   0.748969077734
 0.36200000   0.748680083695
 0.36300000   0.748393203864
 0.36400000   0.748108437635
 0.36500000   0.747825784405
 0.36600000   0.747545243579
 0.36700000   0.747266814562
 0.36800000   0.746990496767
 0.36900000   0.746716289611
 0.37000000   0.746444192515
 0.37100000   0.746174204906
 0.37200000   0.745906326213
 0.37300000   0.745640555872
 0.37400000   0.745376893322
 0.37500000   0.745115338009
 0.37600000   0.744855889380
 0.37700000   0.744598546889
 0.37800000   0.744343309995
 0.37900000   0.744090178159
 0.38000000   0.743839150850
 0.38100000   0.743590227539
 0.38200000   0.743343407702
 0.38300000   0.743098690821
 0.38400000   0.742856076380
 0.38500000   0.742615563869
 0.38600000   0.742377152784
 0.38700000   0.742140842623
 0.38800000   0.741906632890
 0.38900000   0.741674523092
 0.39000000   0.741444512743
 0.39100000   0.741216601360
 0.39200000   0.740990788464
 0.39300000   0.740767073582
 0.39400000   0.740545456244
 0.39500000   0.740325935985
 0.39600000   0.740108512346
 0.39700000   0.739893184870
 0.39800000   0.739679953105
 0.39900000   0.739468816607
 0.40000000   0.739259774930
 0.40100000   0.739052827639
 0.40200000   0.738847974300
 0.40300000   0.738645214483
 0.40400000   0.738444547765
 0.40500000   0.738245973724
 0.40600000   0.738049491947
 0.40700000   0.737855102021
 0.40800000   0.737662803541
 0.40900000   0.737472596103
 0.41000000   0.737284479311
 0.41100000   0.737098452771
 0.41200000   0.736914516094
 0.41300000   0.736732668896
 0.41400000   0.736552910796
 0.41500000   0.736375241421
 0.41600000   0.736199660397
 0.41700000   0.736026167360
 0.41800000   0.735854761946
 0.41900000   0.735685443797
 0.42000000   0.735518212561
 0.42100000   0.735353067889
 0.42200000   0.735190009435
 0.42300000   0.735029036859
 0.42400000   0.734870149827
 0.42500000   0.734713348006
 0.42600000   0.734558631070
 0.42700000   0.734405998696
 0.42800000   0.734255450566
 0.42900000   0.734106986366
 0.43000000   0.733960605787
 0.43100000   0.733816308524
 0.43200000   0.733674094276
 0.43300000   0.733533962747
 0.43400000   0.733395913646
 0.43500000   0.733259946684
 0.43600000   0.733126061578
 0.43700000   0.732994258051
 0.43800000   0.732864535827
 0.43900000   0.732736894637
 0.44000000   0.732611334215
 0.44100000   0.732487854300
 0.44200000   0.732366454635
 0.44300000   0.732247134967
 0.44400000   0.732129895048
 0.44500000   0.732014734634
 0.44600000   0.731901653487
 0.44700000   0.731790651370
 0.44800000   0.731681728054
 0.44900000   0.731574883310
 0.45000000   0.731470116919
 0.45100000   0.731367428661
 0.45200000   0.731266818324
 0.45300000   0.731168285698
 0.45400000   0.731071830579
 0.45500000   0.730977452766
 0.45600000   0.730885152064
 0.45700000   0.730794928280
 0.45800000   0.730706781227
 0.45900000   0.730620710722
 0.46000000   0.730536716587
 0.46100000   0.730454798646
 0.46200000   0.730374956731
 0.46300000   0.730297190674
 0.46400000   0.730221500316
 0.46500000   0.730147885498
 0.46600000   0.730076346068
 0.46700000   0.730006881877
 0.46800000   0.729939492782
 0.46900000   0.729874178642
 0.47000000   0.729810939322
 0.47100000   0.729749774691
 0.47200000   0.729690684621
 0.47300000   0.729633668991
 0.47400000   0.729578727681
 0.47500000   0.729525860579
 0.47600000   0.729475067574
 0.47700000   0.729426348560
 0.47800000   0.729379703438
 0.47900000   0.729335132110
 0.48000000   0.729292634484
 0.48100000   0.729252210471
 0.48200000   0.729213859989
 0.48300000   0.729177582956
 0.48400000   0.729143379299
 0.48500000   0.729111248945
 0.48600000   0.729081191830
 0.48700000   0.729053207889
 0.48800000   0.729027297066
 0.48900000   0.729003459306
 0.49000000   0.728981694561
 0.49100000   0.728962002784
 0.49200000   0.728944383936
 0.49300000   0.728928837979
 0.49400000   0.728915364881
 0.49500000   0.728903964615
 0.49600000   0.728894637157
 0.49700000   0.728887382488
 0.49800000   0.728882200592
 0.49900000   0.728879091458
 0.50000000   0.728878055081
 0.50100000   0.728879091458
 0.50200000   0.728882200592
 0.50300000   0.728887382488
 0.50400000   0.728894637157
 0.50500000   0.728903964615
 0.50600000   0.728915364881
 0.50700000   0.728928837979
 0.50800000   0.728944383936
 0.50900000   0.728962002784
 0.51000000   0.728981694561
 0.51100000   0.729003459306
 0.51200000   0.729027297066
 0.51300000   0.729053207889
 0.51400000   0.729081191830
 0.51500000   0.729111248945
 0.51600000   0.729143379299
 0.51700000   0.729177582956
 0.51800000   0.729213859989
 0.51900000   0.729252210471
 0.52000000   0.729292634484
 0.52100000   0.729335132110
 0.52200000   0.729379703438
 0.52300000   0.729426348560
 0.52400000   0.729475067574
 0.52500000   0.729525860579
 0.52600000   0.729578727681
 0.52700000   0.729633668991
 0.52800000   0.729690684621
 0.52900000   0.729749774691
 0.53000000   0.729810939322
 0.53100000   0.729874178642
 0.53200000   0.729939492782
 0.53300000   0.730006881877
 0.53400000   0.730076346068
 0.53500000   0.730147885498
 0.53600000   0.730221500316
 0.53700000   0.730297190674
 0.53800000   0.730374956731
 0.53900000   0.730454798646
 0.54000000   0.730536716587
 0.54100000   0.730620710722
 0.54200000   0.730706781227
 0.54300000   0.730794928280
 0.54400000   0.730885152064
 0.54500000   0.730977452766
 0.54600000   0.731071830579
 0.54700000   0.731168285698
 0.54800000   0.731266818324
 0.54900000   0.731367428661
 0.55000000   0.731470116919
 0.55100000   0.731574883310
 0.55200000   0.731681728054
 0.55300000   0.731790651370
 0.55400000   0.731901653487
 0.55500000   0.732014734634
 0.55600000   0.732129895048
 0.55700000   0.732247134967
 0.55800000   0.732366454635
 0.55900000   0.732487854300
 0.56000000   0.732611334215
 0.56100000   0.732736894637
 0.56200000   0.732864535827
 0.56300000   0.732994258051
 0.56400000   0.733126061578
 0.56500000   0.733259946684
 0.56600000   0.733395913646
 0.56700000   0.733533962747
 0.56800000   0.733674094276
 0.56900000   0.733816308524
 0.57000000   0.733960605787
 0.57100000   0.734106986366
 0.57200000   0.734255450566
 0.57300000   0.734405998696
 0.57400000   0.734558631070
 0.57500000   0.734713348006
 0.57600000   0.734870149827
 0.57700000   0.735029036859
 0.57800000   0.735190009435
 0.57900000   0.735353067889
 0.58000000   0.735518212561
 0.58100000   0.735685443797
 0.58200000   0.735854761946
 0.58300000   0.736026167360
 0.58400000   0.736199660397
 0.58500000   0.736375241421
 0.58600000   0.736552910796
 0.58700000   0.736732668896
 0.58800000   0.736914516094
 0.58900000   0.737098452771
 0.59000000   0.737284479311
 0.59100000   0.737472596103
 0.59200000   0.737662803541
 0.59300000   0.737855102021
 0.59400000   0.738049491947
 0.59500000   0.738245973724
 0.59600000   0.738444547765
 0.59700000   0.738645214483
 0.59800000   0.738847974300
 0.59900000   0.739052827639
 0.60000000   0.739259774930
 0.60100000   0.739468816607
 0.60200000   0.739679953105
 0.60300000   0.739893184870
 0.60400000   0.740108512346
 0.60500000   0.740325935985
 0.60600000   0.740545456244
 0.60700000   0.740767073582
 0.60800000   0.740990788464
 0.60900000   0.741216601360
 0.61000000   0.741444512743
 0.61100000   0.741674523092
 0.61200000   0.741906632890
 0.61300000   0.742140842623
 0.61400000   0.742377152784
 0.61500000   0.742615563869
 0.61600000   0.742856076380
 0.61700000   0.743098690821
 0.61800000   0.743343407702
 0.61900000   0.743590227539
 0.62000000   0.743839150850
 0.62100000   0.744090178159
 0.62200000   0.744343309995
 0.62300000   0.744598546889
 0.62400000   0.744855889380
 0.62500000   0.745115338009
 0.62600000   0.745376893322
 0.62700000   0.745640555872
 0.62800000   0.745906326213
 0.62900000   0.746174204906
 0.63000000   0.746444192515
 0.63100000   0.746716289611
 0.63200000   0.746990496767
 0.63300000   0.747266814562
 0.63400000   0.747545243579
 0.63500000   0.747825784405
 0.63600000   0.748108437635
 0.63700000   0.748393203864
 0.63800000   0.748680083695
 0.63900000   0.748969077734
 0.64000000   0.749260186592
 0.64100000   0.749553410884
 0.64200000   0.749848751232
 0.64300000   0.750146208260
 0.64400000   0.750445782598
 0.64500000   0.750747474881
 0.64600000   0.751051285747
 0.64700000   0.751357215840
 0.64800000   0.751665265808
 0.64900000   0.751975436305
 0.65000000   0.752287727989
 0.65100000   0.752602141522
 0.65200000   0.752918677571
 0.65300000   0.753237336809
 0.65400000   0.753558119911
 0.65500000   0.753881027560
 0.65600000   0.754206060441
 0.65700000   0.754533219246
 0.65800000   0.754862504669
 0.65900000   0.755193917412
 0.66000000   0.755527458180
 0.66100000   0.755863127682
 0.66200000   0.756200926633
 0.66300000   0.756540855753
 0.66400000   0.756882915766
 0.66500000   0.757227107400
 0.66600000   0.757573431390
 0.66700000   0.757921888474
 0.66800000   0.758272479396
 0.66900000   0.758625204904
 0.67000000   0.758980065751
 0.67100000   0.759337062694
 0.67200000   0.759696196497
 0.67300000   0.760057467928
 0.67400000   0.760420877757
 0.67500000   0.760786426764
 0.67600000   0.761154115729
 0.67700000   0.761523945440
 0.67800000   0.761895916689
 0.67900000   0.762270030273
 0.68000000   0.762646286992
 0.68100000   0.763024687655
 0.68200000   0.763405233071
 0.68300000   0.763787924057
 0.68400000   0.764172761436
 0.68500000   0.764559746032
 0.68600000   0.764948878676
 0.68700000   0.765340160206
 0.68800000   0.765733591462
 0.68900000   0.766129173289
 0.69000000   0.766526906540
 0.69100000   0.766926792069
 0.69200000   0.767328830737
 0.69300000   0.767733023411
 0.69400000   0.768139370960
 0.69500000   0.768547874262
 0.69600000   0.768958534196
 0.69700000   0.769371351649
 0.69800000   0.769786327511
 0.69900000   0.770203462679
 0.70000000   0.770622758052
 0.70100000   0.771044214538
 0.70200000   0.771467833047
 0.70300000   0.771893614495
 0.70400000   0.772321559803
 0.70500000   0.772751669898
 0.70600000   0.773183945710
 0.70700000   0.773618388177
 0.70800000   0.774054998240
 0.70900000   0.774493776845
 0.71000000   0.774934724943
 0.71100000   0.775377843493
 0.71200000   0.775823133456
 0.71300000   0.776270595798
 0.71400000   0.776720231493
 0.71500000   0.777172041518
 0.71600000   0.777626026855
 0.71700000   0.778082188492
 0.71800000   0.778540527422
 0.71900000   0.779001044643
 0.72000000   0.779463741159
 0.72100000   0.779928617978
 0.72200000   0.780395676114
 0.72300000   0.780864916586
 0.72400000   0.781336340418
 0.72500000   0.781809948640
 0.72600000   0.782285742287
 0.72700000   0.782763722398
 0.72800000   0.783243890020
 0.72900000   0.783726246202
 0.73000000   0.784210792001
 0.73100000   0.784697528477
 0.73200000   0.785186456698
 0.73300000   0.785677577735
 0.73400000   0.786170892666
 0.73500000   0.786666402572
 0.73600000   0.787164108543
 0.73700000   0.787664011670
 0.73800000   0.788166113053
 0.73900000   0.788670413796
 0.74000000   0.789176915009
 0.74100000   0.789685617805
 0.74200000   0.790196523305
 0.74300000   0.790709632636
 0.74400000   0.791224946928
 0.74500000   0.791742467317
 0.74600000   0.792262194945
 0.74700000   0.792784130961
 0.74800000   0.793308276517
 0.74900000   0.793834632771
 0.75000000   0.794363200887
 0.75100000   0.794893982036
 0.75200000   0.795426977391
 0.75300000   0.795962188133
 0.75400000   0.796499615448
 0.75500000   0.797039260528
 0.75600000   0.797581124570
 0.75700000   0.798125208776
 0.75800000   0.798671514356
 0.75900000   0.799220042522
 0.76000000   0.799770794494
 0.76100000   0.800323771498
 0.76200000   0.800878974764
 0.76300000   0.801436405528
 0.76400000   0.801996065033
 0.76500000   0.802557954526
 0.76600000   0.803122075260
 0.76700000   0.803688428495
 0.76800000   0.804257015496
 0.76900000   0.804827837532
 0.77000000   0.805400895880
 0.77100000   0.805976191822
 0.77200000   0.806553726645
 0.77300000   0.807133501643
 0.77400000   0.807715518115
 0.77500000   0.808299777367
 0.77600000   0.808886280708
 0.77700000   0.809475029455
 0.77800000   0.810066024931
 0.77900000   0.810659268465
 0.78000000   0.811254761388
 0.78100000   0.811852505043
 0.78200000   0.812452500775
 0.78300000   0.813054749934
 0.78400000   0.813659253880
 0.78500000   0.814266013974
 0.78600000   0.814875031588
 0.78700000   0.815486308095
 0.78800000   0.816099844877
 0.78900000   0.816715643321
 0.79000000   0.817333704821
 0.79100000   0.817954030776
 0.79200000   0.818576622590
 0.79300000   0.819201481675
 0.79400000   0.819828609448
 0.79500000   0.820458007332
 0.79600000   0.821089676757
 0.79700000   0.821723619157
 0.79800000   0.822359835975
 0.79900000   0.822998328658
 0.80000000   0.823639098658
 0.80100000   0.824282147437
 0.80200000   0.824927476460
 0.80300000   0.825575087198
 0.80400000   0.826224981130
 0.80500000   0.826877159741
 0.80600000   0.827531624520
 0.80700000   0.828188376964
 0.80800000   0.828847418578
 0.80900000   0.829508750868
 0.81000000   0.830172375352
 0.81100000   0.830838293550
 0.81200000   0.831506506991
 0.81300000   0.832177017208
 0.81400000   0.832849825743
 0.81500000   0.833524934142
 0.81600000   0.834202343958
 0.81700000   0.834882056752
 0.81800000   0.835564074088
 0.81900000   0.836248397539
 0.82000000   0.836935028683
 0.82100000   0.837623969107
 0.82200000   0.838315220400
 0.82300000   0.839008784162
 0.82400000   0.839704661997
 0.82500000   0.840402855515
 0.82600000   0.841103366334
 0.82700000   0.841806196078
 0.82800000   0.842511346377
 0.82900000   0.843218818867
 0.83000000   0.843928615194
 0.83100000   0.844640737006
 0.83200000   0.845355185960
 0.83300000   0.846071963719
 0.83400000   0.846791071954
 0.83500000   0.847512512340
 0.83600000   0.848236286561
 0.83700000   0.848962396307
 0.83800000   0.849690843274
 0.83900000   0.850421629165
 0.84000000   0.851154755690
 0.84100000   0.851890224565
 0.84200000   0.852628037515
 0.84300000   0.853368196269
 0.84400000   0.854110702564
 0.84500000   0.854855558144
 0.84600000   0.855602764759
 0.84700000   0.856352324167
 0.84800000   0.857104238132
 0.84900000   0.857858508425
 0.85000000   0.858615136824
 0.85100000   0.859374125113
 0.85200000   0.860135475086
 0.85300000   0.860899188540
 0.85400000   0.861665267281
 0.85500000   0.862433713122
 0.85600000   0.863204527882
 0.85700000   0.863977713389
 0.85800000   0.864753271475
 0.85900000   0.865531203983
 0.86000000   0.866311512759
 0.86100000   0.867094199658
 0.86200000   0.867879266544
 0.86300000   0.868666715284
 0.86400000   0.869456547755
 0.86500000   0.870248765841
 0.86600000   0.871043371432
 0.86700000   0.871840366426
 0.86800000   0.872639752729
 0.86900000   0.873441532252
 0.87000000   0.874245706915
 0.87100000   0.875052278646
 0.87200000   0.875861249378
 0.87300000   0.876672621053
 0.87400000   0.877486395619
 0.87500000   0.878302575033
 0.87600000   0.879121161259
 0.87700000   0.879942156267
 0.87800000   0.880765562036
 0.87900000   0.881591380552
 0.88000000   0.882419613808
 0.88100000   0.883250263805
 0.88200000   0.884083332551
 0.88300000   0.884918822062
 0.88400000   0.885756734361
 0.88500000   0.886597071479
 0.88600000   0.887439835456
 0.88700000   0.888285028336
 0.88800000   0.889132652174
 0.88900000   0.889982709031
 0.89000000   0.890835200976
 0.89100000   0.891690130086
 0.89200000   0.892547498445
 0.89300000   0.893407308147
 0.89400000   0.894269561290
 0.89500000   0.895134259982
 0.89600000   0.896001406340
 0.89700000   0.896871002485
 0.89800000   0.897743050551
 0.89900000   0.898617552676
 0.90000000   0.899494511006
 0.90100000   0.900373927697
 0.90200000   0.901255804912
 0.90300000   0.902140144821
 0.90400000   0.903026949604
 0.90500000   0.903916221446
 0.90600000   0.904807962544
 0.90700000   0.905702175100
 0.90800000   0.906598861324
 0.90900000   0.907498023437
 0.91000000   0.908399663665
 0.91100000   0.909303784243
 0.91200000   0.910210387416
 0.91300000   0.911119475435
 0.91400000   0.912031050559
 0.91500000   0.912945115058
 0.91600000   0.913861671208
 0.91700000   0.914780721292
 0.91800000   0.915702267606
 0.91900000   0.916626312449
 0.92000000   0.917552858132
 0.92100000   0.918481906973
 0.92200000   0.919413461299
 0.92300000   0.920347523444
 0.92400000   0.921284095753
 0.92500000   0.922223180577
 0.92600000   0.923164780277
 0.92700000   0.924108897222
 0.92800000   0.925055533790
 0.92900000   0.926004692367
 0.93000000   0.926956375347
 0.93100000   0.927910585136
 0.93200000   0.928867324144
 0.93300000   0.929826594793
 0.93400000   0.930788399512
 0.93500000   0.931752740740
 0.93600000   0.932719620924
 0.93700000   0.933689042521
 0.93800000   0.934661007995
 0.93900000   0.935635519819
 0.94000000   0.936612580477
 0.94100000   0.937592192460
 0.94200000   0.938574358269
 0.94300000   0.939559080413
 0.94400000   0.940546361410
 0.94500000   0.941536203789
 0.94600000   0.942528610086
 0.94700000   0.943523582846
 0.94800000   0.944521124625
 0.94900000   0.945521237986
 0.95000000   0.946523925502
 0.95100000   0.947529189757
 0.95200000   0.948537033341
 0.95300000   0.949547458855
 0.95400000   0.950560468910
 0.95500000   0.951576066125
 0.95600000   0.952594253129
 0.95700000   0.953615032560
 0.95800000   0.954638407066
 0.95900000   0.955664379303
 0.96000000   0.956692951939
 0.96100000   0.957724127650
 0.96200000   0.958757909121
 0.96300000   0.959794299047
 0.96400000   0.960833300133
 0.96500000   0.961874915094
 0.96600000   0.962919146653
 0.96700000   0.963965997545
 0.96800000   0.965015470513
 0.96900000   0.966067568309
 0.97000000   0.967122293698
 0.97100000   0.968179649452
 0.97200000   0.969239638353
 0.97300000   0.970302263195
 0.97400000   0.971367526779
 0.97500000   0.972435431919
 0.97600000   0.973505981436
 0.97700000   0.974579178163
 0.97800000   0.975655024943
 0.97900000   0.976733524628
 0.98000000   0.977814680081
 0.98100000   0.978898494175
 0.98200000   0.979984969793
 0.98300000   0.981074109828
 0.98400000   0.982165917183
 0.98500000   0.983260394772
 0.98600000   0.984357545520
 0.98700000   0.985457372361
 0.98800000   0.986559878240
 0.98900000   0.987665066112
 0.99000000   0.988772938943
 0.99100000   0.989883499708
 0.99200000   0.990996751396
 0.99300000   0.992112697003
 0.99400000   0.993231339537
 0.99500000   0.994352682016
 0.99600000   0.995476727471
 0.99700000   0.996603478940
 0.99800000   0.997732939476
 0.99900000   0.998865112138
 1.00000000   1.000000000000


